event_id,event_type,release_date,release_time,timezone,window_name,start_offset_seconds,end_offset_seconds,symbols,priority,source,source_url,effective_date,notes
CPI_2018_01_11_TIGHT,CPI,2018-01-11,08:30:00,America/New_York,TIGHT,-60,10,"MES.v.0,MNQ.v.0,ES.v.0,NQ.v.0,ZN.v.0,ZB.v.0,RTY.v.0",50,BLS,https://www.bls.gov/schedule/news_release/cpi.htm,2018-01-01,CPI from release calendar
CPI_2019_02_13_TIGHT,CPI,2019-02-13,08:30:00,America/New_York,TIGHT,-60,10,"MES.v.0,MNQ.v.0,ES.v.0,NQ.v.0,ZN.v.0,ZB.v.0,RTY.v.0",50,BLS,https://www.bls.gov/schedule/news_release/cpi.htm,2018-01-01,CPI from release calendar
CPI_2020_03_11_TIGHT,CPI,2020-03-11,08:30:00,America/New_York,TIGHT,-60,10,"MES.v.0,MNQ.v.0,ES.v.0,NQ.v.0,ZN.v.0,ZB.v.0,RTY.v.0",50,BLS,https://www.bls.gov/schedule/news_release/cpi.htm,2018-01-01,CPI from release calendar
CPI_2021_04_13_TIGHT,CPI,2021-04-13,08:30:00,America/New_York,TIGHT,-60,10,"MES.v.0,MNQ.v.0,ES.v.0,NQ.v.0,ZN.v.0,ZB.v.0,RTY.v.0",50,BLS,https://www.bls.gov/schedule/news_release/cpi.htm,2018-01-01,CPI from release calendar
CPI_2022_05_11_TIGHT,CPI,2022-05-11,08:30:00,America/New_York,TIGHT,-60,10,"MES.v.0,MNQ.v.0,ES.v.0,NQ.v.0,ZN.v.0,ZB.v.0,RTY.v.0",50,BLS,https://www.bls.gov/schedule/news_release/cpi.htm,2018-01-01,CPI from release calendar
CPI_2023_06_13_TIGHT,CPI,2023-06-13,08:30:00,America/New_York,TIGHT,-60,10,"MES.v.0,MNQ.v.0,ES.v.0,NQ.v.0,ZN.v.0,ZB.v.0,RTY.v.0",50,BLS,https://www.bls.gov/schedule/news_release/cpi.htm,2018-01-01,CPI from release calendar
CPI_2024_09_11_TIGHT,CPI,2024-09-11,08:30:00,America/New_York,TIGHT,-60,10,"MES.v.0,MNQ.v.0,ES.v.0,NQ.v.0,ZN.v.0,ZB.v.0,RTY.v.0",50,BLS,https://www.bls.gov/schedule/news_release/cpi.htm,2018-01-01,CPI from release calendar
CPI_2025_01_15_TIGHT,CPI,2025-01-15,08:30:00,America/New_York,TIGHT,-60,10,"MES.v.0,MNQ.v.0,ES.v.0,NQ.v.0,ZN.v.0,ZB.v.0,RTY.v.0",50,BLS,https://www.bls.gov/schedule/news_release/cpi.htm,2018-01-01,CPI from release calendar
CPI_2025_02_12_TIGHT,CPI,2025-02-12,08:30:00,America/New_York,TIGHT,-60,10,"MES.v.0,MNQ.v.0,ES.v.0,NQ.v.0,ZN.v.0,ZB.v.0,RTY.v.0",50,BLS,https://www.bls.gov/schedule/news_release/cpi.htm,2018-01-01,CPI from release calendar
CPI_2025_03_12_TIGHT,CPI,2025-03-12,08:30:00,America/New_York,TIGHT,-60,10,"MES.v.0,MNQ.v.0,ES.v.0,NQ.v.0,ZN.v.0,ZB.v.0,RTY.v.0",50,BLS,https://www.bls.gov/schedule/news_release/cpi.htm,2018-01-01,CPI from release calendar
CPI_2025_04_10_TIGHT,CPI,2025-04-10,08:30:00,America/New_York,TIGHT,-60,10,"MES.v.0,MNQ.v.0,ES.v.0,NQ.v.0,ZN.v.0,ZB.v.0,RTY.v.0",50,BLS,https://www.bls.gov/schedule/news_release/cpi.htm,2018-01-01,CPI from release calendar
CPI_2025_05_13_TIGHT,CPI,2025-05-13,08:30:00,America/New_York,TIGHT,-60,10,"MES.v.0,MNQ.v.0,ES.v.0,NQ.v.0,ZN.v.0,ZB.v.0,RTY.v.0",50,BLS,https://www.bls.gov/schedule/news_release/cpi.htm,2018-01-01,CPI from release calendar
CPI_2025_06_11_TIGHT,CPI,2025-06-11,08:30:00,America/New_York,TIGHT,-60,10,"MES.v.0,MNQ.v.0,ES.v.0,NQ.v.0,ZN.v.0,ZB.v.0,RTY.v.0",50,BLS,https://www.bls.gov/schedule/news_release/cpi.htm,2018-01-01,CPI from release calendar
CPI_2025_07_11_TIGHT,CPI,2025-07-11,08:30:00,America/New_York,TIGHT,-60,10,"MES.v.0,MNQ.v.0,ES.v.0,NQ.v.0,ZN.v.0,ZB.v.0,RTY.v.0",50,BLS,https://www.bls.gov/schedule/news_release/cpi.htm,2018-01-01,CPI from release calendar
CPI_2025_08_12_TIGHT,CPI,2025-08-12,08:30:00,America/New_York,TIGHT,-60,10,"MES.v.0,MNQ.v.0,ES.v.0,NQ.v.0,ZN.v.0,ZB.v.0,RTY.v.0",50,BLS,https://www.bls.gov/schedule/news_release/cpi.htm,2018-01-01,CPI from release calendar
CPI_2025_09_11_TIGHT,CPI,2025-09-11,08:30:00,America/New_York,TIGHT,-60,10,"MES.v.0,MNQ.v.0,ES.v.0,NQ.v.0,ZN.v.0,ZB.v.0,RTY.v.0",50,BLS,https://www.bls.gov/schedule/news_release/cpi.htm,2018-01-01,CPI from release calendar
CPI_2025_10_15_TIGHT,CPI,2025-10-15,08:30:00,America/New_York,TIGHT,-60,10,"MES.v.0,MNQ.v.0,ES.v.0,NQ.v.0,ZN.v.0,ZB.v.0,RTY.v.0",50,BLS,https://www.bls.gov/schedule/news_release/cpi.htm,2018-01-01,CPI from release calendar
CPI_2025_11_13_TIGHT,CPI,2025-11-13,08:30:00,America/New_York,TIGHT,-60,10,"MES.v.0,MNQ.v.0,ES.v.0,NQ.v.0,ZN.v.0,ZB.v.0,RTY.v.0",50,BLS,https://www.bls.gov/schedule/news_release/cpi.htm,2018-01-01,CPI from release calendar
CPI_2025_12_11_TIGHT,CPI,2025-12-11,08:30:00,America/New_York,TIGHT,-60,10,"MES.v.0,MNQ.v.0,ES.v.0,NQ.v.0,ZN.v.0,ZB.v.0,RTY.v.0",50,BLS,https://www.bls.gov/schedule/news_release/cpi.htm,2018-01-01,CPI from release calendar
FED_BEIGE_BOOK_2018_01_17_TIGHT,FED_BEIGE_BOOK,2018-01-17,14:00:00,America/New_York,TIGHT,-60,10,"MES.v.0,MNQ.v.0,ES.v.0,NQ.v.0,ZN.v.0,ZB.v.0,RTY.v.0",50,Fed,https://www.federalreserve.gov/monetarypolicy/beigebook2018.htm,2018-01-01,FED_BEIGE_BOOK from release calendar
FED_BEIGE_BOOK_2018_03_07_TIGHT,FED_BEIGE_BOOK,2018-03-07,14:00:00,America/New_York,TIGHT,-60,10,"MES.v.0,MNQ.v.0,ES.v.0,NQ.v.0,ZN.v.0,ZB.v.0,RTY.v.0",50,Fed,https://www.federalreserve.gov/monetarypolicy/beigebook2018.htm,2018-01-01,FED_BEIGE_BOOK from release calendar
FED_BEIGE_BOOK_2018_04_18_TIGHT,FED_BEIGE_BOOK,2018-04-18,14:00:00,America/New_York,TIGHT,-60,10,"MES.v.0,MNQ.v.0,ES.v.0,NQ.v.0,ZN.v.0,ZB.v.0,RTY.v.0",50,Fed,https://www.federalreserve.gov/monetarypolicy/beigebook2018.htm,2018-01-01,FED_BEIGE_BOOK from release calendar
FED_BEIGE_BOOK_2018_05_30_TIGHT,FED_BEIGE_BOOK,2018-05-30,14:00:00,America/New_York,TIGHT,-60,10,"MES.v.0,MNQ.v.0,ES.v.0,NQ.v.0,ZN.v.0,ZB.v.0,RTY.v.0",50,Fed,https://www.federalreserve.gov/monetarypolicy/beigebook2018.htm,2018-01-01,FED_BEIGE_BOOK from release calendar
FED_BEIGE_BOOK_2018_07_18_TIGHT,FED_BEIGE_BOOK,2018-07-18,14:00:00,America/New_York,TIGHT,-60,10,"MES.v.0,MNQ.v.0,ES.v.0,NQ.v.0,ZN.v.0,ZB.v.0,RTY.v.0",50,Fed,https://www.federalreserve.gov/monetarypolicy/beigebook2018.htm,2018-01-01,FED_BEIGE_BOOK from release calendar
FED_BEIGE_BOOK_2018_09_12_TIGHT,FED_BEIGE_BOOK,2018-09-12,14:00:00,America/New_York,TIGHT,-60,10,"MES.v.0,MNQ.v.0,ES.v.0,NQ.v.0,ZN.v.0,ZB.v.0,RTY.v.0",50,Fed,https://www.federalreserve.gov/monetarypolicy/beigebook2018.htm,2018-01-01,FED_BEIGE_BOOK from release calendar
FED_BEIGE_BOOK_2018_10_24_TIGHT,FED_BEIGE_BOOK,2018-10-24,14:00:00,America/New_York,TIGHT,-60,10,"MES.v.0,MNQ.v.0,ES.v.0,NQ.v.0,ZN.v.0,ZB.v.0,RTY.v.0",50,Fed,https://www.federalreserve.gov/monetarypolicy/beigebook2018.htm,2018-01-01,FED_BEIGE_BOOK from release calendar
FED_BEIGE_BOOK_2018_12_05_TIGHT,FED_BEIGE_BOOK,2018-12-05,14:00:00,America/New_York,TIGHT,-60,10,"MES.v.0,MNQ.v.0,ES.v.0,NQ.v.0,ZN.v.0,ZB.v.0,RTY.v.0",50,Fed,https://www.federalreserve.gov/monetarypolicy/beigebook2018.htm,2018-01-01,FED_BEIGE_BOOK from release calendar
FED_BEIGE_BOOK_2019_01_16_TIGHT,FED_BEIGE_BOOK,2019-01-16,14:00:00,America/New_York,TIGHT,-60,10,"MES.v.0,MNQ.v.0,ES.v.0,NQ.v.0,ZN.v.0,ZB.v.0,RTY.v.0",50,Fed,https://www.federalreserve.gov/monetarypolicy/beigebook2019.htm,2018-01-01,FED_BEIGE_BOOK from release calendar
FED_BEIGE_BOOK_2019_03_06_TIGHT,FED_BEIGE_BOOK,2019-03-06,14:00:00,America/New_York,TIGHT,-60,10,"MES.v.0,MNQ.v.0,ES.v.0,NQ.v.0,ZN.v.0,ZB.v.0,RTY.v.0",50,Fed,https://www.federalreserve.gov/monetarypolicy/beigebook2019.htm,2018-01-01,FED_BEIGE_BOOK from release calendar
FED_BEIGE_BOOK_2019_04_17_TIGHT,FED_BEIGE_BOOK,2019-04-17,14:00:00,America/New_York,TIGHT,-60,10,"MES.v.0,MNQ.v.0,ES.v.0,NQ.v.0,ZN.v.0,ZB.v.0,RTY.v.0",50,Fed,https://www.federalreserve.gov/monetarypolicy/beigebook2019.htm,2018-01-01,FED_BEIGE_BOOK from release calendar
FED_BEIGE_BOOK_2019_06_05_TIGHT,FED_BEIGE_BOOK,2019-06-05,14:00:00,America/New_York,TIGHT,-60,10,"MES.v.0,MNQ.v.0,ES.v.0,NQ.v.0,ZN.v.0,ZB.v.0,RTY.v.0",50,Fed,https://www.federalreserve.gov/monetarypolicy/beigebook2019.htm,2018-01-01,FED_BEIGE_BOOK from release calendar
FED_BEIGE_BOOK_2019_07_17_TIGHT,FED_BEIGE_BOOK,2019-07-17,14:00:00,America/New_York,TIGHT,-60,10,"MES.v.0,MNQ.v.0,ES.v.0,NQ.v.0,ZN.v.0,ZB.v.0,RTY.v.0",50,Fed,https://www.federalreserve.gov/monetarypolicy/beigebook2019.htm,2018-01-01,FED_BEIGE_BOOK from release calendar
FED_BEIGE_BOOK_2019_09_04_TIGHT,FED_BEIGE_BOOK,2019-09-04,14:00:00,America/New_York,TIGHT,-60,10,"MES.v.0,MNQ.v.0,ES.v.0,NQ.v.0,ZN.v.0,ZB.v.0,RTY.v.0",50,Fed,https://www.federalreserve.gov/monetarypolicy/beigebook2019.htm,2018-01-01,FED_BEIGE_BOOK from release calendar
FED_BEIGE_BOOK_2019_10_16_TIGHT,FED_BEIGE_BOOK,2019-10-16,14:00:00,America/New_York,TIGHT,-60,10,"MES.v.0,MNQ.v.0,ES.v.0,NQ.v.0,ZN.v.0,ZB.v.0,RTY.v.0",50,Fed,https://www.federalreserve.gov/monetarypolicy/beigebook2019.htm,2018-01-01,FED_BEIGE_BOOK from release calendar
FED_BEIGE_BOOK_2019_11_27_TIGHT,FED_BEIGE_BOOK,2019-11-27,14:00:00,America/New_York,TIGHT,-60,10,"MES.v.0,MNQ.v.0,ES.v.0,NQ.v.0,ZN.v.0,ZB.v.0,RTY.v.0",50,Fed,https://www.federalreserve.gov/monetarypolicy/beigebook2019.htm,2018-01-01,FED_BEIGE_BOOK from release calendar
FED_BEIGE_BOOK_2020_01_15_TIGHT,FED_BEIGE_BOOK,2020-01-15,14:00:00,America/New_York,TIGHT,-60,10,"MES.v.0,MNQ.v.0,ES.v.0,NQ.v.0,ZN.v.0,ZB.v.0,RTY.v.0",50,Fed,https://www.federalreserve.gov/monetarypolicy/beigebook2020.htm,2018-01-01,FED_BEIGE_BOOK from release calendar
FED_BEIGE_BOOK_2020_03_04_TIGHT,FED_BEIGE_BOOK,2020-03-04,14:00:00,America/New_York,TIGHT,-60,10,"MES.v.0,MNQ.v.0,ES.v.0,NQ.v.0,ZN.v.0,ZB.v.0,RTY.v.0",50,Fed,https://www.federalreserve.gov/monetarypolicy/beigebook2020.htm,2018-01-01,FED_BEIGE_BOOK from release calendar
FED_BEIGE_BOOK_2020_04_15_TIGHT,FED_BEIGE_BOOK,2020-04-15,14:00:00,America/New_York,TIGHT,-60,10,"MES.v.0,MNQ.v.0,ES.v.0,NQ.v.0,ZN.v.0,ZB.v.0,RTY.v.0",50,Fed,https://www.federalreserve.gov/monetarypolicy/beigebook2020.htm,2018-01-01,FED_BEIGE_BOOK from release calendar
FED_BEIGE_BOOK_2020_05_27_TIGHT,FED_BEIGE_BOOK,2020-05-27,14:00:00,America/New_York,TIGHT,-60,10,"MES.v.0,MNQ.v.0,ES.v.0,NQ.v.0,ZN.v.0,ZB.v.0,RTY.v.0",50,Fed,https://www.federalreserve.gov/monetarypolicy/beigebook2020.htm,2018-01-01,FED_BEIGE_BOOK from release calendar
FED_BEIGE_BOOK_2020_07_15_TIGHT,FED_BEIGE_BOOK,2020-07-15,14:00:00,America/New_York,TIGHT,-60,10,"MES.v.0,MNQ.v.0,ES.v.0,NQ.v.0,ZN.v.0,ZB.v.0,RTY.v.0",50,Fed,https://www.federalreserve.gov/monetarypolicy/beigebook2020.htm,2018-01-01,FED_BEIGE_BOOK from release calendar
FED_BEIGE_BOOK_2020_09_02_TIGHT,FED_BEIGE_BOOK,2020-09-02,14:00:00,America/New_York,TIGHT,-60,10,"MES.v.0,MNQ.v.0,ES.v.0,NQ.v.0,ZN.v.0,ZB.v.0,RTY.v.0",50,Fed,https://www.federalreserve.gov/monetarypolicy/beigebook2020.htm,2018-01-01,FED_BEIGE_BOOK from release calendar
FED_BEIGE_BOOK_2020_10_21_TIGHT,FED_BEIGE_BOOK,2020-10-21,14:00:00,America/New_York,TIGHT,-60,10,"MES.v.0,MNQ.v.0,ES.v.0,NQ.v.0,ZN.v.0,ZB.v.0,RTY.v.0",50,Fed,https://www.federalreserve.gov/monetarypolicy/beigebook2020.htm,2018-01-01,FED_BEIGE_BOOK from release calendar
FED_BEIGE_BOOK_2020_12_02_TIGHT,FED_BEIGE_BOOK,2020-12-02,14:00:00,America/New_York,TIGHT,-60,10,"MES.v.0,MNQ.v.0,ES.v.0,NQ.v.0,ZN.v.0,ZB.v.0,RTY.v.0",50,Fed,https://www.federalreserve.gov/monetarypolicy/beigebook2020.htm,2018-01-01,FED_BEIGE_BOOK from release calendar
FED_BEIGE_BOOK_2021_01_13_TIGHT,FED_BEIGE_BOOK,2021-01-13,14:00:00,America/New_York,TIGHT,-60,10,"MES.v.0,MNQ.v.0,ES.v.0,NQ.v.0,ZN.v.0,ZB.v.0,RTY.v.0",50,Fed,https://www.federalreserve.gov/monetarypolicy/beigebook2021.htm,2018-01-01,FED_BEIGE_BOOK from release calendar
FED_BEIGE_BOOK_2021_03_03_TIGHT,FED_BEIGE_BOOK,2021-03-03,14:00:00,America/New_York,TIGHT,-60,10,"MES.v.0,MNQ.v.0,ES.v.0,NQ.v.0,ZN.v.0,ZB.v.0,RTY.v.0",50,Fed,https://www.federalreserve.gov/monetarypolicy/beigebook2021.htm,2018-01-01,FED_BEIGE_BOOK from release calendar
FED_BEIGE_BOOK_2021_04_14_TIGHT,FED_BEIGE_BOOK,2021-04-14,14:00:00,America/New_York,TIGHT,-60,10,"MES.v.0,MNQ.v.0,ES.v.0,NQ.v.0,ZN.v.0,ZB.v.0,RTY.v.0",50,Fed,https://www.federalreserve.gov/monetarypolicy/beigebook2021.htm,2018-01-01,FED_BEIGE_BOOK from release calendar
FED_BEIGE_BOOK_2021_06_02_TIGHT,FED_BEIGE_BOOK,2021-06-02,14:00:00,America/New_York,TIGHT,-60,10,"MES.v.0,MNQ.v.0,ES.v.0,NQ.v.0,ZN.v.0,ZB.v.0,RTY.v.0",50,Fed,https://www.federalreserve.gov/monetarypolicy/beigebook2021.htm,2018-01-01,FED_BEIGE_BOOK from release calendar
FED_BEIGE_BOOK_2021_07_14_TIGHT,FED_BEIGE_BOOK,2021-07-14,14:00:00,America/New_York,TIGHT,-60,10,"MES.v.0,MNQ.v.0,ES.v.0,NQ.v.0,ZN.v.0,ZB.v.0,RTY.v.0",50,Fed,https://www.federalreserve.gov/monetarypolicy/beigebook2021.htm,2018-01-01,FED_BEIGE_BOOK from release calendar
FED_BEIGE_BOOK_2021_09_08_TIGHT,FED_BEIGE_BOOK,2021-09-08,14:00:00,America/New_York,TIGHT,-60,10,"MES.v.0,MNQ.v.0,ES.v.0,NQ.v.0,ZN.v.0,ZB.v.0,RTY.v.0",50,Fed,https://www.federalreserve.gov/monetarypolicy/beigebook2021.htm,2018-01-01,FED_BEIGE_BOOK from release calendar
FED_BEIGE_BOOK_2021_10_20_TIGHT,FED_BEIGE_BOOK,2021-10-20,14:00:00,America/New_York,TIGHT,-60,10,"MES.v.0,MNQ.v.0,ES.v.0,NQ.v.0,ZN.v.0,ZB.v.0,RTY.v.0",50,Fed,https://www.federalreserve.gov/monetarypolicy/beigebook2021.htm,2018-01-01,FED_BEIGE_BOOK from release calendar
FED_BEIGE_BOOK_2021_12_01_TIGHT,FED_BEIGE_BOOK,2021-12-01,14:00:00,America/New_York,TIGHT,-60,10,"MES.v.0,MNQ.v.0,ES.v.0,NQ.v.0,ZN.v.0,ZB.v.0,RTY.v.0",50,Fed,https://www.federalreserve.gov/monetarypolicy/beigebook2021.htm,2018-01-01,FED_BEIGE_BOOK from release calendar
FED_BEIGE_BOOK_2022_01_12_TIGHT,FED_BEIGE_BOOK,2022-01-12,14:00:00,America/New_York,TIGHT,-60,10,"MES.v.0,MNQ.v.0,ES.v.0,NQ.v.0,ZN.v.0,ZB.v.0,RTY.v.0",50,Fed,https://www.federalreserve.gov/monetarypolicy/beigebook2022.htm,2018-01-01,FED_BEIGE_BOOK from release calendar
FED_BEIGE_BOOK_2022_03_02_TIGHT,FED_BEIGE_BOOK,2022-03-02,14:00:00,America/New_York,TIGHT,-60,10,"MES.v.0,MNQ.v.0,ES.v.0,NQ.v.0,ZN.v.0,ZB.v.0,RTY.v.0",50,Fed,https://www.federalreserve.gov/monetarypolicy/beigebook2022.htm,2018-01-01,FED_BEIGE_BOOK from release calendar
FED_BEIGE_BOOK_2022_04_20_TIGHT,FED_BEIGE_BOOK,2022-04-20,14:00:00,America/New_York,TIGHT,-60,10,"MES.v.0,MNQ.v.0,ES.v.0,NQ.v.0,ZN.v.0,ZB.v.0,RTY.v.0",50,Fed,https://www.federalreserve.gov/monetarypolicy/beigebook2022.htm,2018-01-01,FED_BEIGE_BOOK from release calendar
FED_BEIGE_BOOK_2022_06_01_TIGHT,FED_BEIGE_BOOK,2022-06-01,14:00:00,America/New_York,TIGHT,-60,10,"MES.v.0,MNQ.v.0,ES.v.0,NQ.v.0,ZN.v.0,ZB.v.0,RTY.v.0",50,Fed,https://www.federalreserve.gov/monetarypolicy/beigebook2022.htm,2018-01-01,FED_BEIGE_BOOK from release calendar
FED_BEIGE_BOOK_2022_07_13_TIGHT,FED_BEIGE_BOOK,2022-07-13,14:00:00,America/New_York,TIGHT,-60,10,"MES.v.0,MNQ.v.0,ES.v.0,NQ.v.0,ZN.v.0,ZB.v.0,RTY.v.0",50,Fed,https://www.federalreserve.gov/monetarypolicy/beigebook2022.htm,2018-01-01,FED_BEIGE_BOOK from release calendar
FED_BEIGE_BOOK_2022_09_07_TIGHT,FED_BEIGE_BOOK,2022-09-07,14:00:00,America/New_York,TIGHT,-60,10,"MES.v.0,MNQ.v.0,ES.v.0,NQ.v.0,ZN.v.0,ZB.v.0,RTY.v.0",50,Fed,https://www.federalreserve.gov/monetarypolicy/beigebook2022.htm,2018-01-01,FED_BEIGE_BOOK from release calendar
FED_BEIGE_BOOK_2022_10_19_TIGHT,FED_BEIGE_BOOK,2022-10-19,14:00:00,America/New_York,TIGHT,-60,10,"MES.v.0,MNQ.v.0,ES.v.0,NQ.v.0,ZN.v.0,ZB.v.0,RTY.v.0",50,Fed,https://www.federalreserve.gov/monetarypolicy/beigebook2022.htm,2018-01-01,FED_BEIGE_BOOK from release calendar
FED_BEIGE_BOOK_2022_11_30_TIGHT,FED_BEIGE_BOOK,2022-11-30,14:00:00,America/New_York,TIGHT,-60,10,"MES.v.0,MNQ.v.0,ES.v.0,NQ.v.0,ZN.v.0,ZB.v.0,RTY.v.0",50,Fed,https://www.federalreserve.gov/monetarypolicy/beigebook2022.htm,2018-01-01,FED_BEIGE_BOOK from release calendar
FED_BEIGE_BOOK_2023_01_18_TIGHT,FED_BEIGE_BOOK,2023-01-18,14:00:00,America/New_York,TIGHT,-60,10,"MES.v.0,MNQ.v.0,ES.v.0,NQ.v.0,ZN.v.0,ZB.v.0,RTY.v.0",50,Fed,https://www.federalreserve.gov/monetarypolicy/beigebook2023.htm,2018-01-01,FED_BEIGE_BOOK from release calendar
FED_BEIGE_BOOK_2023_03_08_TIGHT,FED_BEIGE_BOOK,2023-03-08,14:00:00,America/New_York,TIGHT,-60,10,"MES.v.0,MNQ.v.0,ES.v.0,NQ.v.0,ZN.v.0,ZB.v.0,RTY.v.0",50,Fed,https://www.federalreserve.gov/monetarypolicy/beigebook2023.htm,2018-01-01,FED_BEIGE_BOOK from release calendar
FED_BEIGE_BOOK_2023_04_19_TIGHT,FED_BEIGE_BOOK,2023-04-19,14:00:00,America/New_York,TIGHT,-60,10,"MES.v.0,MNQ.v.0,ES.v.0,NQ.v.0,ZN.v.0,ZB.v.0,RTY.v.0",50,Fed,https://www.federalreserve.gov/monetarypolicy/beigebook2023.htm,2018-01-01,FED_BEIGE_BOOK from release calendar
FED_BEIGE_BOOK_2023_05_31_TIGHT,FED_BEIGE_BOOK,2023-05-31,14:00:00,America/New_York,TIGHT,-60,10,"MES.v.0,MNQ.v.0,ES.v.0,NQ.v.0,ZN.v.0,ZB.v.0,RTY.v.0",50,Fed,https://www.federalreserve.gov/monetarypolicy/beigebook2023.htm,2018-01-01,FED_BEIGE_BOOK from release calendar
FED_BEIGE_BOOK_2023_07_12_TIGHT,FED_BEIGE_BOOK,2023-07-12,14:00:00,America/New_York,TIGHT,-60,10,"MES.v.0,MNQ.v.0,ES.v.0,NQ.v.0,ZN.v.0,ZB.v.0,RTY.v.0",50,Fed,https://www.federalreserve.gov/monetarypolicy/beigebook2023.htm,2018-01-01,FED_BEIGE_BOOK from release calendar
FED_BEIGE_BOOK_2023_09_06_TIGHT,FED_BEIGE_BOOK,2023-09-06,14:00:00,America/New_York,TIGHT,-60,10,"MES.v.0,MNQ.v.0,ES.v.0,NQ.v.0,ZN.v.0,ZB.v.0,RTY.v.0",50,Fed,https://www.federalreserve.gov/monetarypolicy/beigebook2023.htm,2018-01-01,FED_BEIGE_BOOK from release calendar
FED_BEIGE_BOOK_2023_10_18_TIGHT,FED_BEIGE_BOOK,2023-10-18,14:00:00,America/New_York,TIGHT,-60,10,"MES.v.0,MNQ.v.0,ES.v.0,NQ.v.0,ZN.v.0,ZB.v.0,RTY.v.0",50,Fed,https://www.federalreserve.gov/monetarypolicy/beigebook2023.htm,2018-01-01,FED_BEIGE_BOOK from release calendar
FED_BEIGE_BOOK_2023_11_29_TIGHT,FED_BEIGE_BOOK,2023-11-29,14:00:00,America/New_York,TIGHT,-60,10,"MES.v.0,MNQ.v.0,ES.v.0,NQ.v.0,ZN.v.0,ZB.v.0,RTY.v.0",50,Fed,https://www.federalreserve.gov/monetarypolicy/beigebook2023.htm,2018-01-01,FED_BEIGE_BOOK from release calendar
FED_BEIGE_BOOK_2024_01_17_TIGHT,FED_BEIGE_BOOK,2024-01-17,14:00:00,America/New_York,TIGHT,-60,10,"MES.v.0,MNQ.v.0,ES.v.0,NQ.v.0,ZN.v.0,ZB.v.0,RTY.v.0",50,Fed,https://www.federalreserve.gov/monetarypolicy/beigebook2024.htm,2018-01-01,FED_BEIGE_BOOK from release calendar
FED_BEIGE_BOOK_2024_03_06_TIGHT,FED_BEIGE_BOOK,2024-03-06,14:00:00,America/New_York,TIGHT,-60,10,"MES.v.0,MNQ.v.0,ES.v.0,NQ.v.0,ZN.v.0,ZB.v.0,RTY.v.0",50,Fed,https://www.federalreserve.gov/monetarypolicy/beigebook2024.htm,2018-01-01,FED_BEIGE_BOOK from release calendar
FED_BEIGE_BOOK_2024_04_17_TIGHT,FED_BEIGE_BOOK,2024-04-17,14:00:00,America/New_York,TIGHT,-60,10,"MES.v.0,MNQ.v.0,ES.v.0,NQ.v.0,ZN.v.0,ZB.v.0,RTY.v.0",50,Fed,https://www.federalreserve.gov/monetarypolicy/beigebook2024.htm,2018-01-01,FED_BEIGE_BOOK from release calendar
FED_BEIGE_BOOK_2024_05_29_TIGHT,FED_BEIGE_BOOK,2024-05-29,14:00:00,America/New_York,TIGHT,-60,10,"MES.v.0,MNQ.v.0,ES.v.0,NQ.v.0,ZN.v.0,ZB.v.0,RTY.v.0",50,Fed,https://www.federalreserve.gov/monetarypolicy/beigebook2024.htm,2018-01-01,FED_BEIGE_BOOK from release calendar
FED_BEIGE_BOOK_2024_07_17_TIGHT,FED_BEIGE_BOOK,2024-07-17,14:00:00,America/New_York,TIGHT,-60,10,"MES.v.0,MNQ.v.0,ES.v.0,NQ.v.0,ZN.v.0,ZB.v.0,RTY.v.0",50,Fed,https://www.federalreserve.gov/monetarypolicy/beigebook2024.htm,2018-01-01,FED_BEIGE_BOOK from release calendar
FED_BEIGE_BOOK_2024_09_04_TIGHT,FED_BEIGE_BOOK,2024-09-04,14:00:00,America/New_York,TIGHT,-60,10,"MES.v.0,MNQ.v.0,ES.v.0,NQ.v.0,ZN.v.0,ZB.v.0,RTY.v.0",50,Fed,https://www.federalreserve.gov/monetarypolicy/beigebook2024.htm,2018-01-01,FED_BEIGE_BOOK from release calendar
FED_BEIGE_BOOK_2024_10_23_TIGHT,FED_BEIGE_BOOK,2024-10-23,14:00:00,America/New_York,TIGHT,-60,10,"MES.v.0,MNQ.v.0,ES.v.0,NQ.v.0,ZN.v.0,ZB.v.0,RTY.v.0",50,Fed,https://www.federalreserve.gov/monetarypolicy/beigebook2024.htm,2018-01-01,FED_BEIGE_BOOK from release calendar
FED_BEIGE_BOOK_2024_12_04_TIGHT,FED_BEIGE_BOOK,2024-12-04,14:00:00,America/New_York,TIGHT,-60,10,"MES.v.0,MNQ.v.0,ES.v.0,NQ.v.0,ZN.v.0,ZB.v.0,RTY.v.0",50,Fed,https://www.federalreserve.gov/monetarypolicy/beigebook2024.htm,2018-01-01,FED_BEIGE_BOOK from release calendar
FED_BEIGE_BOOK_2025_01_15_TIGHT,FED_BEIGE_BOOK,2025-01-15,14:00:00,America/New_York,TIGHT,-60,10,"MES.v.0,MNQ.v.0,ES.v.0,NQ.v.0,ZN.v.0,ZB.v.0,RTY.v.0",50,Fed,https://www.federalreserve.gov/monetarypolicy/beigebook2025.htm,2018-01-01,FED_BEIGE_BOOK from release calendar
FED_BEIGE_BOOK_2025_03_05_TIGHT,FED_BEIGE_BOOK,2025-03-05,14:00:00,America/New_York,TIGHT,-60,10,"MES.v.0,MNQ.v.0,ES.v.0,NQ.v.0,ZN.v.0,ZB.v.0,RTY.v.0",50,Fed,https://www.federalreserve.gov/monetarypolicy/beigebook2025.htm,2018-01-01,FED_BEIGE_BOOK from release calendar
FED_BEIGE_BOOK_2025_04_23_TIGHT,FED_BEIGE_BOOK,2025-04-23,14:00:00,America/New_York,TIGHT,-60,10,"MES.v.0,MNQ.v.0,ES.v.0,NQ.v.0,ZN.v.0,ZB.v.0,RTY.v.0",50,Fed,https://www.federalreserve.gov/monetarypolicy/beigebook2025.htm,2018-01-01,FED_BEIGE_BOOK from release calendar
FED_BEIGE_BOOK_2025_06_04_TIGHT,FED_BEIGE_BOOK,2025-06-04,14:00:00,America/New_York,TIGHT,-60,10,"MES.v.0,MNQ.v.0,ES.v.0,NQ.v.0,ZN.v.0,ZB.v.0,RTY.v.0",50,Fed,https://www.federalreserve.gov/monetarypolicy/beigebook2025.htm,2018-01-01,FED_BEIGE_BOOK from release calendar
FED_BEIGE_BOOK_2025_07_16_TIGHT,FED_BEIGE_BOOK,2025-07-16,14:00:00,America/New_York,TIGHT,-60,10,"MES.v.0,MNQ.v.0,ES.v.0,NQ.v.0,ZN.v.0,ZB.v.0,RTY.v.0",50,Fed,https://www.federalreserve.gov/monetarypolicy/beigebook2025.htm,2018-01-01,FED_BEIGE_BOOK from release calendar
FED_BEIGE_BOOK_2025_09_03_TIGHT,FED_BEIGE_BOOK,2025-09-03,14:00:00,America/New_York,TIGHT,-60,10,"MES.v.0,MNQ.v.0,ES.v.0,NQ.v.0,ZN.v.0,ZB.v.0,RTY.v.0",50,Fed,https://www.federalreserve.gov/monetarypolicy/beigebook2025.htm,2018-01-01,FED_BEIGE_BOOK from release calendar
FED_BEIGE_BOOK_2025_10_15_TIGHT,FED_BEIGE_BOOK,2025-10-15,14:00:00,America/New_York,TIGHT,-60,10,"MES.v.0,MNQ.v.0,ES.v.0,NQ.v.0,ZN.v.0,ZB.v.0,RTY.v.0",50,Fed,https://www.federalreserve.gov/monetarypolicy/beigebook2025.htm,2018-01-01,FED_BEIGE_BOOK from release calendar
FED_BEIGE_BOOK_2025_11_26_TIGHT,FED_BEIGE_BOOK,2025-11-26,14:00:00,America/New_York,TIGHT,-60,10,"MES.v.0,MNQ.v.0,ES.v.0,NQ.v.0,ZN.v.0,ZB.v.0,RTY.v.0",50,Fed,https://www.federalreserve.gov/monetarypolicy/beigebook2025.htm,2018-01-01,FED_BEIGE_BOOK from release calendar
FED_H41_2018_01_11_TIGHT,FED_H41,2018-01-11,16:30:00,America/New_York,TIGHT,-60,10,"MES.v.0,MNQ.v.0,ES.v.0,NQ.v.0,ZN.v.0,ZB.v.0,RTY.v.0",50,Fed,https://www.federalreserve.gov/releases/h41/,2018-01-01,FED_H41 from release calendar
FED_H41_2018_01_18_TIGHT,FED_H41,2018-01-18,16:30:00,America/New_York,TIGHT,-60,10,"MES.v.0,MNQ.v.0,ES.v.0,NQ.v.0,ZN.v.0,ZB.v.0,RTY.v.0",50,Fed,https://www.federalreserve.gov/releases/h41/,2018-01-01,FED_H41 from release calendar
FED_H41_2018_01_25_TIGHT,FED_H41,2018-01-25,16:30:00,America/New_York,TIGHT,-60,10,"MES.v.0,MNQ.v.0,ES.v.0,NQ.v.0,ZN.v.0,ZB.v.0,RTY.v.0",50,Fed,https://www.federalreserve.gov/releases/h41/,2018-01-01,FED_H41 from release calendar
FED_H41_2018_02_01_TIGHT,FED_H41,2018-02-01,16:30:00,America/New_York,TIGHT,-60,10,"MES.v.0,MNQ.v.0,ES.v.0,NQ.v.0,ZN.v.0,ZB.v.0,RTY.v.0",50,Fed,https://www.federalreserve.gov/releases/h41/,2018-01-01,FED_H41 from release calendar
FED_H41_2018_02_08_TIGHT,FED_H41,2018-02-08,16:30:00,America/New_York,TIGHT,-60,10,"MES.v.0,MNQ.v.0,ES.v.0,NQ.v.0,ZN.v.0,ZB.v.0,RTY.v.0",50,Fed,https://www.federalreserve.gov/releases/h41/,2018-01-01,FED_H41 from release calendar
FED_H41_2018_02_15_TIGHT,FED_H41,2018-02-15,16:30:00,America/New_York,TIGHT,-60,10,"MES.v.0,MNQ.v.0,ES.v.0,NQ.v.0,ZN.v.0,ZB.v.0,RTY.v.0",50,Fed,https://www.federalreserve.gov/releases/h41/,2018-01-01,FED_H41 from release calendar
FED_H41_2018_02_22_TIGHT,FED_H41,2018-02-22,16:30:00,America/New_York,TIGHT,-60,10,"MES.v.0,MNQ.v.0,ES.v.0,NQ.v.0,ZN.v.0,ZB.v.0,RTY.v.0",50,Fed,https://www.federalreserve.gov/releases/h41/,2018-01-01,FED_H41 from release calendar
FED_H41_2018_03_01_TIGHT,FED_H41,2018-03-01,16:30:00,America/New_York,TIGHT,-60,10,"MES.v.0,MNQ.v.0,ES.v.0,NQ.v.0,ZN.v.0,ZB.v.0,RTY.v.0",50,Fed,https://www.federalreserve.gov/releases/h41/,2018-01-01,FED_H41 from release calendar
FED_H41_2018_03_08_TIGHT,FED_H41,2018-03-08,16:30:00,America/New_York,TIGHT,-60,10,"MES.v.0,MNQ.v.0,ES.v.0,NQ.v.0,ZN.v.0,ZB.v.0,RTY.v.0",50,Fed,https://www.federalreserve.gov/releases/h41/,2018-01-01,FED_H41 from release calendar
FED_H41_2018_03_15_TIGHT,FED_H41,2018-03-15,16:30:00,America/New_York,TIGHT,-60,10,"MES.v.0,MNQ.v.0,ES.v.0,NQ.v.0,ZN.v.0,ZB.v.0,RTY.v.0",50,Fed,https://www.federalreserve.gov/releases/h41/,2018-01-01,FED_H41 from release calendar
FED_H41_2018_03_22_TIGHT,FED_H41,2018-03-22,16:30:00,America/New_York,TIGHT,-60,10,"MES.v.0,MNQ.v.0,ES.v.0,NQ.v.0,ZN.v.0,ZB.v.0,RTY.v.0",50,Fed,https://www.federalreserve.gov/releases/h41/,2018-01-01,FED_H41 from release calendar
FED_H41_2018_03_29_TIGHT,FED_H41,2018-03-29,16:30:00,America/New_York,TIGHT,-60,10,"MES.v.0,MNQ.v.0,ES.v.0,NQ.v.0,ZN.v.0,ZB.v.0,RTY.v.0",50,Fed,https://www.federalreserve.gov/releases/h41/,2018-01-01,FED_H41 from release calendar
FED_H41_2018_04_05_TIGHT,FED_H41,2018-04-05,16:30:00,America/New_York,TIGHT,-60,10,"MES.v.0,MNQ.v.0,ES.v.0,NQ.v.0,ZN.v.0,ZB.v.0,RTY.v.0",50,Fed,https://www.federalreserve.gov/releases/h41/,2018-01-01,FED_H41 from release calendar
FED_H41_2018_04_12_TIGHT,FED_H41,2018-04-12,16:30:00,America/New_York,TIGHT,-60,10,"MES.v.0,MNQ.v.0,ES.v.0,NQ.v.0,ZN.v.0,ZB.v.0,RTY.v.0",50,Fed,https://www.federalreserve.gov/releases/h41/,2018-01-01,FED_H41 from release calendar
FED_H41_2018_04_19_TIGHT,FED_H41,2018-04-19,16:30:00,America/New_York,TIGHT,-60,10,"MES.v.0,MNQ.v.0,ES.v.0,NQ.v.0,ZN.v.0,ZB.v.0,RTY.v.0",50,Fed,https://www.federalreserve.gov/releases/h41/,2018-01-01,FED_H41 from release calendar
FED_H41_2018_04_26_TIGHT,FED_H41,2018-04-26,16:30:00,America/New_York,TIGHT,-60,10,"MES.v.0,MNQ.v.0,ES.v.0,NQ.v.0,ZN.v.0,ZB.v.0,RTY.v.0",50,Fed,https://www.federalreserve.gov/releases/h41/,2018-01-01,FED_H41 from release calendar
FED_H41_2018_05_03_TIGHT,FED_H41,2018-05-03,16:30:00,America/New_York,TIGHT,-60,10,"MES.v.0,MNQ.v.0,ES.v.0,NQ.v.0,ZN.v.0,ZB.v.0,RTY.v.0",50,Fed,https://www.federalreserve.gov/releases/h41/,2018-01-01,FED_H41 from release calendar
FED_H41_2018_05_10_TIGHT,FED_H41,2018-05-10,16:30:00,America/New_York,TIGHT,-60,10,"MES.v.0,MNQ.v.0,ES.v.0,NQ.v.0,ZN.v.0,ZB.v.0,RTY.v.0",50,Fed,https://www.federalreserve.gov/releases/h41/,2018-01-01,FED_H41 from release calendar
FED_H41_2018_05_17_TIGHT,FED_H41,2018-05-17,16:30:00,America/New_York,TIGHT,-60,10,"MES.v.0,MNQ.v.0,ES.v.0,NQ.v.0,ZN.v.0,ZB.v.0,RTY.v.0",50,Fed,https://www.federalreserve.gov/releases/h41/,2018-01-01,FED_H41 from release calendar
FED_H41_2018_05_24_TIGHT,FED_H41,2018-05-24,16:30:00,America/New_York,TIGHT,-60,10,"MES.v.0,MNQ.v.0,ES.v.0,NQ.v.0,ZN.v.0,ZB.v.0,RTY.v.0",50,Fed,https://www.federalreserve.gov/releases/h41/,2018-01-01,FED_H41 from release calendar
FED_H41_2018_05_31_TIGHT,FED_H41,2018-05-31,16:30:00,America/New_York,TIGHT,-60,10,"MES.v.0,MNQ.v.0,ES.v.0,NQ.v.0,ZN.v.0,ZB.v.0,RTY.v.0",50,Fed,https://www.federalreserve.gov/releases/h41/,2018-01-01,FED_H41 from release calendar
FED_H41_2018_06_07_TIGHT,FED_H41,2018-06-07,16:30:00,America/New_York,TIGHT,-60,10,"MES.v.0,MNQ.v.0,ES.v.0,NQ.v.0,ZN.v.0,ZB.v.0,RTY.v.0",50,Fed,https://www.federalreserve.gov/releases/h41/,2018-01-01,FED_H41 from release calendar
FED_H41_2018_06_14_TIGHT,FED_H41,2018-06-14,16:30:00,America/New_York,TIGHT,-60,10,"MES.v.0,MNQ.v.0,ES.v.0,NQ.v.0,ZN.v.0,ZB.v.0,RTY.v.0",50,Fed,https://www.federalreserve.gov/releases/h41/,2018-01-01,FED_H41 from release calendar
FED_H41_2018_06_21_TIGHT,FED_H41,2018-06-21,16:30:00,America/New_York,TIGHT,-60,10,"MES.v.0,MNQ.v.0,ES.v.0,NQ.v.0,ZN.v.0,ZB.v.0,RTY.v.0",50,Fed,https://www.federalreserve.gov/releases/h41/,2018-01-01,FED_H41 from release calendar
FED_H41_2018_06_28_TIGHT,FED_H41,2018-06-28,16:30:00,America/New_York,TIGHT,-60,10,"MES.v.0,MNQ.v.0,ES.v.0,NQ.v.0,ZN.v.0,ZB.v.0,RTY.v.0",50,Fed,https://www.federalreserve.gov/releases/h41/,2018-01-01,FED_H41 from release calendar
FED_H41_2018_07_05_TIGHT,FED_H41,2018-07-05,16:30:00,America/New_York,TIGHT,-60,10,"MES.v.0,MNQ.v.0,ES.v.0,NQ.v.0,ZN.v.0,ZB.v.0,RTY.v.0",50,Fed,https://www.federalreserve.gov/releases/h41/,2018-01-01,FED_H41 from release calendar
FED_H41_2018_07_12_TIGHT,FED_H41,2018-07-12,16:30:00,America/New_York,TIGHT,-60,10,"MES.v.0,MNQ.v.0,ES.v.0,NQ.v.0,ZN.v.0,ZB.v.0,RTY.v.0",50,Fed,https://www.federalreserve.gov/releases/h41/,2018-01-01,FED_H41 from release calendar
FED_H41_2018_07_19_TIGHT,FED_H41,2018-07-19,16:30:00,America/New_York,TIGHT,-60,10,"MES.v.0,MNQ.v.0,ES.v.0,NQ.v.0,ZN.v.0,ZB.v.0,RTY.v.0",50,Fed,https://www.federalreserve.gov/releases/h41/,2018-01-01,FED_H41 from release calendar
FED_H41_2018_07_26_TIGHT,FED_H41,2018-07-26,16:30:00,America/New_York,TIGHT,-60,10,"MES.v.0,MNQ.v.0,ES.v.0,NQ.v.0,ZN.v.0,ZB.v.0,RTY.v.0",50,Fed,https://www.federalreserve.gov/releases/h41/,2018-01-01,FED_H41 from release calendar
FED_H41_2018_08_02_TIGHT,FED_H41,2018-08-02,16:30:00,America/New_York,TIGHT,-60,10,"MES.v.0,MNQ.v.0,ES.v.0,NQ.v.0,ZN.v.0,ZB.v.0,RTY.v.0",50,Fed,https://www.federalreserve.gov/releases/h41/,2018-01-01,FED_H41 from release calendar
FED_H41_2018_08_09_TIGHT,FED_H41,2018-08-09,16:30:00,America/New_York,TIGHT,-60,10,"MES.v.0,MNQ.v.0,ES.v.0,NQ.v.0,ZN.v.0,ZB.v.0,RTY.v.0",50,Fed,https://www.federalreserve.gov/releases/h41/,2018-01-01,FED_H41 from release calendar
FED_H41_2018_08_16_TIGHT,FED_H41,2018-08-16,16:30:00,America/New_York,TIGHT,-60,10,"MES.v.0,MNQ.v.0,ES.v.0,NQ.v.0,ZN.v.0,ZB.v.0,RTY.v.0",50,Fed,https://www.federalreserve.gov/releases/h41/,2018-01-01,FED_H41 from release calendar
FED_H41_2018_08_23_TIGHT,FED_H41,2018-08-23,16:30:00,America/New_York,TIGHT,-60,10,"MES.v.0,MNQ.v.0,ES.v.0,NQ.v.0,ZN.v.0,ZB.v.0,RTY.v.0",50,Fed,https://www.federalreserve.gov/releases/h41/,2018-01-01,FED_H41 from release calendar
FED_H41_2018_08_30_TIGHT,FED_H41,2018-08-30,16:30:00,America/New_York,TIGHT,-60,10,"MES.v.0,MNQ.v.0,ES.v.0,NQ.v.0,ZN.v.0,ZB.v.0,RTY.v.0",50,Fed,https://www.federalreserve.gov/releases/h41/,2018-01-01,FED_H41 from release calendar
FED_H41_2018_09_06_TIGHT,FED_H41,2018-09-06,16:30:00,America/New_York,TIGHT,-60,10,"MES.v.0,MNQ.v.0,ES.v.0,NQ.v.0,ZN.v.0,ZB.v.0,RTY.v.0",50,Fed,https://www.federalreserve.gov/releases/h41/,2018-01-01,FED_H41 from release calendar
FED_H41_2018_09_13_TIGHT,FED_H41,2018-09-13,16:30:00,America/New_York,TIGHT,-60,10,"MES.v.0,MNQ.v.0,ES.v.0,NQ.v.0,ZN.v.0,ZB.v.0,RTY.v.0",50,Fed,https://www.federalreserve.gov/releases/h41/,2018-01-01,FED_H41 from release calendar
FED_H41_2018_09_20_TIGHT,FED_H41,2018-09-20,16:30:00,America/New_York,TIGHT,-60,10,"MES.v.0,MNQ.v.0,ES.v.0,NQ.v.0,ZN.v.0,ZB.v.0,RTY.v.0",50,Fed,https://www.federalreserve.gov/releases/h41/,2018-01-01,FED_H41 from release calendar
FED_H41_2018_09_27_TIGHT,FED_H41,2018-09-27,16:30:00,America/New_York,TIGHT,-60,10,"MES.v.0,MNQ.v.0,ES.v.0,NQ.v.0,ZN.v.0,ZB.v.0,RTY.v.0",50,Fed,https://www.federalreserve.gov/releases/h41/,2018-01-01,FED_H41 from release calendar
FED_H41_2018_10_04_TIGHT,FED_H41,2018-10-04,16:30:00,America/New_York,TIGHT,-60,10,"MES.v.0,MNQ.v.0,ES.v.0,NQ.v.0,ZN.v.0,ZB.v.0,RTY.v.0",50,Fed,https://www.federalreserve.gov/releases/h41/,2018-01-01,FED_H41 from release calendar
FED_H41_2018_10_11_TIGHT,FED_H41,2018-10-11,16:30:00,America/New_York,TIGHT,-60,10,"MES.v.0,MNQ.v.0,ES.v.0,NQ.v.0,ZN.v.0,ZB.v.0,RTY.v.0",50,Fed,https://www.federalreserve.gov/releases/h41/,2018-01-01,FED_H41 from release calendar
FED_H41_2018_10_18_TIGHT,FED_H41,2018-10-18,16:30:00,America/New_York,TIGHT,-60,10,"MES.v.0,MNQ.v.0,ES.v.0,NQ.v.0,ZN.v.0,ZB.v.0,RTY.v.0",50,Fed,https://www.federalreserve.gov/releases/h41/,2018-01-01,FED_H41 from release calendar
FED_H41_2018_10_25_TIGHT,FED_H41,2018-10-25,16:30:00,America/New_York,TIGHT,-60,10,"MES.v.0,MNQ.v.0,ES.v.0,NQ.v.0,ZN.v.0,ZB.v.0,RTY.v.0",50,Fed,https://www.federalreserve.gov/releases/h41/,2018-01-01,FED_H41 from release calendar
FED_H41_2018_11_01_TIGHT,FED_H41,2018-11-01,16:30:00,America/New_York,TIGHT,-60,10,"MES.v.0,MNQ.v.0,ES.v.0,NQ.v.0,ZN.v.0,ZB.v.0,RTY.v.0",50,Fed,https://www.federalreserve.gov/releases/h41/,2018-01-01,FED_H41 from release calendar
FED_H41_2018_11_08_TIGHT,FED_H41,2018-11-08,16:30:00,America/New_York,TIGHT,-60,10,"MES.v.0,MNQ.v.0,ES.v.0,NQ.v.0,ZN.v.0,ZB.v.0,RTY.v.0",50,Fed,https://www.federalreserve.gov/releases/h41/,2018-01-01,FED_H41 from release calendar
FED_H41_2018_11_15_TIGHT,FED_H41,2018-11-15,16:30:00,America/New_York,TIGHT,-60,10,"MES.v.0,MNQ.v.0,ES.v.0,NQ.v.0,ZN.v.0,ZB.v.0,RTY.v.0",50,Fed,https://www.federalreserve.gov/releases/h41/,2018-01-01,FED_H41 from release calendar
FED_H41_2018_11_23_TIGHT,FED_H41,2018-11-23,16:30:00,America/New_York,TIGHT,-60,10,"MES.v.0,MNQ.v.0,ES.v.0,NQ.v.0,ZN.v.0,ZB.v.0,RTY.v.0",50,Fed,https://www.federalreserve.gov/releases/h41/,2018-01-01,FED_H41 from release calendar
FED_H41_2018_11_29_TIGHT,FED_H41,2018-11-29,16:30:00,America/New_York,TIGHT,-60,10,"MES.v.0,MNQ.v.0,ES.v.0,NQ.v.0,ZN.v.0,ZB.v.0,RTY.v.0",50,Fed,https://www.federalreserve.gov/releases/h41/,2018-01-01,FED_H41 from release calendar
FED_H41_2018_12_06_TIGHT,FED_H41,2018-12-06,16:30:00,America/New_York,TIGHT,-60,10,"MES.v.0,MNQ.v.0,ES.v.0,NQ.v.0,ZN.v.0,ZB.v.0,RTY.v.0",50,Fed,https://www.federalreserve.gov/releases/h41/,2018-01-01,FED_H41 from release calendar
FED_H41_2018_12_13_TIGHT,FED_H41,2018-12-13,16:30:00,America/New_York,TIGHT,-60,10,"MES.v.0,MNQ.v.0,ES.v.0,NQ.v.0,ZN.v.0,ZB.v.0,RTY.v.0",50,Fed,https://www.federalreserve.gov/releases/h41/,2018-01-01,FED_H41 from release calendar
FED_H41_2018_12_20_TIGHT,FED_H41,2018-12-20,16:30:00,America/New_York,TIGHT,-60,10,"MES.v.0,MNQ.v.0,ES.v.0,NQ.v.0,ZN.v.0,ZB.v.0,RTY.v.0",50,Fed,https://www.federalreserve.gov/releases/h41/,2018-01-01,FED_H41 from release calendar
FED_H41_2018_12_27_TIGHT,FED_H41,2018-12-27,16:30:00,America/New_York,TIGHT,-60,10,"MES.v.0,MNQ.v.0,ES.v.0,NQ.v.0,ZN.v.0,ZB.v.0,RTY.v.0",50,Fed,https://www.federalreserve.gov/releases/h41/,2018-01-01,FED_H41 from release calendar
FED_H41_2019_01_03_TIGHT,FED_H41,2019-01-03,16:30:00,America/New_York,TIGHT,-60,10,"MES.v.0,MNQ.v.0,ES.v.0,NQ.v.0,ZN.v.0,ZB.v.0,RTY.v.0",50,Fed,https://www.federalreserve.gov/releases/h41/,2018-01-01,FED_H41 from release calendar
FED_H41_2019_01_10_TIGHT,FED_H41,2019-01-10,16:30:00,America/New_York,TIGHT,-60,10,"MES.v.0,MNQ.v.0,ES.v.0,NQ.v.0,ZN.v.0,ZB.v.0,RTY.v.0",50,Fed,https://www.federalreserve.gov/releases/h41/,2018-01-01,FED_H41 from release calendar
FED_H41_2019_01_17_TIGHT,FED_H41,2019-01-17,16:30:00,America/New_York,TIGHT,-60,10,"MES.v.0,MNQ.v.0,ES.v.0,NQ.v.0,ZN.v.0,ZB.v.0,RTY.v.0",50,Fed,https://www.federalreserve.gov/releases/h41/,2018-01-01,FED_H41 from release calendar
FED_H41_2019_01_24_TIGHT,FED_H41,2019-01-24,16:30:00,America/New_York,TIGHT,-60,10,"MES.v.0,MNQ.v.0,ES.v.0,NQ.v.0,ZN.v.0,ZB.v.0,RTY.v.0",50,Fed,https://www.federalreserve.gov/releases/h41/,2018-01-01,FED_H41 from release calendar
FED_H41_2019_01_31_TIGHT,FED_H41,2019-01-31,16:30:00,America/New_York,TIGHT,-60,10,"MES.v.0,MNQ.v.0,ES.v.0,NQ.v.0,ZN.v.0,ZB.v.0,RTY.v.0",50,Fed,https://www.federalreserve.gov/releases/h41/,2018-01-01,FED_H41 from release calendar
FED_H41_2019_02_07_TIGHT,FED_H41,2019-02-07,16:30:00,America/New_York,TIGHT,-60,10,"MES.v.0,MNQ.v.0,ES.v.0,NQ.v.0,ZN.v.0,ZB.v.0,RTY.v.0",50,Fed,https://www.federalreserve.gov/releases/h41/,2018-01-01,FED_H41 from release calendar
FED_H41_2019_02_14_TIGHT,FED_H41,2019-02-14,16:30:00,America/New_York,TIGHT,-60,10,"MES.v.0,MNQ.v.0,ES.v.0,NQ.v.0,ZN.v.0,ZB.v.0,RTY.v.0",50,Fed,https://www.federalreserve.gov/releases/h41/,2018-01-01,FED_H41 from release calendar
FED_H41_2019_02_21_TIGHT,FED_H41,2019-02-21,16:30:00,America/New_York,TIGHT,-60,10,"MES.v.0,MNQ.v.0,ES.v.0,NQ.v.0,ZN.v.0,ZB.v.0,RTY.v.0",50,Fed,https://www.federalreserve.gov/releases/h41/,2018-01-01,FED_H41 from release calendar
FED_H41_2019_02_28_TIGHT,FED_H41,2019-02-28,16:30:00,America/New_York,TIGHT,-60,10,"MES.v.0,MNQ.v.0,ES.v.0,NQ.v.0,ZN.v.0,ZB.v.0,RTY.v.0",50,Fed,https://www.federalreserve.gov/releases/h41/,2018-01-01,FED_H41 from release calendar
FED_H41_2019_03_07_TIGHT,FED_H41,2019-03-07,16:30:00,America/New_York,TIGHT,-60,10,"MES.v.0,MNQ.v.0,ES.v.0,NQ.v.0,ZN.v.0,ZB.v.0,RTY.v.0",50,Fed,https://www.federalreserve.gov/releases/h41/,2018-01-01,FED_H41 from release calendar
FED_H41_2019_03_14_TIGHT,FED_H41,2019-03-14,16:30:00,America/New_York,TIGHT,-60,10,"MES.v.0,MNQ.v.0,ES.v.0,NQ.v.0,ZN.v.0,ZB.v.0,RTY.v.0",50,Fed,https://www.federalreserve.gov/releases/h41/,2018-01-01,FED_H41 from release calendar
FED_H41_2019_03_21_TIGHT,FED_H41,2019-03-21,16:30:00,America/New_York,TIGHT,-60,10,"MES.v.0,MNQ.v.0,ES.v.0,NQ.v.0,ZN.v.0,ZB.v.0,RTY.v.0",50,Fed,https://www.federalreserve.gov/releases/h41/,2018-01-01,FED_H41 from release calendar
FED_H41_2019_03_28_TIGHT,FED_H41,2019-03-28,16:30:00,America/New_York,TIGHT,-60,10,"MES.v.0,MNQ.v.0,ES.v.0,NQ.v.0,ZN.v.0,ZB.v.0,RTY.v.0",50,Fed,https://www.federalreserve.gov/releases/h41/,2018-01-01,FED_H41 from release calendar
FED_H41_2019_04_04_TIGHT,FED_H41,2019-04-04,16:30:00,America/New_York,TIGHT,-60,10,"MES.v.0,MNQ.v.0,ES.v.0,NQ.v.0,ZN.v.0,ZB.v.0,RTY.v.0",50,Fed,https://www.federalreserve.gov/releases/h41/,2018-01-01,FED_H41 from release calendar
FED_H41_2019_04_11_TIGHT,FED_H41,2019-04-11,16:30:00,America/New_York,TIGHT,-60,10,"MES.v.0,MNQ.v.0,ES.v.0,NQ.v.0,ZN.v.0,ZB.v.0,RTY.v.0",50,Fed,https://www.federalreserve.gov/releases/h41/,2018-01-01,FED_H41 from release calendar
FED_H41_2019_04_18_TIGHT,FED_H41,2019-04-18,16:30:00,America/New_York,TIGHT,-60,10,"MES.v.0,MNQ.v.0,ES.v.0,NQ.v.0,ZN.v.0,ZB.v.0,RTY.v.0",50,Fed,https://www.federalreserve.gov/releases/h41/,2018-01-01,FED_H41 from release calendar
FED_H41_2019_04_25_TIGHT,FED_H41,2019-04-25,16:30:00,America/New_York,TIGHT,-60,10,"MES.v.0,MNQ.v.0,ES.v.0,NQ.v.0,ZN.v.0,ZB.v.0,RTY.v.0",50,Fed,https://www.federalreserve.gov/releases/h41/,2018-01-01,FED_H41 from release calendar
FED_H41_2019_05_02_TIGHT,FED_H41,2019-05-02,16:30:00,America/New_York,TIGHT,-60,10,"MES.v.0,MNQ.v.0,ES.v.0,NQ.v.0,ZN.v.0,ZB.v.0,RTY.v.0",50,Fed,https://www.federalreserve.gov/releases/h41/,2018-01-01,FED_H41 from release calendar
FED_H41_2019_05_09_TIGHT,FED_H41,2019-05-09,16:30:00,America/New_York,TIGHT,-60,10,"MES.v.0,MNQ.v.0,ES.v.0,NQ.v.0,ZN.v.0,ZB.v.0,RTY.v.0",50,Fed,https://www.federalreserve.gov/releases/h41/,2018-01-01,FED_H41 from release calendar
FED_H41_2019_05_16_TIGHT,FED_H41,2019-05-16,16:30:00,America/New_York,TIGHT,-60,10,"MES.v.0,MNQ.v.0,ES.v.0,NQ.v.0,ZN.v.0,ZB.v.0,RTY.v.0",50,Fed,https://www.federalreserve.gov/releases/h41/,2018-01-01,FED_H41 from release calendar
FED_H41_2019_05_23_TIGHT,FED_H41,2019-05-23,16:30:00,America/New_York,TIGHT,-60,10,"MES.v.0,MNQ.v.0,ES.v.0,NQ.v.0,ZN.v.0,ZB.v.0,RTY.v.0",50,Fed,https://www.federalreserve.gov/releases/h41/,2018-01-01,FED_H41 from release calendar
FED_H41_2019_05_30_TIGHT,FED_H41,2019-05-30,16:30:00,America/New_York,TIGHT,-60,10,"MES.v.0,MNQ.v.0,ES.v.0,NQ.v.0,ZN.v.0,ZB.v.0,RTY.v.0",50,Fed,https://www.federalreserve.gov/releases/h41/,2018-01-01,FED_H41 from release calendar
FED_H41_2019_06_06_TIGHT,FED_H41,2019-06-06,16:30:00,America/New_York,TIGHT,-60,10,"MES.v.0,MNQ.v.0,ES.v.0,NQ.v.0,ZN.v.0,ZB.v.0,RTY.v.0",50,Fed,https://www.federalreserve.gov/releases/h41/,2018-01-01,FED_H41 from release calendar
FED_H41_2019_06_13_TIGHT,FED_H41,2019-06-13,16:30:00,America/New_York,TIGHT,-60,10,"MES.v.0,MNQ.v.0,ES.v.0,NQ.v.0,ZN.v.0,ZB.v.0,RTY.v.0",50,Fed,https://www.federalreserve.gov/releases/h41/,2018-01-01,FED_H41 from release calendar
FED_H41_2019_06_20_TIGHT,FED_H41,2019-06-20,16:30:00,America/New_York,TIGHT,-60,10,"MES.v.0,MNQ.v.0,ES.v.0,NQ.v.0,ZN.v.0,ZB.v.0,RTY.v.0",50,Fed,https://www.federalreserve.gov/releases/h41/,2018-01-01,FED_H41 from release calendar
FED_H41_2019_06_27_TIGHT,FED_H41,2019-06-27,16:30:00,America/New_York,TIGHT,-60,10,"MES.v.0,MNQ.v.0,ES.v.0,NQ.v.0,ZN.v.0,ZB.v.0,RTY.v.0",50,Fed,https://www.federalreserve.gov/releases/h41/,2018-01-01,FED_H41 from release calendar
FED_H41_2019_07_05_TIGHT,FED_H41,2019-07-05,16:30:00,America/New_York,TIGHT,-60,10,"MES.v.0,MNQ.v.0,ES.v.0,NQ.v.0,ZN.v.0,ZB.v.0,RTY.v.0",50,Fed,https://www.federalreserve.gov/releases/h41/,2018-01-01,FED_H41 from release calendar
FED_H41_2019_07_11_TIGHT,FED_H41,2019-07-11,16:30:00,America/New_York,TIGHT,-60,10,"MES.v.0,MNQ.v.0,ES.v.0,NQ.v.0,ZN.v.0,ZB.v.0,RTY.v.0",50,Fed,https://www.federalreserve.gov/releases/h41/,2018-01-01,FED_H41 from release calendar
FED_H41_2019_07_18_TIGHT,FED_H41,2019-07-18,16:30:00,America/New_York,TIGHT,-60,10,"MES.v.0,MNQ.v.0,ES.v.0,NQ.v.0,ZN.v.0,ZB.v.0,RTY.v.0",50,Fed,https://www.federalreserve.gov/releases/h41/,2018-01-01,FED_H41 from release calendar
FED_H41_2019_07_25_TIGHT,FED_H41,2019-07-25,16:30:00,America/New_York,TIGHT,-60,10,"MES.v.0,MNQ.v.0,ES.v.0,NQ.v.0,ZN.v.0,ZB.v.0,RTY.v.0",50,Fed,https://www.federalreserve.gov/releases/h41/,2018-01-01,FED_H41 from release calendar
FED_H41_2019_08_01_TIGHT,FED_H41,2019-08-01,16:30:00,America/New_York,TIGHT,-60,10,"MES.v.0,MNQ.v.0,ES.v.0,NQ.v.0,ZN.v.0,ZB.v.0,RTY.v.0",50,Fed,https://www.federalreserve.gov/releases/h41/,2018-01-01,FED_H41 from release calendar
FED_H41_2019_08_08_TIGHT,FED_H41,2019-08-08,16:30:00,America/New_York,TIGHT,-60,10,"MES.v.0,MNQ.v.0,ES.v.0,NQ.v.0,ZN.v.0,ZB.v.0,RTY.v.0",50,Fed,https://www.federalreserve.gov/releases/h41/,2018-01-01,FED_H41 from release calendar
FED_H41_2019_08_15_TIGHT,FED_H41,2019-08-15,16:30:00,America/New_York,TIGHT,-60,10,"MES.v.0,MNQ.v.0,ES.v.0,NQ.v.0,ZN.v.0,ZB.v.0,RTY.v.0",50,Fed,https://www.federalreserve.gov/releases/h41/,2018-01-01,FED_H41 from release calendar
FED_H41_2019_08_22_TIGHT,FED_H41,2019-08-22,16:30:00,America/New_York,TIGHT,-60,10,"MES.v.0,MNQ.v.0,ES.v.0,NQ.v.0,ZN.v.0,ZB.v.0,RTY.v.0",50,Fed,https://www.federalreserve.gov/releases/h41/,2018-01-01,FED_H41 from release calendar
FED_H41_2019_08_29_TIGHT,FED_H41,2019-08-29,16:30:00,America/New_York,TIGHT,-60,10,"MES.v.0,MNQ.v.0,ES.v.0,NQ.v.0,ZN.v.0,ZB.v.0,RTY.v.0",50,Fed,https://www.federalreserve.gov/releases/h41/,2018-01-01,FED_H41 from release calendar
FED_H41_2019_09_05_TIGHT,FED_H41,2019-09-05,16:30:00,America/New_York,TIGHT,-60,10,"MES.v.0,MNQ.v.0,ES.v.0,NQ.v.0,ZN.v.0,ZB.v.0,RTY.v.0",50,Fed,https://www.federalreserve.gov/releases/h41/,2018-01-01,FED_H41 from release calendar
FED_H41_2019_09_12_TIGHT,FED_H41,2019-09-12,16:30:00,America/New_York,TIGHT,-60,10,"MES.v.0,MNQ.v.0,ES.v.0,NQ.v.0,ZN.v.0,ZB.v.0,RTY.v.0",50,Fed,https://www.federalreserve.gov/releases/h41/,2018-01-01,FED_H41 from release calendar
FED_H41_2019_09_19_TIGHT,FED_H41,2019-09-19,16:30:00,America/New_York,TIGHT,-60,10,"MES.v.0,MNQ.v.0,ES.v.0,NQ.v.0,ZN.v.0,ZB.v.0,RTY.v.0",50,Fed,https://www.federalreserve.gov/releases/h41/,2018-01-01,FED_H41 from release calendar
FED_H41_2019_09_26_TIGHT,FED_H41,2019-09-26,16:30:00,America/New_York,TIGHT,-60,10,"MES.v.0,MNQ.v.0,ES.v.0,NQ.v.0,ZN.v.0,ZB.v.0,RTY.v.0",50,Fed,https://www.federalreserve.gov/releases/h41/,2018-01-01,FED_H41 from release calendar
FED_H41_2019_10_03_TIGHT,FED_H41,2019-10-03,16:30:00,America/New_York,TIGHT,-60,10,"MES.v.0,MNQ.v.0,ES.v.0,NQ.v.0,ZN.v.0,ZB.v.0,RTY.v.0",50,Fed,https://www.federalreserve.gov/releases/h41/,2018-01-01,FED_H41 from release calendar
FED_H41_2019_10_10_TIGHT,FED_H41,2019-10-10,16:30:00,America/New_York,TIGHT,-60,10,"MES.v.0,MNQ.v.0,ES.v.0,NQ.v.0,ZN.v.0,ZB.v.0,RTY.v.0",50,Fed,https://www.federalreserve.gov/releases/h41/,2018-01-01,FED_H41 from release calendar
FED_H41_2019_10_17_TIGHT,FED_H41,2019-10-17,16:30:00,America/New_York,TIGHT,-60,10,"MES.v.0,MNQ.v.0,ES.v.0,NQ.v.0,ZN.v.0,ZB.v.0,RTY.v.0",50,Fed,https://www.federalreserve.gov/releases/h41/,2018-01-01,FED_H41 from release calendar
FED_H41_2019_10_24_TIGHT,FED_H41,2019-10-24,16:30:00,America/New_York,TIGHT,-60,10,"MES.v.0,MNQ.v.0,ES.v.0,NQ.v.0,ZN.v.0,ZB.v.0,RTY.v.0",50,Fed,https://www.federalreserve.gov/releases/h41/,2018-01-01,FED_H41 from release calendar
FED_H41_2019_10_31_TIGHT,FED_H41,2019-10-31,16:30:00,America/New_York,TIGHT,-60,10,"MES.v.0,MNQ.v.0,ES.v.0,NQ.v.0,ZN.v.0,ZB.v.0,RTY.v.0",50,Fed,https://www.federalreserve.gov/releases/h41/,2018-01-01,FED_H41 from release calendar
FED_H41_2019_11_07_TIGHT,FED_H41,2019-11-07,16:30:00,America/New_York,TIGHT,-60,10,"MES.v.0,MNQ.v.0,ES.v.0,NQ.v.0,ZN.v.0,ZB.v.0,RTY.v.0",50,Fed,https://www.federalreserve.gov/releases/h41/,2018-01-01,FED_H41 from release calendar
FED_H41_2019_11_14_TIGHT,FED_H41,2019-11-14,16:30:00,America/New_York,TIGHT,-60,10,"MES.v.0,MNQ.v.0,ES.v.0,NQ.v.0,ZN.v.0,ZB.v.0,RTY.v.0",50,Fed,https://www.federalreserve.gov/releases/h41/,2018-01-01,FED_H41 from release calendar
FED_H41_2019_11_21_TIGHT,FED_H41,2019-11-21,16:30:00,America/New_York,TIGHT,-60,10,"MES.v.0,MNQ.v.0,ES.v.0,NQ.v.0,ZN.v.0,ZB.v.0,RTY.v.0",50,Fed,https://www.federalreserve.gov/releases/h41/,2018-01-01,FED_H41 from release calendar
FED_H41_2019_11_29_TIGHT,FED_H41,2019-11-29,16:30:00,America/New_York,TIGHT,-60,10,"MES.v.0,MNQ.v.0,ES.v.0,NQ.v.0,ZN.v.0,ZB.v.0,RTY.v.0",50,Fed,https://www.federalreserve.gov/releases/h41/,2018-01-01,FED_H41 from release calendar
FED_H41_2019_12_05_TIGHT,FED_H41,2019-12-05,16:30:00,America/New_York,TIGHT,-60,10,"MES.v.0,MNQ.v.0,ES.v.0,NQ.v.0,ZN.v.0,ZB.v.0,RTY.v.0",50,Fed,https://www.federalreserve.gov/releases/h41/,2018-01-01,FED_H41 from release calendar
FED_H41_2019_12_12_TIGHT,FED_H41,2019-12-12,16:30:00,America/New_York,TIGHT,-60,10,"MES.v.0,MNQ.v.0,ES.v.0,NQ.v.0,ZN.v.0,ZB.v.0,RTY.v.0",50,Fed,https://www.federalreserve.gov/releases/h41/,2018-01-01,FED_H41 from release calendar
FED_H41_2019_12_19_TIGHT,FED_H41,2019-12-19,16:30:00,America/New_York,TIGHT,-60,10,"MES.v.0,MNQ.v.0,ES.v.0,NQ.v.0,ZN.v.0,ZB.v.0,RTY.v.0",50,Fed,https://www.federalreserve.gov/releases/h41/,2018-01-01,FED_H41 from release calendar
FED_H41_2019_12_26_TIGHT,FED_H41,2019-12-26,16:30:00,America/New_York,TIGHT,-60,10,"MES.v.0,MNQ.v.0,ES.v.0,NQ.v.0,ZN.v.0,ZB.v.0,RTY.v.0",50,Fed,https://www.federalreserve.gov/releases/h41/,2018-01-01,FED_H41 from release calendar
FED_H41_2020_01_02_TIGHT,FED_H41,2020-01-02,16:30:00,America/New_York,TIGHT,-60,10,"MES.v.0,MNQ.v.0,ES.v.0,NQ.v.0,ZN.v.0,ZB.v.0,RTY.v.0",50,Fed,https://www.federalreserve.gov/releases/h41/,2018-01-01,FED_H41 from release calendar
FED_H41_2020_01_09_TIGHT,FED_H41,2020-01-09,16:30:00,America/New_York,TIGHT,-60,10,"MES.v.0,MNQ.v.0,ES.v.0,NQ.v.0,ZN.v.0,ZB.v.0,RTY.v.0",50,Fed,https://www.federalreserve.gov/releases/h41/,2018-01-01,FED_H41 from release calendar
FED_H41_2020_01_16_TIGHT,FED_H41,2020-01-16,16:30:00,America/New_York,TIGHT,-60,10,"MES.v.0,MNQ.v.0,ES.v.0,NQ.v.0,ZN.v.0,ZB.v.0,RTY.v.0",50,Fed,https://www.federalreserve.gov/releases/h41/,2018-01-01,FED_H41 from release calendar
FED_H41_2020_01_23_TIGHT,FED_H41,2020-01-23,16:30:00,America/New_York,TIGHT,-60,10,"MES.v.0,MNQ.v.0,ES.v.0,NQ.v.0,ZN.v.0,ZB.v.0,RTY.v.0",50,Fed,https://www.federalreserve.gov/releases/h41/,2018-01-01,FED_H41 from release calendar
FED_H41_2020_01_30_TIGHT,FED_H41,2020-01-30,16:30:00,America/New_York,TIGHT,-60,10,"MES.v.0,MNQ.v.0,ES.v.0,NQ.v.0,ZN.v.0,ZB.v.0,RTY.v.0",50,Fed,https://www.federalreserve.gov/releases/h41/,2018-01-01,FED_H41 from release calendar
FED_H41_2020_02_06_TIGHT,FED_H41,2020-02-06,16:30:00,America/New_York,TIGHT,-60,10,"MES.v.0,MNQ.v.0,ES.v.0,NQ.v.0,ZN.v.0,ZB.v.0,RTY.v.0",50,Fed,https://www.federalreserve.gov/releases/h41/,2018-01-01,FED_H41 from release calendar
FED_H41_2020_02_13_TIGHT,FED_H41,2020-02-13,16:30:00,America/New_York,TIGHT,-60,10,"MES.v.0,MNQ.v.0,ES.v.0,NQ.v.0,ZN.v.0,ZB.v.0,RTY.v.0",50,Fed,https://www.federalreserve.gov/releases/h41/,2018-01-01,FED_H41 from release calendar
FED_H41_2020_02_20_TIGHT,FED_H41,2020-02-20,16:30:00,America/New_York,TIGHT,-60,10,"MES.v.0,MNQ.v.0,ES.v.0,NQ.v.0,ZN.v.0,ZB.v.0,RTY.v.0",50,Fed,https://www.federalreserve.gov/releases/h41/,2018-01-01,FED_H41 from release calendar
FED_H41_2020_02_27_TIGHT,FED_H41,2020-02-27,16:30:00,America/New_York,TIGHT,-60,10,"MES.v.0,MNQ.v.0,ES.v.0,NQ.v.0,ZN.v.0,ZB.v.0,RTY.v.0",50,Fed,https://www.federalreserve.gov/releases/h41/,2018-01-01,FED_H41 from release calendar
FED_H41_2020_03_05_TIGHT,FED_H41,2020-03-05,16:30:00,America/New_York,TIGHT,-60,10,"MES.v.0,MNQ.v.0,ES.v.0,NQ.v.0,ZN.v.0,ZB.v.0,RTY.v.0",50,Fed,https://www.federalreserve.gov/releases/h41/,2018-01-01,FED_H41 from release calendar
FED_H41_2020_03_12_TIGHT,FED_H41,2020-03-12,16:30:00,America/New_York,TIGHT,-60,10,"MES.v.0,MNQ.v.0,ES.v.0,NQ.v.0,ZN.v.0,ZB.v.0,RTY.v.0",50,Fed,https://www.federalreserve.gov/releases/h41/,2018-01-01,FED_H41 from release calendar
FED_H41_2020_03_19_TIGHT,FED_H41,2020-03-19,16:30:00,America/New_York,TIGHT,-60,10,"MES.v.0,MNQ.v.0,ES.v.0,NQ.v.0,ZN.v.0,ZB.v.0,RTY.v.0",50,Fed,https://www.federalreserve.gov/releases/h41/,2018-01-01,FED_H41 from release calendar
FED_H41_2020_03_26_TIGHT,FED_H41,2020-03-26,16:30:00,America/New_York,TIGHT,-60,10,"MES.v.0,MNQ.v.0,ES.v.0,NQ.v.0,ZN.v.0,ZB.v.0,RTY.v.0",50,Fed,https://www.federalreserve.gov/releases/h41/,2018-01-01,FED_H41 from release calendar
FED_H41_2020_04_02_TIGHT,FED_H41,2020-04-02,16:30:00,America/New_York,TIGHT,-60,10,"MES.v.0,MNQ.v.0,ES.v.0,NQ.v.0,ZN.v.0,ZB.v.0,RTY.v.0",50,Fed,https://www.federalreserve.gov/releases/h41/,2018-01-01,FED_H41 from release calendar
FED_H41_2020_04_09_TIGHT,FED_H41,2020-04-09,16:30:00,America/New_York,TIGHT,-60,10,"MES.v.0,MNQ.v.0,ES.v.0,NQ.v.0,ZN.v.0,ZB.v.0,RTY.v.0",50,Fed,https://www.federalreserve.gov/releases/h41/,2018-01-01,FED_H41 from release calendar
FED_H41_2020_04_16_TIGHT,FED_H41,2020-04-16,16:30:00,America/New_York,TIGHT,-60,10,"MES.v.0,MNQ.v.0,ES.v.0,NQ.v.0,ZN.v.0,ZB.v.0,RTY.v.0",50,Fed,https://www.federalreserve.gov/releases/h41/,2018-01-01,FED_H41 from release calendar
FED_H41_2020_04_23_TIGHT,FED_H41,2020-04-23,16:30:00,America/New_York,TIGHT,-60,10,"MES.v.0,MNQ.v.0,ES.v.0,NQ.v.0,ZN.v.0,ZB.v.0,RTY.v.0",50,Fed,https://www.federalreserve.gov/releases/h41/,2018-01-01,FED_H41 from release calendar
FED_H41_2020_04_30_TIGHT,FED_H41,2020-04-30,16:30:00,America/New_York,TIGHT,-60,10,"MES.v.0,MNQ.v.0,ES.v.0,NQ.v.0,ZN.v.0,ZB.v.0,RTY.v.0",50,Fed,https://www.federalreserve.gov/releases/h41/,2018-01-01,FED_H41 from release calendar
FED_H41_2020_05_07_TIGHT,FED_H41,2020-05-07,16:30:00,America/New_York,TIGHT,-60,10,"MES.v.0,MNQ.v.0,ES.v.0,NQ.v.0,ZN.v.0,ZB.v.0,RTY.v.0",50,Fed,https://www.federalreserve.gov/releases/h41/,2018-01-01,FED_H41 from release calendar
FED_H41_2020_05_14_TIGHT,FED_H41,2020-05-14,16:30:00,America/New_York,TIGHT,-60,10,"MES.v.0,MNQ.v.0,ES.v.0,NQ.v.0,ZN.v.0,ZB.v.0,RTY.v.0",50,Fed,https://www.federalreserve.gov/releases/h41/,2018-01-01,FED_H41 from release calendar
FED_H41_2020_05_21_TIGHT,FED_H41,2020-05-21,16:30:00,America/New_York,TIGHT,-60,10,"MES.v.0,MNQ.v.0,ES.v.0,NQ.v.0,ZN.v.0,ZB.v.0,RTY.v.0",50,Fed,https://www.federalreserve.gov/releases/h41/,2018-01-01,FED_H41 from release calendar
FED_H41_2020_05_28_TIGHT,FED_H41,2020-05-28,16:30:00,America/New_York,TIGHT,-60,10,"MES.v.0,MNQ.v.0,ES.v.0,NQ.v.0,ZN.v.0,ZB.v.0,RTY.v.0",50,Fed,https://www.federalreserve.gov/releases/h41/,2018-01-01,FED_H41 from release calendar
FED_H41_2020_06_04_TIGHT,FED_H41,2020-06-04,16:30:00,America/New_York,TIGHT,-60,10,"MES.v.0,MNQ.v.0,ES.v.0,NQ.v.0,ZN.v.0,ZB.v.0,RTY.v.0",50,Fed,https://www.federalreserve.gov/releases/h41/,2018-01-01,FED_H41 from release calendar
FED_H41_2020_06_11_TIGHT,FED_H41,2020-06-11,16:30:00,America/New_York,TIGHT,-60,10,"MES.v.0,MNQ.v.0,ES.v.0,NQ.v.0,ZN.v.0,ZB.v.0,RTY.v.0",50,Fed,https://www.federalreserve.gov/releases/h41/,2018-01-01,FED_H41 from release calendar
FED_H41_2020_06_18_TIGHT,FED_H41,2020-06-18,16:30:00,America/New_York,TIGHT,-60,10,"MES.v.0,MNQ.v.0,ES.v.0,NQ.v.0,ZN.v.0,ZB.v.0,RTY.v.0",50,Fed,https://www.federalreserve.gov/releases/h41/,2018-01-01,FED_H41 from release calendar
FED_H41_2020_06_25_TIGHT,FED_H41,2020-06-25,16:30:00,America/New_York,TIGHT,-60,10,"MES.v.0,MNQ.v.0,ES.v.0,NQ.v.0,ZN.v.0,ZB.v.0,RTY.v.0",50,Fed,https://www.federalreserve.gov/releases/h41/,2018-01-01,FED_H41 from release calendar
FED_H41_2020_07_02_TIGHT,FED_H41,2020-07-02,16:30:00,America/New_York,TIGHT,-60,10,"MES.v.0,MNQ.v.0,ES.v.0,NQ.v.0,ZN.v.0,ZB.v.0,RTY.v.0",50,Fed,https://www.federalreserve.gov/releases/h41/,2018-01-01,FED_H41 from release calendar
FED_H41_2020_07_09_TIGHT,FED_H41,2020-07-09,16:30:00,America/New_York,TIGHT,-60,10,"MES.v.0,MNQ.v.0,ES.v.0,NQ.v.0,ZN.v.0,ZB.v.0,RTY.v.0",50,Fed,https://www.federalreserve.gov/releases/h41/,2018-01-01,FED_H41 from release calendar
FED_H41_2020_07_16_TIGHT,FED_H41,2020-07-16,16:30:00,America/New_York,TIGHT,-60,10,"MES.v.0,MNQ.v.0,ES.v.0,NQ.v.0,ZN.v.0,ZB.v.0,RTY.v.0",50,Fed,https://www.federalreserve.gov/releases/h41/,2018-01-01,FED_H41 from release calendar
FED_H41_2020_07_23_TIGHT,FED_H41,2020-07-23,16:30:00,America/New_York,TIGHT,-60,10,"MES.v.0,MNQ.v.0,ES.v.0,NQ.v.0,ZN.v.0,ZB.v.0,RTY.v.0",50,Fed,https://www.federalreserve.gov/releases/h41/,2018-01-01,FED_H41 from release calendar
FED_H41_2020_07_30_TIGHT,FED_H41,2020-07-30,16:30:00,America/New_York,TIGHT,-60,10,"MES.v.0,MNQ.v.0,ES.v.0,NQ.v.0,ZN.v.0,ZB.v.0,RTY.v.0",50,Fed,https://www.federalreserve.gov/releases/h41/,2018-01-01,FED_H41 from release calendar
FED_H41_2020_08_06_TIGHT,FED_H41,2020-08-06,16:30:00,America/New_York,TIGHT,-60,10,"MES.v.0,MNQ.v.0,ES.v.0,NQ.v.0,ZN.v.0,ZB.v.0,RTY.v.0",50,Fed,https://www.federalreserve.gov/releases/h41/,2018-01-01,FED_H41 from release calendar
FED_H41_2020_08_13_TIGHT,FED_H41,2020-08-13,16:30:00,America/New_York,TIGHT,-60,10,"MES.v.0,MNQ.v.0,ES.v.0,NQ.v.0,ZN.v.0,ZB.v.0,RTY.v.0",50,Fed,https://www.federalreserve.gov/releases/h41/,2018-01-01,FED_H41 from release calendar
FED_H41_2020_08_20_TIGHT,FED_H41,2020-08-20,16:30:00,America/New_York,TIGHT,-60,10,"MES.v.0,MNQ.v.0,ES.v.0,NQ.v.0,ZN.v.0,ZB.v.0,RTY.v.0",50,Fed,https://www.federalreserve.gov/releases/h41/,2018-01-01,FED_H41 from release calendar
FED_H41_2020_08_27_TIGHT,FED_H41,2020-08-27,16:30:00,America/New_York,TIGHT,-60,10,"MES.v.0,MNQ.v.0,ES.v.0,NQ.v.0,ZN.v.0,ZB.v.0,RTY.v.0",50,Fed,https://www.federalreserve.gov/releases/h41/,2018-01-01,FED_H41 from release calendar
FED_H41_2020_09_03_TIGHT,FED_H41,2020-09-03,16:30:00,America/New_York,TIGHT,-60,10,"MES.v.0,MNQ.v.0,ES.v.0,NQ.v.0,ZN.v.0,ZB.v.0,RTY.v.0",50,Fed,https://www.federalreserve.gov/releases/h41/,2018-01-01,FED_H41 from release calendar
FED_H41_2020_09_10_TIGHT,FED_H41,2020-09-10,16:30:00,America/New_York,TIGHT,-60,10,"MES.v.0,MNQ.v.0,ES.v.0,NQ.v.0,ZN.v.0,ZB.v.0,RTY.v.0",50,Fed,https://www.federalreserve.gov/releases/h41/,2018-01-01,FED_H41 from release calendar
FED_H41_2020_09_17_TIGHT,FED_H41,2020-09-17,16:30:00,America/New_York,TIGHT,-60,10,"MES.v.0,MNQ.v.0,ES.v.0,NQ.v.0,ZN.v.0,ZB.v.0,RTY.v.0",50,Fed,https://www.federalreserve.gov/releases/h41/,2018-01-01,FED_H41 from release calendar
FED_H41_2020_09_24_TIGHT,FED_H41,2020-09-24,16:30:00,America/New_York,TIGHT,-60,10,"MES.v.0,MNQ.v.0,ES.v.0,NQ.v.0,ZN.v.0,ZB.v.0,RTY.v.0",50,Fed,https://www.federalreserve.gov/releases/h41/,2018-01-01,FED_H41 from release calendar
FED_H41_2020_10_01_TIGHT,FED_H41,2020-10-01,16:30:00,America/New_York,TIGHT,-60,10,"MES.v.0,MNQ.v.0,ES.v.0,NQ.v.0,ZN.v.0,ZB.v.0,RTY.v.0",50,Fed,https://www.federalreserve.gov/releases/h41/,2018-01-01,FED_H41 from release calendar
FED_H41_2020_10_08_TIGHT,FED_H41,2020-10-08,16:30:00,America/New_York,TIGHT,-60,10,"MES.v.0,MNQ.v.0,ES.v.0,NQ.v.0,ZN.v.0,ZB.v.0,RTY.v.0",50,Fed,https://www.federalreserve.gov/releases/h41/,2018-01-01,FED_H41 from release calendar
FED_H41_2020_10_15_TIGHT,FED_H41,2020-10-15,16:30:00,America/New_York,TIGHT,-60,10,"MES.v.0,MNQ.v.0,ES.v.0,NQ.v.0,ZN.v.0,ZB.v.0,RTY.v.0",50,Fed,https://www.federalreserve.gov/releases/h41/,2018-01-01,FED_H41 from release calendar
FED_H41_2020_10_22_TIGHT,FED_H41,2020-10-22,16:30:00,America/New_York,TIGHT,-60,10,"MES.v.0,MNQ.v.0,ES.v.0,NQ.v.0,ZN.v.0,ZB.v.0,RTY.v.0",50,Fed,https://www.federalreserve.gov/releases/h41/,2018-01-01,FED_H41 from release calendar
FED_H41_2020_10_29_TIGHT,FED_H41,2020-10-29,16:30:00,America/New_York,TIGHT,-60,10,"MES.v.0,MNQ.v.0,ES.v.0,NQ.v.0,ZN.v.0,ZB.v.0,RTY.v.0",50,Fed,https://www.federalreserve.gov/releases/h41/,2018-01-01,FED_H41 from release calendar
FED_H41_2020_11_05_TIGHT,FED_H41,2020-11-05,16:30:00,America/New_York,TIGHT,-60,10,"MES.v.0,MNQ.v.0,ES.v.0,NQ.v.0,ZN.v.0,ZB.v.0,RTY.v.0",50,Fed,https://www.federalreserve.gov/releases/h41/,2018-01-01,FED_H41 from release calendar
FED_H41_2020_11_12_TIGHT,FED_H41,2020-11-12,16:30:00,America/New_York,TIGHT,-60,10,"MES.v.0,MNQ.v.0,ES.v.0,NQ.v.0,ZN.v.0,ZB.v.0,RTY.v.0",50,Fed,https://www.federalreserve.gov/releases/h41/,2018-01-01,FED_H41 from release calendar
FED_H41_2020_11_19_TIGHT,FED_H41,2020-11-19,16:30:00,America/New_York,TIGHT,-60,10,"MES.v.0,MNQ.v.0,ES.v.0,NQ.v.0,ZN.v.0,ZB.v.0,RTY.v.0",50,Fed,https://www.federalreserve.gov/releases/h41/,2018-01-01,FED_H41 from release calendar
FED_H41_2020_11_27_TIGHT,FED_H41,2020-11-27,16:30:00,America/New_York,TIGHT,-60,10,"MES.v.0,MNQ.v.0,ES.v.0,NQ.v.0,ZN.v.0,ZB.v.0,RTY.v.0",50,Fed,https://www.federalreserve.gov/releases/h41/,2018-01-01,FED_H41 from release calendar
FED_H41_2020_12_03_TIGHT,FED_H41,2020-12-03,16:30:00,America/New_York,TIGHT,-60,10,"MES.v.0,MNQ.v.0,ES.v.0,NQ.v.0,ZN.v.0,ZB.v.0,RTY.v.0",50,Fed,https://www.federalreserve.gov/releases/h41/,2018-01-01,FED_H41 from release calendar
FED_H41_2020_12_10_TIGHT,FED_H41,2020-12-10,16:30:00,America/New_York,TIGHT,-60,10,"MES.v.0,MNQ.v.0,ES.v.0,NQ.v.0,ZN.v.0,ZB.v.0,RTY.v.0",50,Fed,https://www.federalreserve.gov/releases/h41/,2018-01-01,FED_H41 from release calendar
FED_H41_2020_12_17_TIGHT,FED_H41,2020-12-17,16:30:00,America/New_York,TIGHT,-60,10,"MES.v.0,MNQ.v.0,ES.v.0,NQ.v.0,ZN.v.0,ZB.v.0,RTY.v.0",50,Fed,https://www.federalreserve.gov/releases/h41/,2018-01-01,FED_H41 from release calendar
FED_H41_2020_12_28_TIGHT,FED_H41,2020-12-28,16:30:00,America/New_York,TIGHT,-60,10,"MES.v.0,MNQ.v.0,ES.v.0,NQ.v.0,ZN.v.0,ZB.v.0,RTY.v.0",50,Fed,https://www.federalreserve.gov/releases/h41/,2018-01-01,FED_H41 from release calendar
FED_H41_2020_12_31_TIGHT,FED_H41,2020-12-31,16:30:00,America/New_York,TIGHT,-60,10,"MES.v.0,MNQ.v.0,ES.v.0,NQ.v.0,ZN.v.0,ZB.v.0,RTY.v.0",50,Fed,https://www.federalreserve.gov/releases/h41/,2018-01-01,FED_H41 from release calendar
FED_H41_2021_01_07_TIGHT,FED_H41,2021-01-07,16:30:00,America/New_York,TIGHT,-60,10,"MES.v.0,MNQ.v.0,ES.v.0,NQ.v.0,ZN.v.0,ZB.v.0,RTY.v.0",50,Fed,https://www.federalreserve.gov/releases/h41/,2018-01-01,FED_H41 from release calendar
FED_H41_2021_01_14_TIGHT,FED_H41,2021-01-14,16:30:00,America/New_York,TIGHT,-60,10,"MES.v.0,MNQ.v.0,ES.v.0,NQ.v.0,ZN.v.0,ZB.v.0,RTY.v.0",50,Fed,https://www.federalreserve.gov/releases/h41/,2018-01-01,FED_H41 from release calendar
FED_H41_2021_01_21_TIGHT,FED_H41,2021-01-21,16:30:00,America/New_York,TIGHT,-60,10,"MES.v.0,MNQ.v.0,ES.v.0,NQ.v.0,ZN.v.0,ZB.v.0,RTY.v.0",50,Fed,https://www.federalreserve.gov/releases/h41/,2018-01-01,FED_H41 from release calendar
FED_H41_2021_01_28_TIGHT,FED_H41,2021-01-28,16:30:00,America/New_York,TIGHT,-60,10,"MES.v.0,MNQ.v.0,ES.v.0,NQ.v.0,ZN.v.0,ZB.v.0,RTY.v.0",50,Fed,https://www.federalreserve.gov/releases/h41/,2018-01-01,FED_H41 from release calendar
FED_H41_2021_02_04_TIGHT,FED_H41,2021-02-04,16:30:00,America/New_York,TIGHT,-60,10,"MES.v.0,MNQ.v.0,ES.v.0,NQ.v.0,ZN.v.0,ZB.v.0,RTY.v.0",50,Fed,https://www.federalreserve.gov/releases/h41/,2018-01-01,FED_H41 from release calendar
FED_H41_2021_02_11_TIGHT,FED_H41,2021-02-11,16:30:00,America/New_York,TIGHT,-60,10,"MES.v.0,MNQ.v.0,ES.v.0,NQ.v.0,ZN.v.0,ZB.v.0,RTY.v.0",50,Fed,https://www.federalreserve.gov/releases/h41/,2018-01-01,FED_H41 from release calendar
FED_H41_2021_02_18_TIGHT,FED_H41,2021-02-18,16:30:00,America/New_York,TIGHT,-60,10,"MES.v.0,MNQ.v.0,ES.v.0,NQ.v.0,ZN.v.0,ZB.v.0,RTY.v.0",50,Fed,https://www.federalreserve.gov/releases/h41/,2018-01-01,FED_H41 from release calendar
FED_H41_2021_02_25_TIGHT,FED_H41,2021-02-25,16:30:00,America/New_York,TIGHT,-60,10,"MES.v.0,MNQ.v.0,ES.v.0,NQ.v.0,ZN.v.0,ZB.v.0,RTY.v.0",50,Fed,https://www.federalreserve.gov/releases/h41/,2018-01-01,FED_H41 from release calendar
FED_H41_2021_03_04_TIGHT,FED_H41,2021-03-04,16:30:00,America/New_York,TIGHT,-60,10,"MES.v.0,MNQ.v.0,ES.v.0,NQ.v.0,ZN.v.0,ZB.v.0,RTY.v.0",50,Fed,https://www.federalreserve.gov/releases/h41/,2018-01-01,FED_H41 from release calendar
FED_H41_2021_03_11_TIGHT,FED_H41,2021-03-11,16:30:00,America/New_York,TIGHT,-60,10,"MES.v.0,MNQ.v.0,ES.v.0,NQ.v.0,ZN.v.0,ZB.v.0,RTY.v.0",50,Fed,https://www.federalreserve.gov/releases/h41/,2018-01-01,FED_H41 from release calendar
FED_H41_2021_03_18_TIGHT,FED_H41,2021-03-18,16:30:00,America/New_York,TIGHT,-60,10,"MES.v.0,MNQ.v.0,ES.v.0,NQ.v.0,ZN.v.0,ZB.v.0,RTY.v.0",50,Fed,https://www.federalreserve.gov/releases/h41/,2018-01-01,FED_H41 from release calendar
FED_H41_2021_03_25_TIGHT,FED_H41,2021-03-25,16:30:00,America/New_York,TIGHT,-60,10,"MES.v.0,MNQ.v.0,ES.v.0,NQ.v.0,ZN.v.0,ZB.v.0,RTY.v.0",50,Fed,https://www.federalreserve.gov/releases/h41/,2018-01-01,FED_H41 from release calendar
FED_H41_2021_04_01_TIGHT,FED_H41,2021-04-01,16:30:00,America/New_York,TIGHT,-60,10,"MES.v.0,MNQ.v.0,ES.v.0,NQ.v.0,ZN.v.0,ZB.v.0,RTY.v.0",50,Fed,https://www.federalreserve.gov/releases/h41/,2018-01-01,FED_H41 from release calendar
FED_H41_2021_04_08_TIGHT,FED_H41,2021-04-08,16:30:00,America/New_York,TIGHT,-60,10,"MES.v.0,MNQ.v.0,ES.v.0,NQ.v.0,ZN.v.0,ZB.v.0,RTY.v.0",50,Fed,https://www.federalreserve.gov/releases/h41/,2018-01-01,FED_H41 from release calendar
FED_H41_2021_04_15_TIGHT,FED_H41,2021-04-15,16:30:00,America/New_York,TIGHT,-60,10,"MES.v.0,MNQ.v.0,ES.v.0,NQ.v.0,ZN.v.0,ZB.v.0,RTY.v.0",50,Fed,https://www.federalreserve.gov/releases/h41/,2018-01-01,FED_H41 from release calendar
FED_H41_2021_04_22_TIGHT,FED_H41,2021-04-22,16:30:00,America/New_York,TIGHT,-60,10,"MES.v.0,MNQ.v.0,ES.v.0,NQ.v.0,ZN.v.0,ZB.v.0,RTY.v.0",50,Fed,https://www.federalreserve.gov/releases/h41/,2018-01-01,FED_H41 from release calendar
FED_H41_2021_04_29_TIGHT,FED_H41,2021-04-29,16:30:00,America/New_York,TIGHT,-60,10,"MES.v.0,MNQ.v.0,ES.v.0,NQ.v.0,ZN.v.0,ZB.v.0,RTY.v.0",50,Fed,https://www.federalreserve.gov/releases/h41/,2018-01-01,FED_H41 from release calendar
FED_H41_2021_05_06_TIGHT,FED_H41,2021-05-06,16:30:00,America/New_York,TIGHT,-60,10,"MES.v.0,MNQ.v.0,ES.v.0,NQ.v.0,ZN.v.0,ZB.v.0,RTY.v.0",50,Fed,https://www.federalreserve.gov/releases/h41/,2018-01-01,FED_H41 from release calendar
FED_H41_2021_05_13_TIGHT,FED_H41,2021-05-13,16:30:00,America/New_York,TIGHT,-60,10,"MES.v.0,MNQ.v.0,ES.v.0,NQ.v.0,ZN.v.0,ZB.v.0,RTY.v.0",50,Fed,https://www.federalreserve.gov/releases/h41/,2018-01-01,FED_H41 from release calendar
FED_H41_2021_05_20_TIGHT,FED_H41,2021-05-20,16:30:00,America/New_York,TIGHT,-60,10,"MES.v.0,MNQ.v.0,ES.v.0,NQ.v.0,ZN.v.0,ZB.v.0,RTY.v.0",50,Fed,https://www.federalreserve.gov/releases/h41/,2018-01-01,FED_H41 from release calendar
FED_H41_2021_05_27_TIGHT,FED_H41,2021-05-27,16:30:00,America/New_York,TIGHT,-60,10,"MES.v.0,MNQ.v.0,ES.v.0,NQ.v.0,ZN.v.0,ZB.v.0,RTY.v.0",50,Fed,https://www.federalreserve.gov/releases/h41/,2018-01-01,FED_H41 from release calendar
FED_H41_2021_06_03_TIGHT,FED_H41,2021-06-03,16:30:00,America/New_York,TIGHT,-60,10,"MES.v.0,MNQ.v.0,ES.v.0,NQ.v.0,ZN.v.0,ZB.v.0,RTY.v.0",50,Fed,https://www.federalreserve.gov/releases/h41/,2018-01-01,FED_H41 from release calendar
FED_H41_2021_06_10_TIGHT,FED_H41,2021-06-10,16:30:00,America/New_York,TIGHT,-60,10,"MES.v.0,MNQ.v.0,ES.v.0,NQ.v.0,ZN.v.0,ZB.v.0,RTY.v.0",50,Fed,https://www.federalreserve.gov/releases/h41/,2018-01-01,FED_H41 from release calendar
FED_H41_2021_06_17_TIGHT,FED_H41,2021-06-17,16:30:00,America/New_York,TIGHT,-60,10,"MES.v.0,MNQ.v.0,ES.v.0,NQ.v.0,ZN.v.0,ZB.v.0,RTY.v.0",50,Fed,https://www.federalreserve.gov/releases/h41/,2018-01-01,FED_H41 from release calendar
FED_H41_2021_06_24_TIGHT,FED_H41,2021-06-24,16:30:00,America/New_York,TIGHT,-60,10,"MES.v.0,MNQ.v.0,ES.v.0,NQ.v.0,ZN.v.0,ZB.v.0,RTY.v.0",50,Fed,https://www.federalreserve.gov/releases/h41/,2018-01-01,FED_H41 from release calendar
FED_H41_2021_07_01_TIGHT,FED_H41,2021-07-01,16:30:00,America/New_York,TIGHT,-60,10,"MES.v.0,MNQ.v.0,ES.v.0,NQ.v.0,ZN.v.0,ZB.v.0,RTY.v.0",50,Fed,https://www.federalreserve.gov/releases/h41/,2018-01-01,FED_H41 from release calendar
FED_H41_2021_07_08_TIGHT,FED_H41,2021-07-08,16:30:00,America/New_York,TIGHT,-60,10,"MES.v.0,MNQ.v.0,ES.v.0,NQ.v.0,ZN.v.0,ZB.v.0,RTY.v.0",50,Fed,https://www.federalreserve.gov/releases/h41/,2018-01-01,FED_H41 from release calendar
FED_H41_2021_07_15_TIGHT,FED_H41,2021-07-15,16:30:00,America/New_York,TIGHT,-60,10,"MES.v.0,MNQ.v.0,ES.v.0,NQ.v.0,ZN.v.0,ZB.v.0,RTY.v.0",50,Fed,https://www.federalreserve.gov/releases/h41/,2018-01-01,FED_H41 from release calendar
FED_H41_2021_07_22_TIGHT,FED_H41,2021-07-22,16:30:00,America/New_York,TIGHT,-60,10,"MES.v.0,MNQ.v.0,ES.v.0,NQ.v.0,ZN.v.0,ZB.v.0,RTY.v.0",50,Fed,https://www.federalreserve.gov/releases/h41/,2018-01-01,FED_H41 from release calendar
FED_H41_2021_07_29_TIGHT,FED_H41,2021-07-29,16:30:00,America/New_York,TIGHT,-60,10,"MES.v.0,MNQ.v.0,ES.v.0,NQ.v.0,ZN.v.0,ZB.v.0,RTY.v.0",50,Fed,https://www.federalreserve.gov/releases/h41/,2018-01-01,FED_H41 from release calendar
FED_H41_2021_08_05_TIGHT,FED_H41,2021-08-05,16:30:00,America/New_York,TIGHT,-60,10,"MES.v.0,MNQ.v.0,ES.v.0,NQ.v.0,ZN.v.0,ZB.v.0,RTY.v.0",50,Fed,https://www.federalreserve.gov/releases/h41/,2018-01-01,FED_H41 from release calendar
FED_H41_2021_08_12_TIGHT,FED_H41,2021-08-12,16:30:00,America/New_York,TIGHT,-60,10,"MES.v.0,MNQ.v.0,ES.v.0,NQ.v.0,ZN.v.0,ZB.v.0,RTY.v.0",50,Fed,https://www.federalreserve.gov/releases/h41/,2018-01-01,FED_H41 from release calendar
FED_H41_2021_08_19_TIGHT,FED_H41,2021-08-19,16:30:00,America/New_York,TIGHT,-60,10,"MES.v.0,MNQ.v.0,ES.v.0,NQ.v.0,ZN.v.0,ZB.v.0,RTY.v.0",50,Fed,https://www.federalreserve.gov/releases/h41/,2018-01-01,FED_H41 from release calendar
FED_H41_2021_08_26_TIGHT,FED_H41,2021-08-26,16:30:00,America/New_York,TIGHT,-60,10,"MES.v.0,MNQ.v.0,ES.v.0,NQ.v.0,ZN.v.0,ZB.v.0,RTY.v.0",50,Fed,https://www.federalreserve.gov/releases/h41/,2018-01-01,FED_H41 from release calendar
FED_H41_2021_09_02_TIGHT,FED_H41,2021-09-02,16:30:00,America/New_York,TIGHT,-60,10,"MES.v.0,MNQ.v.0,ES.v.0,NQ.v.0,ZN.v.0,ZB.v.0,RTY.v.0",50,Fed,https://www.federalreserve.gov/releases/h41/,2018-01-01,FED_H41 from release calendar
FED_H41_2021_09_09_TIGHT,FED_H41,2021-09-09,16:30:00,America/New_York,TIGHT,-60,10,"MES.v.0,MNQ.v.0,ES.v.0,NQ.v.0,ZN.v.0,ZB.v.0,RTY.v.0",50,Fed,https://www.federalreserve.gov/releases/h41/,2018-01-01,FED_H41 from release calendar
FED_H41_2021_09_16_TIGHT,FED_H41,2021-09-16,16:30:00,America/New_York,TIGHT,-60,10,"MES.v.0,MNQ.v.0,ES.v.0,NQ.v.0,ZN.v.0,ZB.v.0,RTY.v.0",50,Fed,https://www.federalreserve.gov/releases/h41/,2018-01-01,FED_H41 from release calendar
FED_H41_2021_09_23_TIGHT,FED_H41,2021-09-23,16:30:00,America/New_York,TIGHT,-60,10,"MES.v.0,MNQ.v.0,ES.v.0,NQ.v.0,ZN.v.0,ZB.v.0,RTY.v.0",50,Fed,https://www.federalreserve.gov/releases/h41/,2018-01-01,FED_H41 from release calendar
FED_H41_2021_09_30_TIGHT,FED_H41,2021-09-30,16:30:00,America/New_York,TIGHT,-60,10,"MES.v.0,MNQ.v.0,ES.v.0,NQ.v.0,ZN.v.0,ZB.v.0,RTY.v.0",50,Fed,https://www.federalreserve.gov/releases/h41/,2018-01-01,FED_H41 from release calendar
FED_H41_2021_10_07_TIGHT,FED_H41,2021-10-07,16:30:00,America/New_York,TIGHT,-60,10,"MES.v.0,MNQ.v.0,ES.v.0,NQ.v.0,ZN.v.0,ZB.v.0,RTY.v.0",50,Fed,https://www.federalreserve.gov/releases/h41/,2018-01-01,FED_H41 from release calendar
FED_H41_2021_10_14_TIGHT,FED_H41,2021-10-14,16:30:00,America/New_York,TIGHT,-60,10,"MES.v.0,MNQ.v.0,ES.v.0,NQ.v.0,ZN.v.0,ZB.v.0,RTY.v.0",50,Fed,https://www.federalreserve.gov/releases/h41/,2018-01-01,FED_H41 from release calendar
FED_H41_2021_10_21_TIGHT,FED_H41,2021-10-21,16:30:00,America/New_York,TIGHT,-60,10,"MES.v.0,MNQ.v.0,ES.v.0,NQ.v.0,ZN.v.0,ZB.v.0,RTY.v.0",50,Fed,https://www.federalreserve.gov/releases/h41/,2018-01-01,FED_H41 from release calendar
FED_H41_2021_10_28_TIGHT,FED_H41,2021-10-28,16:30:00,America/New_York,TIGHT,-60,10,"MES.v.0,MNQ.v.0,ES.v.0,NQ.v.0,ZN.v.0,ZB.v.0,RTY.v.0",50,Fed,https://www.federalreserve.gov/releases/h41/,2018-01-01,FED_H41 from release calendar
FED_H41_2021_11_04_TIGHT,FED_H41,2021-11-04,16:30:00,America/New_York,TIGHT,-60,10,"MES.v.0,MNQ.v.0,ES.v.0,NQ.v.0,ZN.v.0,ZB.v.0,RTY.v.0",50,Fed,https://www.federalreserve.gov/releases/h41/,2018-01-01,FED_H41 from release calendar
FED_H41_2021_11_12_TIGHT,FED_H41,2021-11-12,16:30:00,America/New_York,TIGHT,-60,10,"MES.v.0,MNQ.v.0,ES.v.0,NQ.v.0,ZN.v.0,ZB.v.0,RTY.v.0",50,Fed,https://www.federalreserve.gov/releases/h41/,2018-01-01,FED_H41 from release calendar
FED_H41_2021_11_18_TIGHT,FED_H41,2021-11-18,16:30:00,America/New_York,TIGHT,-60,10,"MES.v.0,MNQ.v.0,ES.v.0,NQ.v.0,ZN.v.0,ZB.v.0,RTY.v.0",50,Fed,https://www.federalreserve.gov/releases/h41/,2018-01-01,FED_H41 from release calendar
FED_H41_2021_11_26_TIGHT,FED_H41,2021-11-26,16:30:00,America/New_York,TIGHT,-60,10,"MES.v.0,MNQ.v.0,ES.v.0,NQ.v.0,ZN.v.0,ZB.v.0,RTY.v.0",50,Fed,https://www.federalreserve.gov/releases/h41/,2018-01-01,FED_H41 from release calendar
FED_H41_2021_12_02_TIGHT,FED_H41,2021-12-02,16:30:00,America/New_York,TIGHT,-60,10,"MES.v.0,MNQ.v.0,ES.v.0,NQ.v.0,ZN.v.0,ZB.v.0,RTY.v.0",50,Fed,https://www.federalreserve.gov/releases/h41/,2018-01-01,FED_H41 from release calendar
FED_H41_2021_12_09_TIGHT,FED_H41,2021-12-09,16:30:00,America/New_York,TIGHT,-60,10,"MES.v.0,MNQ.v.0,ES.v.0,NQ.v.0,ZN.v.0,ZB.v.0,RTY.v.0",50,Fed,https://www.federalreserve.gov/releases/h41/,2018-01-01,FED_H41 from release calendar
FED_H41_2021_12_16_TIGHT,FED_H41,2021-12-16,16:30:00,America/New_York,TIGHT,-60,10,"MES.v.0,MNQ.v.0,ES.v.0,NQ.v.0,ZN.v.0,ZB.v.0,RTY.v.0",50,Fed,https://www.federalreserve.gov/releases/h41/,2018-01-01,FED_H41 from release calendar
FED_H41_2021_12_23_TIGHT,FED_H41,2021-12-23,16:30:00,America/New_York,TIGHT,-60,10,"MES.v.0,MNQ.v.0,ES.v.0,NQ.v.0,ZN.v.0,ZB.v.0,RTY.v.0",50,Fed,https://www.federalreserve.gov/releases/h41/,2018-01-01,FED_H41 from release calendar
FED_H41_2021_12_30_TIGHT,FED_H41,2021-12-30,16:30:00,America/New_York,TIGHT,-60,10,"MES.v.0,MNQ.v.0,ES.v.0,NQ.v.0,ZN.v.0,ZB.v.0,RTY.v.0",50,Fed,https://www.federalreserve.gov/releases/h41/,2018-01-01,FED_H41 from release calendar
FED_H41_2022_01_06_TIGHT,FED_H41,2022-01-06,16:30:00,America/New_York,TIGHT,-60,10,"MES.v.0,MNQ.v.0,ES.v.0,NQ.v.0,ZN.v.0,ZB.v.0,RTY.v.0",50,Fed,https://www.federalreserve.gov/releases/h41/,2018-01-01,FED_H41 from release calendar
FED_H41_2022_01_13_TIGHT,FED_H41,2022-01-13,16:30:00,America/New_York,TIGHT,-60,10,"MES.v.0,MNQ.v.0,ES.v.0,NQ.v.0,ZN.v.0,ZB.v.0,RTY.v.0",50,Fed,https://www.federalreserve.gov/releases/h41/,2018-01-01,FED_H41 from release calendar
FED_H41_2022_01_20_TIGHT,FED_H41,2022-01-20,16:30:00,America/New_York,TIGHT,-60,10,"MES.v.0,MNQ.v.0,ES.v.0,NQ.v.0,ZN.v.0,ZB.v.0,RTY.v.0",50,Fed,https://www.federalreserve.gov/releases/h41/,2018-01-01,FED_H41 from release calendar
FED_H41_2022_01_27_TIGHT,FED_H41,2022-01-27,16:30:00,America/New_York,TIGHT,-60,10,"MES.v.0,MNQ.v.0,ES.v.0,NQ.v.0,ZN.v.0,ZB.v.0,RTY.v.0",50,Fed,https://www.federalreserve.gov/releases/h41/,2018-01-01,FED_H41 from release calendar
FED_H41_2022_02_03_TIGHT,FED_H41,2022-02-03,16:30:00,America/New_York,TIGHT,-60,10,"MES.v.0,MNQ.v.0,ES.v.0,NQ.v.0,ZN.v.0,ZB.v.0,RTY.v.0",50,Fed,https://www.federalreserve.gov/releases/h41/,2018-01-01,FED_H41 from release calendar
FED_H41_2022_02_10_TIGHT,FED_H41,2022-02-10,16:30:00,America/New_York,TIGHT,-60,10,"MES.v.0,MNQ.v.0,ES.v.0,NQ.v.0,ZN.v.0,ZB.v.0,RTY.v.0",50,Fed,https://www.federalreserve.gov/releases/h41/,2018-01-01,FED_H41 from release calendar
FED_H41_2022_02_17_TIGHT,FED_H41,2022-02-17,16:30:00,America/New_York,TIGHT,-60,10,"MES.v.0,MNQ.v.0,ES.v.0,NQ.v.0,ZN.v.0,ZB.v.0,RTY.v.0",50,Fed,https://www.federalreserve.gov/releases/h41/,2018-01-01,FED_H41 from release calendar
FED_H41_2022_02_24_TIGHT,FED_H41,2022-02-24,16:30:00,America/New_York,TIGHT,-60,10,"MES.v.0,MNQ.v.0,ES.v.0,NQ.v.0,ZN.v.0,ZB.v.0,RTY.v.0",50,Fed,https://www.federalreserve.gov/releases/h41/,2018-01-01,FED_H41 from release calendar
FED_H41_2022_03_03_TIGHT,FED_H41,2022-03-03,16:30:00,America/New_York,TIGHT,-60,10,"MES.v.0,MNQ.v.0,ES.v.0,NQ.v.0,ZN.v.0,ZB.v.0,RTY.v.0",50,Fed,https://www.federalreserve.gov/releases/h41/,2018-01-01,FED_H41 from release calendar
FED_H41_2022_03_10_TIGHT,FED_H41,2022-03-10,16:30:00,America/New_York,TIGHT,-60,10,"MES.v.0,MNQ.v.0,ES.v.0,NQ.v.0,ZN.v.0,ZB.v.0,RTY.v.0",50,Fed,https://www.federalreserve.gov/releases/h41/,2018-01-01,FED_H41 from release calendar
FED_H41_2022_03_17_TIGHT,FED_H41,2022-03-17,16:30:00,America/New_York,TIGHT,-60,10,"MES.v.0,MNQ.v.0,ES.v.0,NQ.v.0,ZN.v.0,ZB.v.0,RTY.v.0",50,Fed,https://www.federalreserve.gov/releases/h41/,2018-01-01,FED_H41 from release calendar
FED_H41_2022_03_24_TIGHT,FED_H41,2022-03-24,16:30:00,America/New_York,TIGHT,-60,10,"MES.v.0,MNQ.v.0,ES.v.0,NQ.v.0,ZN.v.0,ZB.v.0,RTY.v.0",50,Fed,https://www.federalreserve.gov/releases/h41/,2018-01-01,FED_H41 from release calendar
FED_H41_2022_03_31_TIGHT,FED_H41,2022-03-31,16:30:00,America/New_York,TIGHT,-60,10,"MES.v.0,MNQ.v.0,ES.v.0,NQ.v.0,ZN.v.0,ZB.v.0,RTY.v.0",50,Fed,https://www.federalreserve.gov/releases/h41/,2018-01-01,FED_H41 from release calendar
FED_H41_2022_04_07_TIGHT,FED_H41,2022-04-07,16:30:00,America/New_York,TIGHT,-60,10,"MES.v.0,MNQ.v.0,ES.v.0,NQ.v.0,ZN.v.0,ZB.v.0,RTY.v.0",50,Fed,https://www.federalreserve.gov/releases/h41/,2018-01-01,FED_H41 from release calendar
FED_H41_2022_04_14_TIGHT,FED_H41,2022-04-14,16:30:00,America/New_York,TIGHT,-60,10,"MES.v.0,MNQ.v.0,ES.v.0,NQ.v.0,ZN.v.0,ZB.v.0,RTY.v.0",50,Fed,https://www.federalreserve.gov/releases/h41/,2018-01-01,FED_H41 from release calendar
FED_H41_2022_04_21_TIGHT,FED_H41,2022-04-21,16:30:00,America/New_York,TIGHT,-60,10,"MES.v.0,MNQ.v.0,ES.v.0,NQ.v.0,ZN.v.0,ZB.v.0,RTY.v.0",50,Fed,https://www.federalreserve.gov/releases/h41/,2018-01-01,FED_H41 from release calendar
FED_H41_2022_04_28_TIGHT,FED_H41,2022-04-28,16:30:00,America/New_York,TIGHT,-60,10,"MES.v.0,MNQ.v.0,ES.v.0,NQ.v.0,ZN.v.0,ZB.v.0,RTY.v.0",50,Fed,https://www.federalreserve.gov/releases/h41/,2018-01-01,FED_H41 from release calendar
FED_H41_2022_05_05_TIGHT,FED_H41,2022-05-05,16:30:00,America/New_York,TIGHT,-60,10,"MES.v.0,MNQ.v.0,ES.v.0,NQ.v.0,ZN.v.0,ZB.v.0,RTY.v.0",50,Fed,https://www.federalreserve.gov/releases/h41/,2018-01-01,FED_H41 from release calendar
FED_H41_2022_05_12_TIGHT,FED_H41,2022-05-12,16:30:00,America/New_York,TIGHT,-60,10,"MES.v.0,MNQ.v.0,ES.v.0,NQ.v.0,ZN.v.0,ZB.v.0,RTY.v.0",50,Fed,https://www.federalreserve.gov/releases/h41/,2018-01-01,FED_H41 from release calendar
FED_H41_2022_05_19_TIGHT,FED_H41,2022-05-19,16:30:00,America/New_York,TIGHT,-60,10,"MES.v.0,MNQ.v.0,ES.v.0,NQ.v.0,ZN.v.0,ZB.v.0,RTY.v.0",50,Fed,https://www.federalreserve.gov/releases/h41/,2018-01-01,FED_H41 from release calendar
FED_H41_2022_05_26_TIGHT,FED_H41,2022-05-26,16:30:00,America/New_York,TIGHT,-60,10,"MES.v.0,MNQ.v.0,ES.v.0,NQ.v.0,ZN.v.0,ZB.v.0,RTY.v.0",50,Fed,https://www.federalreserve.gov/releases/h41/,2018-01-01,FED_H41 from release calendar
FED_H41_2022_06_02_TIGHT,FED_H41,2022-06-02,16:30:00,America/New_York,TIGHT,-60,10,"MES.v.0,MNQ.v.0,ES.v.0,NQ.v.0,ZN.v.0,ZB.v.0,RTY.v.0",50,Fed,https://www.federalreserve.gov/releases/h41/,2018-01-01,FED_H41 from release calendar
FED_H41_2022_06_09_TIGHT,FED_H41,2022-06-09,16:30:00,America/New_York,TIGHT,-60,10,"MES.v.0,MNQ.v.0,ES.v.0,NQ.v.0,ZN.v.0,ZB.v.0,RTY.v.0",50,Fed,https://www.federalreserve.gov/releases/h41/,2018-01-01,FED_H41 from release calendar
FED_H41_2022_06_16_TIGHT,FED_H41,2022-06-16,16:30:00,America/New_York,TIGHT,-60,10,"MES.v.0,MNQ.v.0,ES.v.0,NQ.v.0,ZN.v.0,ZB.v.0,RTY.v.0",50,Fed,https://www.federalreserve.gov/releases/h41/,2018-01-01,FED_H41 from release calendar
FED_H41_2022_06_23_TIGHT,FED_H41,2022-06-23,16:30:00,America/New_York,TIGHT,-60,10,"MES.v.0,MNQ.v.0,ES.v.0,NQ.v.0,ZN.v.0,ZB.v.0,RTY.v.0",50,Fed,https://www.federalreserve.gov/releases/h41/,2018-01-01,FED_H41 from release calendar
FED_H41_2022_06_30_TIGHT,FED_H41,2022-06-30,16:30:00,America/New_York,TIGHT,-60,10,"MES.v.0,MNQ.v.0,ES.v.0,NQ.v.0,ZN.v.0,ZB.v.0,RTY.v.0",50,Fed,https://www.federalreserve.gov/releases/h41/,2018-01-01,FED_H41 from release calendar
FED_H41_2022_07_07_TIGHT,FED_H41,2022-07-07,16:30:00,America/New_York,TIGHT,-60,10,"MES.v.0,MNQ.v.0,ES.v.0,NQ.v.0,ZN.v.0,ZB.v.0,RTY.v.0",50,Fed,https://www.federalreserve.gov/releases/h41/,2018-01-01,FED_H41 from release calendar
FED_H41_2022_07_14_TIGHT,FED_H41,2022-07-14,16:30:00,America/New_York,TIGHT,-60,10,"MES.v.0,MNQ.v.0,ES.v.0,NQ.v.0,ZN.v.0,ZB.v.0,RTY.v.0",50,Fed,https://www.federalreserve.gov/releases/h41/,2018-01-01,FED_H41 from release calendar
FED_H41_2022_07_21_TIGHT,FED_H41,2022-07-21,16:30:00,America/New_York,TIGHT,-60,10,"MES.v.0,MNQ.v.0,ES.v.0,NQ.v.0,ZN.v.0,ZB.v.0,RTY.v.0",50,Fed,https://www.federalreserve.gov/releases/h41/,2018-01-01,FED_H41 from release calendar
FED_H41_2022_07_28_TIGHT,FED_H41,2022-07-28,16:30:00,America/New_York,TIGHT,-60,10,"MES.v.0,MNQ.v.0,ES.v.0,NQ.v.0,ZN.v.0,ZB.v.0,RTY.v.0",50,Fed,https://www.federalreserve.gov/releases/h41/,2018-01-01,FED_H41 from release calendar
FED_H41_2022_08_04_TIGHT,FED_H41,2022-08-04,16:30:00,America/New_York,TIGHT,-60,10,"MES.v.0,MNQ.v.0,ES.v.0,NQ.v.0,ZN.v.0,ZB.v.0,RTY.v.0",50,Fed,https://www.federalreserve.gov/releases/h41/,2018-01-01,FED_H41 from release calendar
FED_H41_2022_08_11_TIGHT,FED_H41,2022-08-11,16:30:00,America/New_York,TIGHT,-60,10,"MES.v.0,MNQ.v.0,ES.v.0,NQ.v.0,ZN.v.0,ZB.v.0,RTY.v.0",50,Fed,https://www.federalreserve.gov/releases/h41/,2018-01-01,FED_H41 from release calendar
FED_H41_2022_08_18_TIGHT,FED_H41,2022-08-18,16:30:00,America/New_York,TIGHT,-60,10,"MES.v.0,MNQ.v.0,ES.v.0,NQ.v.0,ZN.v.0,ZB.v.0,RTY.v.0",50,Fed,https://www.federalreserve.gov/releases/h41/,2018-01-01,FED_H41 from release calendar
FED_H41_2022_08_25_TIGHT,FED_H41,2022-08-25,16:30:00,America/New_York,TIGHT,-60,10,"MES.v.0,MNQ.v.0,ES.v.0,NQ.v.0,ZN.v.0,ZB.v.0,RTY.v.0",50,Fed,https://www.federalreserve.gov/releases/h41/,2018-01-01,FED_H41 from release calendar
FED_H41_2022_09_01_TIGHT,FED_H41,2022-09-01,16:30:00,America/New_York,TIGHT,-60,10,"MES.v.0,MNQ.v.0,ES.v.0,NQ.v.0,ZN.v.0,ZB.v.0,RTY.v.0",50,Fed,https://www.federalreserve.gov/releases/h41/,2018-01-01,FED_H41 from release calendar
FED_H41_2022_09_08_TIGHT,FED_H41,2022-09-08,16:30:00,America/New_York,TIGHT,-60,10,"MES.v.0,MNQ.v.0,ES.v.0,NQ.v.0,ZN.v.0,ZB.v.0,RTY.v.0",50,Fed,https://www.federalreserve.gov/releases/h41/,2018-01-01,FED_H41 from release calendar
FED_H41_2022_09_15_TIGHT,FED_H41,2022-09-15,16:30:00,America/New_York,TIGHT,-60,10,"MES.v.0,MNQ.v.0,ES.v.0,NQ.v.0,ZN.v.0,ZB.v.0,RTY.v.0",50,Fed,https://www.federalreserve.gov/releases/h41/,2018-01-01,FED_H41 from release calendar
FED_H41_2022_09_22_TIGHT,FED_H41,2022-09-22,16:30:00,America/New_York,TIGHT,-60,10,"MES.v.0,MNQ.v.0,ES.v.0,NQ.v.0,ZN.v.0,ZB.v.0,RTY.v.0",50,Fed,https://www.federalreserve.gov/releases/h41/,2018-01-01,FED_H41 from release calendar
FED_H41_2022_09_29_TIGHT,FED_H41,2022-09-29,16:30:00,America/New_York,TIGHT,-60,10,"MES.v.0,MNQ.v.0,ES.v.0,NQ.v.0,ZN.v.0,ZB.v.0,RTY.v.0",50,Fed,https://www.federalreserve.gov/releases/h41/,2018-01-01,FED_H41 from release calendar
FED_H41_2022_10_06_TIGHT,FED_H41,2022-10-06,16:30:00,America/New_York,TIGHT,-60,10,"MES.v.0,MNQ.v.0,ES.v.0,NQ.v.0,ZN.v.0,ZB.v.0,RTY.v.0",50,Fed,https://www.federalreserve.gov/releases/h41/,2018-01-01,FED_H41 from release calendar
FED_H41_2022_10_13_TIGHT,FED_H41,2022-10-13,16:30:00,America/New_York,TIGHT,-60,10,"MES.v.0,MNQ.v.0,ES.v.0,NQ.v.0,ZN.v.0,ZB.v.0,RTY.v.0",50,Fed,https://www.federalreserve.gov/releases/h41/,2018-01-01,FED_H41 from release calendar
FED_H41_2022_10_20_TIGHT,FED_H41,2022-10-20,16:30:00,America/New_York,TIGHT,-60,10,"MES.v.0,MNQ.v.0,ES.v.0,NQ.v.0,ZN.v.0,ZB.v.0,RTY.v.0",50,Fed,https://www.federalreserve.gov/releases/h41/,2018-01-01,FED_H41 from release calendar
FED_H41_2022_10_27_TIGHT,FED_H41,2022-10-27,16:30:00,America/New_York,TIGHT,-60,10,"MES.v.0,MNQ.v.0,ES.v.0,NQ.v.0,ZN.v.0,ZB.v.0,RTY.v.0",50,Fed,https://www.federalreserve.gov/releases/h41/,2018-01-01,FED_H41 from release calendar
FED_H41_2022_11_03_TIGHT,FED_H41,2022-11-03,16:30:00,America/New_York,TIGHT,-60,10,"MES.v.0,MNQ.v.0,ES.v.0,NQ.v.0,ZN.v.0,ZB.v.0,RTY.v.0",50,Fed,https://www.federalreserve.gov/releases/h41/,2018-01-01,FED_H41 from release calendar
FED_H41_2022_11_10_TIGHT,FED_H41,2022-11-10,16:30:00,America/New_York,TIGHT,-60,10,"MES.v.0,MNQ.v.0,ES.v.0,NQ.v.0,ZN.v.0,ZB.v.0,RTY.v.0",50,Fed,https://www.federalreserve.gov/releases/h41/,2018-01-01,FED_H41 from release calendar
FED_H41_2022_11_17_TIGHT,FED_H41,2022-11-17,16:30:00,America/New_York,TIGHT,-60,10,"MES.v.0,MNQ.v.0,ES.v.0,NQ.v.0,ZN.v.0,ZB.v.0,RTY.v.0",50,Fed,https://www.federalreserve.gov/releases/h41/,2018-01-01,FED_H41 from release calendar
FED_H41_2022_11_25_TIGHT,FED_H41,2022-11-25,16:30:00,America/New_York,TIGHT,-60,10,"MES.v.0,MNQ.v.0,ES.v.0,NQ.v.0,ZN.v.0,ZB.v.0,RTY.v.0",50,Fed,https://www.federalreserve.gov/releases/h41/,2018-01-01,FED_H41 from release calendar
FED_H41_2022_12_01_TIGHT,FED_H41,2022-12-01,16:30:00,America/New_York,TIGHT,-60,10,"MES.v.0,MNQ.v.0,ES.v.0,NQ.v.0,ZN.v.0,ZB.v.0,RTY.v.0",50,Fed,https://www.federalreserve.gov/releases/h41/,2018-01-01,FED_H41 from release calendar
FED_H41_2022_12_08_TIGHT,FED_H41,2022-12-08,16:30:00,America/New_York,TIGHT,-60,10,"MES.v.0,MNQ.v.0,ES.v.0,NQ.v.0,ZN.v.0,ZB.v.0,RTY.v.0",50,Fed,https://www.federalreserve.gov/releases/h41/,2018-01-01,FED_H41 from release calendar
FED_H41_2022_12_15_TIGHT,FED_H41,2022-12-15,16:30:00,America/New_York,TIGHT,-60,10,"MES.v.0,MNQ.v.0,ES.v.0,NQ.v.0,ZN.v.0,ZB.v.0,RTY.v.0",50,Fed,https://www.federalreserve.gov/releases/h41/,2018-01-01,FED_H41 from release calendar
FED_H41_2022_12_22_TIGHT,FED_H41,2022-12-22,16:30:00,America/New_York,TIGHT,-60,10,"MES.v.0,MNQ.v.0,ES.v.0,NQ.v.0,ZN.v.0,ZB.v.0,RTY.v.0",50,Fed,https://www.federalreserve.gov/releases/h41/,2018-01-01,FED_H41 from release calendar
FED_H41_2022_12_29_TIGHT,FED_H41,2022-12-29,16:30:00,America/New_York,TIGHT,-60,10,"MES.v.0,MNQ.v.0,ES.v.0,NQ.v.0,ZN.v.0,ZB.v.0,RTY.v.0",50,Fed,https://www.federalreserve.gov/releases/h41/,2018-01-01,FED_H41 from release calendar
FED_H41_2023_01_05_TIGHT,FED_H41,2023-01-05,16:30:00,America/New_York,TIGHT,-60,10,"MES.v.0,MNQ.v.0,ES.v.0,NQ.v.0,ZN.v.0,ZB.v.0,RTY.v.0",50,Fed,https://www.federalreserve.gov/releases/h41/,2018-01-01,FED_H41 from release calendar
FED_H41_2023_01_12_TIGHT,FED_H41,2023-01-12,16:30:00,America/New_York,TIGHT,-60,10,"MES.v.0,MNQ.v.0,ES.v.0,NQ.v.0,ZN.v.0,ZB.v.0,RTY.v.0",50,Fed,https://www.federalreserve.gov/releases/h41/,2018-01-01,FED_H41 from release calendar
FED_H41_2023_01_19_TIGHT,FED_H41,2023-01-19,16:30:00,America/New_York,TIGHT,-60,10,"MES.v.0,MNQ.v.0,ES.v.0,NQ.v.0,ZN.v.0,ZB.v.0,RTY.v.0",50,Fed,https://www.federalreserve.gov/releases/h41/,2018-01-01,FED_H41 from release calendar
FED_H41_2023_01_26_TIGHT,FED_H41,2023-01-26,16:30:00,America/New_York,TIGHT,-60,10,"MES.v.0,MNQ.v.0,ES.v.0,NQ.v.0,ZN.v.0,ZB.v.0,RTY.v.0",50,Fed,https://www.federalreserve.gov/releases/h41/,2018-01-01,FED_H41 from release calendar
FED_H41_2023_02_02_TIGHT,FED_H41,2023-02-02,16:30:00,America/New_York,TIGHT,-60,10,"MES.v.0,MNQ.v.0,ES.v.0,NQ.v.0,ZN.v.0,ZB.v.0,RTY.v.0",50,Fed,https://www.federalreserve.gov/releases/h41/,2018-01-01,FED_H41 from release calendar
FED_H41_2023_02_09_TIGHT,FED_H41,2023-02-09,16:30:00,America/New_York,TIGHT,-60,10,"MES.v.0,MNQ.v.0,ES.v.0,NQ.v.0,ZN.v.0,ZB.v.0,RTY.v.0",50,Fed,https://www.federalreserve.gov/releases/h41/,2018-01-01,FED_H41 from release calendar
FED_H41_2023_02_16_TIGHT,FED_H41,2023-02-16,16:30:00,America/New_York,TIGHT,-60,10,"MES.v.0,MNQ.v.0,ES.v.0,NQ.v.0,ZN.v.0,ZB.v.0,RTY.v.0",50,Fed,https://www.federalreserve.gov/releases/h41/,2018-01-01,FED_H41 from release calendar
FED_H41_2023_02_23_TIGHT,FED_H41,2023-02-23,16:30:00,America/New_York,TIGHT,-60,10,"MES.v.0,MNQ.v.0,ES.v.0,NQ.v.0,ZN.v.0,ZB.v.0,RTY.v.0",50,Fed,https://www.federalreserve.gov/releases/h41/,2018-01-01,FED_H41 from release calendar
FED_H41_2023_03_02_TIGHT,FED_H41,2023-03-02,16:30:00,America/New_York,TIGHT,-60,10,"MES.v.0,MNQ.v.0,ES.v.0,NQ.v.0,ZN.v.0,ZB.v.0,RTY.v.0",50,Fed,https://www.federalreserve.gov/releases/h41/,2018-01-01,FED_H41 from release calendar
FED_H41_2023_03_09_TIGHT,FED_H41,2023-03-09,16:30:00,America/New_York,TIGHT,-60,10,"MES.v.0,MNQ.v.0,ES.v.0,NQ.v.0,ZN.v.0,ZB.v.0,RTY.v.0",50,Fed,https://www.federalreserve.gov/releases/h41/,2018-01-01,FED_H41 from release calendar
FED_H41_2023_03_16_TIGHT,FED_H41,2023-03-16,16:30:00,America/New_York,TIGHT,-60,10,"MES.v.0,MNQ.v.0,ES.v.0,NQ.v.0,ZN.v.0,ZB.v.0,RTY.v.0",50,Fed,https://www.federalreserve.gov/releases/h41/,2018-01-01,FED_H41 from release calendar
FED_H41_2023_03_23_TIGHT,FED_H41,2023-03-23,16:30:00,America/New_York,TIGHT,-60,10,"MES.v.0,MNQ.v.0,ES.v.0,NQ.v.0,ZN.v.0,ZB.v.0,RTY.v.0",50,Fed,https://www.federalreserve.gov/releases/h41/,2018-01-01,FED_H41 from release calendar
FED_H41_2023_03_30_TIGHT,FED_H41,2023-03-30,16:30:00,America/New_York,TIGHT,-60,10,"MES.v.0,MNQ.v.0,ES.v.0,NQ.v.0,ZN.v.0,ZB.v.0,RTY.v.0",50,Fed,https://www.federalreserve.gov/releases/h41/,2018-01-01,FED_H41 from release calendar
FED_H41_2023_04_06_TIGHT,FED_H41,2023-04-06,16:30:00,America/New_York,TIGHT,-60,10,"MES.v.0,MNQ.v.0,ES.v.0,NQ.v.0,ZN.v.0,ZB.v.0,RTY.v.0",50,Fed,https://www.federalreserve.gov/releases/h41/,2018-01-01,FED_H41 from release calendar
FED_H41_2023_04_13_TIGHT,FED_H41,2023-04-13,16:30:00,America/New_York,TIGHT,-60,10,"MES.v.0,MNQ.v.0,ES.v.0,NQ.v.0,ZN.v.0,ZB.v.0,RTY.v.0",50,Fed,https://www.federalreserve.gov/releases/h41/,2018-01-01,FED_H41 from release calendar
FED_H41_2023_04_20_TIGHT,FED_H41,2023-04-20,16:30:00,America/New_York,TIGHT,-60,10,"MES.v.0,MNQ.v.0,ES.v.0,NQ.v.0,ZN.v.0,ZB.v.0,RTY.v.0",50,Fed,https://www.federalreserve.gov/releases/h41/,2018-01-01,FED_H41 from release calendar
FED_H41_2023_04_27_TIGHT,FED_H41,2023-04-27,16:30:00,America/New_York,TIGHT,-60,10,"MES.v.0,MNQ.v.0,ES.v.0,NQ.v.0,ZN.v.0,ZB.v.0,RTY.v.0",50,Fed,https://www.federalreserve.gov/releases/h41/,2018-01-01,FED_H41 from release calendar
FED_H41_2023_05_04_TIGHT,FED_H41,2023-05-04,16:30:00,America/New_York,TIGHT,-60,10,"MES.v.0,MNQ.v.0,ES.v.0,NQ.v.0,ZN.v.0,ZB.v.0,RTY.v.0",50,Fed,https://www.federalreserve.gov/releases/h41/,2018-01-01,FED_H41 from release calendar
FED_H41_2023_05_11_TIGHT,FED_H41,2023-05-11,16:30:00,America/New_York,TIGHT,-60,10,"MES.v.0,MNQ.v.0,ES.v.0,NQ.v.0,ZN.v.0,ZB.v.0,RTY.v.0",50,Fed,https://www.federalreserve.gov/releases/h41/,2018-01-01,FED_H41 from release calendar
FED_H41_2023_05_18_TIGHT,FED_H41,2023-05-18,16:30:00,America/New_York,TIGHT,-60,10,"MES.v.0,MNQ.v.0,ES.v.0,NQ.v.0,ZN.v.0,ZB.v.0,RTY.v.0",50,Fed,https://www.federalreserve.gov/releases/h41/,2018-01-01,FED_H41 from release calendar
FED_H41_2023_05_25_TIGHT,FED_H41,2023-05-25,16:30:00,America/New_York,TIGHT,-60,10,"MES.v.0,MNQ.v.0,ES.v.0,NQ.v.0,ZN.v.0,ZB.v.0,RTY.v.0",50,Fed,https://www.federalreserve.gov/releases/h41/,2018-01-01,FED_H41 from release calendar
FED_H41_2023_06_01_TIGHT,FED_H41,2023-06-01,16:30:00,America/New_York,TIGHT,-60,10,"MES.v.0,MNQ.v.0,ES.v.0,NQ.v.0,ZN.v.0,ZB.v.0,RTY.v.0",50,Fed,https://www.federalreserve.gov/releases/h41/,2018-01-01,FED_H41 from release calendar
FED_H41_2023_06_08_TIGHT,FED_H41,2023-06-08,16:30:00,America/New_York,TIGHT,-60,10,"MES.v.0,MNQ.v.0,ES.v.0,NQ.v.0,ZN.v.0,ZB.v.0,RTY.v.0",50,Fed,https://www.federalreserve.gov/releases/h41/,2018-01-01,FED_H41 from release calendar
FED_H41_2023_06_15_TIGHT,FED_H41,2023-06-15,16:30:00,America/New_York,TIGHT,-60,10,"MES.v.0,MNQ.v.0,ES.v.0,NQ.v.0,ZN.v.0,ZB.v.0,RTY.v.0",50,Fed,https://www.federalreserve.gov/releases/h41/,2018-01-01,FED_H41 from release calendar
FED_H41_2023_06_22_TIGHT,FED_H41,2023-06-22,16:30:00,America/New_York,TIGHT,-60,10,"MES.v.0,MNQ.v.0,ES.v.0,NQ.v.0,ZN.v.0,ZB.v.0,RTY.v.0",50,Fed,https://www.federalreserve.gov/releases/h41/,2018-01-01,FED_H41 from release calendar
FED_H41_2023_06_29_TIGHT,FED_H41,2023-06-29,16:30:00,America/New_York,TIGHT,-60,10,"MES.v.0,MNQ.v.0,ES.v.0,NQ.v.0,ZN.v.0,ZB.v.0,RTY.v.0",50,Fed,https://www.federalreserve.gov/releases/h41/,2018-01-01,FED_H41 from release calendar
FED_H41_2023_07_06_TIGHT,FED_H41,2023-07-06,16:30:00,America/New_York,TIGHT,-60,10,"MES.v.0,MNQ.v.0,ES.v.0,NQ.v.0,ZN.v.0,ZB.v.0,RTY.v.0",50,Fed,https://www.federalreserve.gov/releases/h41/,2018-01-01,FED_H41 from release calendar
FED_H41_2023_07_13_TIGHT,FED_H41,2023-07-13,16:30:00,America/New_York,TIGHT,-60,10,"MES.v.0,MNQ.v.0,ES.v.0,NQ.v.0,ZN.v.0,ZB.v.0,RTY.v.0",50,Fed,https://www.federalreserve.gov/releases/h41/,2018-01-01,FED_H41 from release calendar
FED_H41_2023_07_20_TIGHT,FED_H41,2023-07-20,16:30:00,America/New_York,TIGHT,-60,10,"MES.v.0,MNQ.v.0,ES.v.0,NQ.v.0,ZN.v.0,ZB.v.0,RTY.v.0",50,Fed,https://www.federalreserve.gov/releases/h41/,2018-01-01,FED_H41 from release calendar
FED_H41_2023_07_27_TIGHT,FED_H41,2023-07-27,16:30:00,America/New_York,TIGHT,-60,10,"MES.v.0,MNQ.v.0,ES.v.0,NQ.v.0,ZN.v.0,ZB.v.0,RTY.v.0",50,Fed,https://www.federalreserve.gov/releases/h41/,2018-01-01,FED_H41 from release calendar
FED_H41_2023_08_03_TIGHT,FED_H41,2023-08-03,16:30:00,America/New_York,TIGHT,-60,10,"MES.v.0,MNQ.v.0,ES.v.0,NQ.v.0,ZN.v.0,ZB.v.0,RTY.v.0",50,Fed,https://www.federalreserve.gov/releases/h41/,2018-01-01,FED_H41 from release calendar
FED_H41_2023_08_10_TIGHT,FED_H41,2023-08-10,16:30:00,America/New_York,TIGHT,-60,10,"MES.v.0,MNQ.v.0,ES.v.0,NQ.v.0,ZN.v.0,ZB.v.0,RTY.v.0",50,Fed,https://www.federalreserve.gov/releases/h41/,2018-01-01,FED_H41 from release calendar
FED_H41_2023_08_17_TIGHT,FED_H41,2023-08-17,16:30:00,America/New_York,TIGHT,-60,10,"MES.v.0,MNQ.v.0,ES.v.0,NQ.v.0,ZN.v.0,ZB.v.0,RTY.v.0",50,Fed,https://www.federalreserve.gov/releases/h41/,2018-01-01,FED_H41 from release calendar
FED_H41_2023_08_24_TIGHT,FED_H41,2023-08-24,16:30:00,America/New_York,TIGHT,-60,10,"MES.v.0,MNQ.v.0,ES.v.0,NQ.v.0,ZN.v.0,ZB.v.0,RTY.v.0",50,Fed,https://www.federalreserve.gov/releases/h41/,2018-01-01,FED_H41 from release calendar
FED_H41_2023_08_31_TIGHT,FED_H41,2023-08-31,16:30:00,America/New_York,TIGHT,-60,10,"MES.v.0,MNQ.v.0,ES.v.0,NQ.v.0,ZN.v.0,ZB.v.0,RTY.v.0",50,Fed,https://www.federalreserve.gov/releases/h41/,2018-01-01,FED_H41 from release calendar
FED_H41_2023_09_07_TIGHT,FED_H41,2023-09-07,16:30:00,America/New_York,TIGHT,-60,10,"MES.v.0,MNQ.v.0,ES.v.0,NQ.v.0,ZN.v.0,ZB.v.0,RTY.v.0",50,Fed,https://www.federalreserve.gov/releases/h41/,2018-01-01,FED_H41 from release calendar
FED_H41_2023_09_14_TIGHT,FED_H41,2023-09-14,16:30:00,America/New_York,TIGHT,-60,10,"MES.v.0,MNQ.v.0,ES.v.0,NQ.v.0,ZN.v.0,ZB.v.0,RTY.v.0",50,Fed,https://www.federalreserve.gov/releases/h41/,2018-01-01,FED_H41 from release calendar
FED_H41_2023_09_21_TIGHT,FED_H41,2023-09-21,16:30:00,America/New_York,TIGHT,-60,10,"MES.v.0,MNQ.v.0,ES.v.0,NQ.v.0,ZN.v.0,ZB.v.0,RTY.v.0",50,Fed,https://www.federalreserve.gov/releases/h41/,2018-01-01,FED_H41 from release calendar
FED_H41_2023_09_28_TIGHT,FED_H41,2023-09-28,16:30:00,America/New_York,TIGHT,-60,10,"MES.v.0,MNQ.v.0,ES.v.0,NQ.v.0,ZN.v.0,ZB.v.0,RTY.v.0",50,Fed,https://www.federalreserve.gov/releases/h41/,2018-01-01,FED_H41 from release calendar
FED_H41_2023_10_05_TIGHT,FED_H41,2023-10-05,16:30:00,America/New_York,TIGHT,-60,10,"MES.v.0,MNQ.v.0,ES.v.0,NQ.v.0,ZN.v.0,ZB.v.0,RTY.v.0",50,Fed,https://www.federalreserve.gov/releases/h41/,2018-01-01,FED_H41 from release calendar
FED_H41_2023_10_12_TIGHT,FED_H41,2023-10-12,16:30:00,America/New_York,TIGHT,-60,10,"MES.v.0,MNQ.v.0,ES.v.0,NQ.v.0,ZN.v.0,ZB.v.0,RTY.v.0",50,Fed,https://www.federalreserve.gov/releases/h41/,2018-01-01,FED_H41 from release calendar
FED_H41_2023_10_19_TIGHT,FED_H41,2023-10-19,16:30:00,America/New_York,TIGHT,-60,10,"MES.v.0,MNQ.v.0,ES.v.0,NQ.v.0,ZN.v.0,ZB.v.0,RTY.v.0",50,Fed,https://www.federalreserve.gov/releases/h41/,2018-01-01,FED_H41 from release calendar
FED_H41_2023_10_26_TIGHT,FED_H41,2023-10-26,16:30:00,America/New_York,TIGHT,-60,10,"MES.v.0,MNQ.v.0,ES.v.0,NQ.v.0,ZN.v.0,ZB.v.0,RTY.v.0",50,Fed,https://www.federalreserve.gov/releases/h41/,2018-01-01,FED_H41 from release calendar
FED_H41_2023_11_02_TIGHT,FED_H41,2023-11-02,16:30:00,America/New_York,TIGHT,-60,10,"MES.v.0,MNQ.v.0,ES.v.0,NQ.v.0,ZN.v.0,ZB.v.0,RTY.v.0",50,Fed,https://www.federalreserve.gov/releases/h41/,2018-01-01,FED_H41 from release calendar
FED_H41_2023_11_09_TIGHT,FED_H41,2023-11-09,16:30:00,America/New_York,TIGHT,-60,10,"MES.v.0,MNQ.v.0,ES.v.0,NQ.v.0,ZN.v.0,ZB.v.0,RTY.v.0",50,Fed,https://www.federalreserve.gov/releases/h41/,2018-01-01,FED_H41 from release calendar
FED_H41_2023_11_16_TIGHT,FED_H41,2023-11-16,16:30:00,America/New_York,TIGHT,-60,10,"MES.v.0,MNQ.v.0,ES.v.0,NQ.v.0,ZN.v.0,ZB.v.0,RTY.v.0",50,Fed,https://www.federalreserve.gov/releases/h41/,2018-01-01,FED_H41 from release calendar
FED_H41_2023_11_24_TIGHT,FED_H41,2023-11-24,16:30:00,America/New_York,TIGHT,-60,10,"MES.v.0,MNQ.v.0,ES.v.0,NQ.v.0,ZN.v.0,ZB.v.0,RTY.v.0",50,Fed,https://www.federalreserve.gov/releases/h41/,2018-01-01,FED_H41 from release calendar
FED_H41_2023_11_30_TIGHT,FED_H41,2023-11-30,16:30:00,America/New_York,TIGHT,-60,10,"MES.v.0,MNQ.v.0,ES.v.0,NQ.v.0,ZN.v.0,ZB.v.0,RTY.v.0",50,Fed,https://www.federalreserve.gov/releases/h41/,2018-01-01,FED_H41 from release calendar
FED_H41_2023_12_07_TIGHT,FED_H41,2023-12-07,16:30:00,America/New_York,TIGHT,-60,10,"MES.v.0,MNQ.v.0,ES.v.0,NQ.v.0,ZN.v.0,ZB.v.0,RTY.v.0",50,Fed,https://www.federalreserve.gov/releases/h41/,2018-01-01,FED_H41 from release calendar
FED_H41_2023_12_14_TIGHT,FED_H41,2023-12-14,16:30:00,America/New_York,TIGHT,-60,10,"MES.v.0,MNQ.v.0,ES.v.0,NQ.v.0,ZN.v.0,ZB.v.0,RTY.v.0",50,Fed,https://www.federalreserve.gov/releases/h41/,2018-01-01,FED_H41 from release calendar
FED_H41_2023_12_21_TIGHT,FED_H41,2023-12-21,16:30:00,America/New_York,TIGHT,-60,10,"MES.v.0,MNQ.v.0,ES.v.0,NQ.v.0,ZN.v.0,ZB.v.0,RTY.v.0",50,Fed,https://www.federalreserve.gov/releases/h41/,2018-01-01,FED_H41 from release calendar
FED_H41_2023_12_28_TIGHT,FED_H41,2023-12-28,16:30:00,America/New_York,TIGHT,-60,10,"MES.v.0,MNQ.v.0,ES.v.0,NQ.v.0,ZN.v.0,ZB.v.0,RTY.v.0",50,Fed,https://www.federalreserve.gov/releases/h41/,2018-01-01,FED_H41 from release calendar
FED_H41_2024_01_04_TIGHT,FED_H41,2024-01-04,16:30:00,America/New_York,TIGHT,-60,10,"MES.v.0,MNQ.v.0,ES.v.0,NQ.v.0,ZN.v.0,ZB.v.0,RTY.v.0",50,Fed,https://www.federalreserve.gov/releases/h41/,2018-01-01,FED_H41 from release calendar
FED_H41_2024_01_11_TIGHT,FED_H41,2024-01-11,16:30:00,America/New_York,TIGHT,-60,10,"MES.v.0,MNQ.v.0,ES.v.0,NQ.v.0,ZN.v.0,ZB.v.0,RTY.v.0",50,Fed,https://www.federalreserve.gov/releases/h41/,2018-01-01,FED_H41 from release calendar
FED_H41_2024_01_18_TIGHT,FED_H41,2024-01-18,16:30:00,America/New_York,TIGHT,-60,10,"MES.v.0,MNQ.v.0,ES.v.0,NQ.v.0,ZN.v.0,ZB.v.0,RTY.v.0",50,Fed,https://www.federalreserve.gov/releases/h41/,2018-01-01,FED_H41 from release calendar
FED_H41_2024_01_25_TIGHT,FED_H41,2024-01-25,16:30:00,America/New_York,TIGHT,-60,10,"MES.v.0,MNQ.v.0,ES.v.0,NQ.v.0,ZN.v.0,ZB.v.0,RTY.v.0",50,Fed,https://www.federalreserve.gov/releases/h41/,2018-01-01,FED_H41 from release calendar
FED_H41_2024_02_01_TIGHT,FED_H41,2024-02-01,16:30:00,America/New_York,TIGHT,-60,10,"MES.v.0,MNQ.v.0,ES.v.0,NQ.v.0,ZN.v.0,ZB.v.0,RTY.v.0",50,Fed,https://www.federalreserve.gov/releases/h41/,2018-01-01,FED_H41 from release calendar
FED_H41_2024_02_08_TIGHT,FED_H41,2024-02-08,16:30:00,America/New_York,TIGHT,-60,10,"MES.v.0,MNQ.v.0,ES.v.0,NQ.v.0,ZN.v.0,ZB.v.0,RTY.v.0",50,Fed,https://www.federalreserve.gov/releases/h41/,2018-01-01,FED_H41 from release calendar
FED_H41_2024_02_15_TIGHT,FED_H41,2024-02-15,16:30:00,America/New_York,TIGHT,-60,10,"MES.v.0,MNQ.v.0,ES.v.0,NQ.v.0,ZN.v.0,ZB.v.0,RTY.v.0",50,Fed,https://www.federalreserve.gov/releases/h41/,2018-01-01,FED_H41 from release calendar
FED_H41_2024_02_22_TIGHT,FED_H41,2024-02-22,16:30:00,America/New_York,TIGHT,-60,10,"MES.v.0,MNQ.v.0,ES.v.0,NQ.v.0,ZN.v.0,ZB.v.0,RTY.v.0",50,Fed,https://www.federalreserve.gov/releases/h41/,2018-01-01,FED_H41 from release calendar
FED_H41_2024_02_29_TIGHT,FED_H41,2024-02-29,16:30:00,America/New_York,TIGHT,-60,10,"MES.v.0,MNQ.v.0,ES.v.0,NQ.v.0,ZN.v.0,ZB.v.0,RTY.v.0",50,Fed,https://www.federalreserve.gov/releases/h41/,2018-01-01,FED_H41 from release calendar
FED_H41_2024_03_07_TIGHT,FED_H41,2024-03-07,16:30:00,America/New_York,TIGHT,-60,10,"MES.v.0,MNQ.v.0,ES.v.0,NQ.v.0,ZN.v.0,ZB.v.0,RTY.v.0",50,Fed,https://www.federalreserve.gov/releases/h41/,2018-01-01,FED_H41 from release calendar
FED_H41_2024_03_14_TIGHT,FED_H41,2024-03-14,16:30:00,America/New_York,TIGHT,-60,10,"MES.v.0,MNQ.v.0,ES.v.0,NQ.v.0,ZN.v.0,ZB.v.0,RTY.v.0",50,Fed,https://www.federalreserve.gov/releases/h41/,2018-01-01,FED_H41 from release calendar
FED_H41_2024_03_21_TIGHT,FED_H41,2024-03-21,16:30:00,America/New_York,TIGHT,-60,10,"MES.v.0,MNQ.v.0,ES.v.0,NQ.v.0,ZN.v.0,ZB.v.0,RTY.v.0",50,Fed,https://www.federalreserve.gov/releases/h41/,2018-01-01,FED_H41 from release calendar
FED_H41_2024_03_28_TIGHT,FED_H41,2024-03-28,16:30:00,America/New_York,TIGHT,-60,10,"MES.v.0,MNQ.v.0,ES.v.0,NQ.v.0,ZN.v.0,ZB.v.0,RTY.v.0",50,Fed,https://www.federalreserve.gov/releases/h41/,2018-01-01,FED_H41 from release calendar
FED_H41_2024_04_04_TIGHT,FED_H41,2024-04-04,16:30:00,America/New_York,TIGHT,-60,10,"MES.v.0,MNQ.v.0,ES.v.0,NQ.v.0,ZN.v.0,ZB.v.0,RTY.v.0",50,Fed,https://www.federalreserve.gov/releases/h41/,2018-01-01,FED_H41 from release calendar
FED_H41_2024_04_11_TIGHT,FED_H41,2024-04-11,16:30:00,America/New_York,TIGHT,-60,10,"MES.v.0,MNQ.v.0,ES.v.0,NQ.v.0,ZN.v.0,ZB.v.0,RTY.v.0",50,Fed,https://www.federalreserve.gov/releases/h41/,2018-01-01,FED_H41 from release calendar
FED_H41_2024_04_18_TIGHT,FED_H41,2024-04-18,16:30:00,America/New_York,TIGHT,-60,10,"MES.v.0,MNQ.v.0,ES.v.0,NQ.v.0,ZN.v.0,ZB.v.0,RTY.v.0",50,Fed,https://www.federalreserve.gov/releases/h41/,2018-01-01,FED_H41 from release calendar
FED_H41_2024_04_25_TIGHT,FED_H41,2024-04-25,16:30:00,America/New_York,TIGHT,-60,10,"MES.v.0,MNQ.v.0,ES.v.0,NQ.v.0,ZN.v.0,ZB.v.0,RTY.v.0",50,Fed,https://www.federalreserve.gov/releases/h41/,2018-01-01,FED_H41 from release calendar
FED_H41_2024_05_02_TIGHT,FED_H41,2024-05-02,16:30:00,America/New_York,TIGHT,-60,10,"MES.v.0,MNQ.v.0,ES.v.0,NQ.v.0,ZN.v.0,ZB.v.0,RTY.v.0",50,Fed,https://www.federalreserve.gov/releases/h41/,2018-01-01,FED_H41 from release calendar
FED_H41_2024_05_09_TIGHT,FED_H41,2024-05-09,16:30:00,America/New_York,TIGHT,-60,10,"MES.v.0,MNQ.v.0,ES.v.0,NQ.v.0,ZN.v.0,ZB.v.0,RTY.v.0",50,Fed,https://www.federalreserve.gov/releases/h41/,2018-01-01,FED_H41 from release calendar
FED_H41_2024_05_16_TIGHT,FED_H41,2024-05-16,16:30:00,America/New_York,TIGHT,-60,10,"MES.v.0,MNQ.v.0,ES.v.0,NQ.v.0,ZN.v.0,ZB.v.0,RTY.v.0",50,Fed,https://www.federalreserve.gov/releases/h41/,2018-01-01,FED_H41 from release calendar
FED_H41_2024_05_23_TIGHT,FED_H41,2024-05-23,16:30:00,America/New_York,TIGHT,-60,10,"MES.v.0,MNQ.v.0,ES.v.0,NQ.v.0,ZN.v.0,ZB.v.0,RTY.v.0",50,Fed,https://www.federalreserve.gov/releases/h41/,2018-01-01,FED_H41 from release calendar
FED_H41_2024_05_30_TIGHT,FED_H41,2024-05-30,16:30:00,America/New_York,TIGHT,-60,10,"MES.v.0,MNQ.v.0,ES.v.0,NQ.v.0,ZN.v.0,ZB.v.0,RTY.v.0",50,Fed,https://www.federalreserve.gov/releases/h41/,2018-01-01,FED_H41 from release calendar
FED_H41_2024_06_06_TIGHT,FED_H41,2024-06-06,16:30:00,America/New_York,TIGHT,-60,10,"MES.v.0,MNQ.v.0,ES.v.0,NQ.v.0,ZN.v.0,ZB.v.0,RTY.v.0",50,Fed,https://www.federalreserve.gov/releases/h41/,2018-01-01,FED_H41 from release calendar
FED_H41_2024_06_13_TIGHT,FED_H41,2024-06-13,16:30:00,America/New_York,TIGHT,-60,10,"MES.v.0,MNQ.v.0,ES.v.0,NQ.v.0,ZN.v.0,ZB.v.0,RTY.v.0",50,Fed,https://www.federalreserve.gov/releases/h41/,2018-01-01,FED_H41 from release calendar
FED_H41_2024_06_20_TIGHT,FED_H41,2024-06-20,16:30:00,America/New_York,TIGHT,-60,10,"MES.v.0,MNQ.v.0,ES.v.0,NQ.v.0,ZN.v.0,ZB.v.0,RTY.v.0",50,Fed,https://www.federalreserve.gov/releases/h41/,2018-01-01,FED_H41 from release calendar
FED_H41_2024_06_27_TIGHT,FED_H41,2024-06-27,16:30:00,America/New_York,TIGHT,-60,10,"MES.v.0,MNQ.v.0,ES.v.0,NQ.v.0,ZN.v.0,ZB.v.0,RTY.v.0",50,Fed,https://www.federalreserve.gov/releases/h41/,2018-01-01,FED_H41 from release calendar
FED_H41_2024_07_05_TIGHT,FED_H41,2024-07-05,16:30:00,America/New_York,TIGHT,-60,10,"MES.v.0,MNQ.v.0,ES.v.0,NQ.v.0,ZN.v.0,ZB.v.0,RTY.v.0",50,Fed,https://www.federalreserve.gov/releases/h41/,2018-01-01,FED_H41 from release calendar
FED_H41_2024_07_11_TIGHT,FED_H41,2024-07-11,16:30:00,America/New_York,TIGHT,-60,10,"MES.v.0,MNQ.v.0,ES.v.0,NQ.v.0,ZN.v.0,ZB.v.0,RTY.v.0",50,Fed,https://www.federalreserve.gov/releases/h41/,2018-01-01,FED_H41 from release calendar
FED_H41_2024_07_18_TIGHT,FED_H41,2024-07-18,16:30:00,America/New_York,TIGHT,-60,10,"MES.v.0,MNQ.v.0,ES.v.0,NQ.v.0,ZN.v.0,ZB.v.0,RTY.v.0",50,Fed,https://www.federalreserve.gov/releases/h41/,2018-01-01,FED_H41 from release calendar
FED_H41_2024_07_25_TIGHT,FED_H41,2024-07-25,16:30:00,America/New_York,TIGHT,-60,10,"MES.v.0,MNQ.v.0,ES.v.0,NQ.v.0,ZN.v.0,ZB.v.0,RTY.v.0",50,Fed,https://www.federalreserve.gov/releases/h41/,2018-01-01,FED_H41 from release calendar
FED_H41_2024_08_01_TIGHT,FED_H41,2024-08-01,16:30:00,America/New_York,TIGHT,-60,10,"MES.v.0,MNQ.v.0,ES.v.0,NQ.v.0,ZN.v.0,ZB.v.0,RTY.v.0",50,Fed,https://www.federalreserve.gov/releases/h41/,2018-01-01,FED_H41 from release calendar
FED_H41_2024_08_08_TIGHT,FED_H41,2024-08-08,16:30:00,America/New_York,TIGHT,-60,10,"MES.v.0,MNQ.v.0,ES.v.0,NQ.v.0,ZN.v.0,ZB.v.0,RTY.v.0",50,Fed,https://www.federalreserve.gov/releases/h41/,2018-01-01,FED_H41 from release calendar
FED_H41_2024_08_15_TIGHT,FED_H41,2024-08-15,16:30:00,America/New_York,TIGHT,-60,10,"MES.v.0,MNQ.v.0,ES.v.0,NQ.v.0,ZN.v.0,ZB.v.0,RTY.v.0",50,Fed,https://www.federalreserve.gov/releases/h41/,2018-01-01,FED_H41 from release calendar
FED_H41_2024_08_22_TIGHT,FED_H41,2024-08-22,16:30:00,America/New_York,TIGHT,-60,10,"MES.v.0,MNQ.v.0,ES.v.0,NQ.v.0,ZN.v.0,ZB.v.0,RTY.v.0",50,Fed,https://www.federalreserve.gov/releases/h41/,2018-01-01,FED_H41 from release calendar
FED_H41_2024_08_29_TIGHT,FED_H41,2024-08-29,16:30:00,America/New_York,TIGHT,-60,10,"MES.v.0,MNQ.v.0,ES.v.0,NQ.v.0,ZN.v.0,ZB.v.0,RTY.v.0",50,Fed,https://www.federalreserve.gov/releases/h41/,2018-01-01,FED_H41 from release calendar
FED_H41_2024_09_05_TIGHT,FED_H41,2024-09-05,16:30:00,America/New_York,TIGHT,-60,10,"MES.v.0,MNQ.v.0,ES.v.0,NQ.v.0,ZN.v.0,ZB.v.0,RTY.v.0",50,Fed,https://www.federalreserve.gov/releases/h41/,2018-01-01,FED_H41 from release calendar
FED_H41_2024_09_12_TIGHT,FED_H41,2024-09-12,16:30:00,America/New_York,TIGHT,-60,10,"MES.v.0,MNQ.v.0,ES.v.0,NQ.v.0,ZN.v.0,ZB.v.0,RTY.v.0",50,Fed,https://www.federalreserve.gov/releases/h41/,2018-01-01,FED_H41 from release calendar
FED_H41_2024_09_19_TIGHT,FED_H41,2024-09-19,16:30:00,America/New_York,TIGHT,-60,10,"MES.v.0,MNQ.v.0,ES.v.0,NQ.v.0,ZN.v.0,ZB.v.0,RTY.v.0",50,Fed,https://www.federalreserve.gov/releases/h41/,2018-01-01,FED_H41 from release calendar
FED_H41_2024_09_26_TIGHT,FED_H41,2024-09-26,16:30:00,America/New_York,TIGHT,-60,10,"MES.v.0,MNQ.v.0,ES.v.0,NQ.v.0,ZN.v.0,ZB.v.0,RTY.v.0",50,Fed,https://www.federalreserve.gov/releases/h41/,2018-01-01,FED_H41 from release calendar
FED_H41_2024_10_03_TIGHT,FED_H41,2024-10-03,16:30:00,America/New_York,TIGHT,-60,10,"MES.v.0,MNQ.v.0,ES.v.0,NQ.v.0,ZN.v.0,ZB.v.0,RTY.v.0",50,Fed,https://www.federalreserve.gov/releases/h41/,2018-01-01,FED_H41 from release calendar
FED_H41_2024_10_10_TIGHT,FED_H41,2024-10-10,16:30:00,America/New_York,TIGHT,-60,10,"MES.v.0,MNQ.v.0,ES.v.0,NQ.v.0,ZN.v.0,ZB.v.0,RTY.v.0",50,Fed,https://www.federalreserve.gov/releases/h41/,2018-01-01,FED_H41 from release calendar
FED_H41_2024_10_17_TIGHT,FED_H41,2024-10-17,16:30:00,America/New_York,TIGHT,-60,10,"MES.v.0,MNQ.v.0,ES.v.0,NQ.v.0,ZN.v.0,ZB.v.0,RTY.v.0",50,Fed,https://www.federalreserve.gov/releases/h41/,2018-01-01,FED_H41 from release calendar
FED_H41_2024_10_24_TIGHT,FED_H41,2024-10-24,16:30:00,America/New_York,TIGHT,-60,10,"MES.v.0,MNQ.v.0,ES.v.0,NQ.v.0,ZN.v.0,ZB.v.0,RTY.v.0",50,Fed,https://www.federalreserve.gov/releases/h41/,2018-01-01,FED_H41 from release calendar
FED_H41_2024_10_31_TIGHT,FED_H41,2024-10-31,16:30:00,America/New_York,TIGHT,-60,10,"MES.v.0,MNQ.v.0,ES.v.0,NQ.v.0,ZN.v.0,ZB.v.0,RTY.v.0",50,Fed,https://www.federalreserve.gov/releases/h41/,2018-01-01,FED_H41 from release calendar
FED_H41_2024_11_07_TIGHT,FED_H41,2024-11-07,16:30:00,America/New_York,TIGHT,-60,10,"MES.v.0,MNQ.v.0,ES.v.0,NQ.v.0,ZN.v.0,ZB.v.0,RTY.v.0",50,Fed,https://www.federalreserve.gov/releases/h41/,2018-01-01,FED_H41 from release calendar
FED_H41_2024_11_14_TIGHT,FED_H41,2024-11-14,16:30:00,America/New_York,TIGHT,-60,10,"MES.v.0,MNQ.v.0,ES.v.0,NQ.v.0,ZN.v.0,ZB.v.0,RTY.v.0",50,Fed,https://www.federalreserve.gov/releases/h41/,2018-01-01,FED_H41 from release calendar
FED_H41_2024_11_21_TIGHT,FED_H41,2024-11-21,16:30:00,America/New_York,TIGHT,-60,10,"MES.v.0,MNQ.v.0,ES.v.0,NQ.v.0,ZN.v.0,ZB.v.0,RTY.v.0",50,Fed,https://www.federalreserve.gov/releases/h41/,2018-01-01,FED_H41 from release calendar
FED_H41_2024_11_29_TIGHT,FED_H41,2024-11-29,16:30:00,America/New_York,TIGHT,-60,10,"MES.v.0,MNQ.v.0,ES.v.0,NQ.v.0,ZN.v.0,ZB.v.0,RTY.v.0",50,Fed,https://www.federalreserve.gov/releases/h41/,2018-01-01,FED_H41 from release calendar
FED_H41_2024_12_05_TIGHT,FED_H41,2024-12-05,16:30:00,America/New_York,TIGHT,-60,10,"MES.v.0,MNQ.v.0,ES.v.0,NQ.v.0,ZN.v.0,ZB.v.0,RTY.v.0",50,Fed,https://www.federalreserve.gov/releases/h41/,2018-01-01,FED_H41 from release calendar
FED_H41_2024_12_12_TIGHT,FED_H41,2024-12-12,16:30:00,America/New_York,TIGHT,-60,10,"MES.v.0,MNQ.v.0,ES.v.0,NQ.v.0,ZN.v.0,ZB.v.0,RTY.v.0",50,Fed,https://www.federalreserve.gov/releases/h41/,2018-01-01,FED_H41 from release calendar
FED_H41_2024_12_19_TIGHT,FED_H41,2024-12-19,16:30:00,America/New_York,TIGHT,-60,10,"MES.v.0,MNQ.v.0,ES.v.0,NQ.v.0,ZN.v.0,ZB.v.0,RTY.v.0",50,Fed,https://www.federalreserve.gov/releases/h41/,2018-01-01,FED_H41 from release calendar
FED_H41_2024_12_26_TIGHT,FED_H41,2024-12-26,16:30:00,America/New_York,TIGHT,-60,10,"MES.v.0,MNQ.v.0,ES.v.0,NQ.v.0,ZN.v.0,ZB.v.0,RTY.v.0",50,Fed,https://www.federalreserve.gov/releases/h41/,2018-01-01,FED_H41 from release calendar
FED_H41_2025_01_02_TIGHT,FED_H41,2025-01-02,16:30:00,America/New_York,TIGHT,-60,10,"MES.v.0,MNQ.v.0,ES.v.0,NQ.v.0,ZN.v.0,ZB.v.0,RTY.v.0",50,Fed,https://www.federalreserve.gov/releases/h41/,2018-01-01,FED_H41 from release calendar
FED_H41_2025_01_10_TIGHT,FED_H41,2025-01-10,16:30:00,America/New_York,TIGHT,-60,10,"MES.v.0,MNQ.v.0,ES.v.0,NQ.v.0,ZN.v.0,ZB.v.0,RTY.v.0",50,Fed,https://www.federalreserve.gov/releases/h41/,2018-01-01,FED_H41 from release calendar
FED_H41_2025_01_16_TIGHT,FED_H41,2025-01-16,16:30:00,America/New_York,TIGHT,-60,10,"MES.v.0,MNQ.v.0,ES.v.0,NQ.v.0,ZN.v.0,ZB.v.0,RTY.v.0",50,Fed,https://www.federalreserve.gov/releases/h41/,2018-01-01,FED_H41 from release calendar
FED_H41_2025_01_23_TIGHT,FED_H41,2025-01-23,16:30:00,America/New_York,TIGHT,-60,10,"MES.v.0,MNQ.v.0,ES.v.0,NQ.v.0,ZN.v.0,ZB.v.0,RTY.v.0",50,Fed,https://www.federalreserve.gov/releases/h41/,2018-01-01,FED_H41 from release calendar
FED_H41_2025_01_30_TIGHT,FED_H41,2025-01-30,16:30:00,America/New_York,TIGHT,-60,10,"MES.v.0,MNQ.v.0,ES.v.0,NQ.v.0,ZN.v.0,ZB.v.0,RTY.v.0",50,Fed,https://www.federalreserve.gov/releases/h41/,2018-01-01,FED_H41 from release calendar
FED_H41_2025_02_06_TIGHT,FED_H41,2025-02-06,16:30:00,America/New_York,TIGHT,-60,10,"MES.v.0,MNQ.v.0,ES.v.0,NQ.v.0,ZN.v.0,ZB.v.0,RTY.v.0",50,Fed,https://www.federalreserve.gov/releases/h41/,2018-01-01,FED_H41 from release calendar
FED_H41_2025_02_13_TIGHT,FED_H41,2025-02-13,16:30:00,America/New_York,TIGHT,-60,10,"MES.v.0,MNQ.v.0,ES.v.0,NQ.v.0,ZN.v.0,ZB.v.0,RTY.v.0",50,Fed,https://www.federalreserve.gov/releases/h41/,2018-01-01,FED_H41 from release calendar
FED_H41_2025_02_20_TIGHT,FED_H41,2025-02-20,16:30:00,America/New_York,TIGHT,-60,10,"MES.v.0,MNQ.v.0,ES.v.0,NQ.v.0,ZN.v.0,ZB.v.0,RTY.v.0",50,Fed,https://www.federalreserve.gov/releases/h41/,2018-01-01,FED_H41 from release calendar
FED_H41_2025_02_27_TIGHT,FED_H41,2025-02-27,16:30:00,America/New_York,TIGHT,-60,10,"MES.v.0,MNQ.v.0,ES.v.0,NQ.v.0,ZN.v.0,ZB.v.0,RTY.v.0",50,Fed,https://www.federalreserve.gov/releases/h41/,2018-01-01,FED_H41 from release calendar
FED_H41_2025_03_06_TIGHT,FED_H41,2025-03-06,16:30:00,America/New_York,TIGHT,-60,10,"MES.v.0,MNQ.v.0,ES.v.0,NQ.v.0,ZN.v.0,ZB.v.0,RTY.v.0",50,Fed,https://www.federalreserve.gov/releases/h41/,2018-01-01,FED_H41 from release calendar
FED_H41_2025_03_13_TIGHT,FED_H41,2025-03-13,16:30:00,America/New_York,TIGHT,-60,10,"MES.v.0,MNQ.v.0,ES.v.0,NQ.v.0,ZN.v.0,ZB.v.0,RTY.v.0",50,Fed,https://www.federalreserve.gov/releases/h41/,2018-01-01,FED_H41 from release calendar
FED_H41_2025_03_20_TIGHT,FED_H41,2025-03-20,16:30:00,America/New_York,TIGHT,-60,10,"MES.v.0,MNQ.v.0,ES.v.0,NQ.v.0,ZN.v.0,ZB.v.0,RTY.v.0",50,Fed,https://www.federalreserve.gov/releases/h41/,2018-01-01,FED_H41 from release calendar
FED_H41_2025_03_27_TIGHT,FED_H41,2025-03-27,16:30:00,America/New_York,TIGHT,-60,10,"MES.v.0,MNQ.v.0,ES.v.0,NQ.v.0,ZN.v.0,ZB.v.0,RTY.v.0",50,Fed,https://www.federalreserve.gov/releases/h41/,2018-01-01,FED_H41 from release calendar
FED_H41_2025_04_03_TIGHT,FED_H41,2025-04-03,16:30:00,America/New_York,TIGHT,-60,10,"MES.v.0,MNQ.v.0,ES.v.0,NQ.v.0,ZN.v.0,ZB.v.0,RTY.v.0",50,Fed,https://www.federalreserve.gov/releases/h41/,2018-01-01,FED_H41 from release calendar
FED_H41_2025_04_10_TIGHT,FED_H41,2025-04-10,16:30:00,America/New_York,TIGHT,-60,10,"MES.v.0,MNQ.v.0,ES.v.0,NQ.v.0,ZN.v.0,ZB.v.0,RTY.v.0",50,Fed,https://www.federalreserve.gov/releases/h41/,2018-01-01,FED_H41 from release calendar
FED_H41_2025_04_17_TIGHT,FED_H41,2025-04-17,16:30:00,America/New_York,TIGHT,-60,10,"MES.v.0,MNQ.v.0,ES.v.0,NQ.v.0,ZN.v.0,ZB.v.0,RTY.v.0",50,Fed,https://www.federalreserve.gov/releases/h41/,2018-01-01,FED_H41 from release calendar
FED_H41_2025_04_24_TIGHT,FED_H41,2025-04-24,16:30:00,America/New_York,TIGHT,-60,10,"MES.v.0,MNQ.v.0,ES.v.0,NQ.v.0,ZN.v.0,ZB.v.0,RTY.v.0",50,Fed,https://www.federalreserve.gov/releases/h41/,2018-01-01,FED_H41 from release calendar
FED_H41_2025_05_01_TIGHT,FED_H41,2025-05-01,16:30:00,America/New_York,TIGHT,-60,10,"MES.v.0,MNQ.v.0,ES.v.0,NQ.v.0,ZN.v.0,ZB.v.0,RTY.v.0",50,Fed,https://www.federalreserve.gov/releases/h41/,2018-01-01,FED_H41 from release calendar
FED_H41_2025_05_08_TIGHT,FED_H41,2025-05-08,16:30:00,America/New_York,TIGHT,-60,10,"MES.v.0,MNQ.v.0,ES.v.0,NQ.v.0,ZN.v.0,ZB.v.0,RTY.v.0",50,Fed,https://www.federalreserve.gov/releases/h41/,2018-01-01,FED_H41 from release calendar
FED_H41_2025_05_15_TIGHT,FED_H41,2025-05-15,16:30:00,America/New_York,TIGHT,-60,10,"MES.v.0,MNQ.v.0,ES.v.0,NQ.v.0,ZN.v.0,ZB.v.0,RTY.v.0",50,Fed,https://www.federalreserve.gov/releases/h41/,2018-01-01,FED_H41 from release calendar
FED_H41_2025_05_22_TIGHT,FED_H41,2025-05-22,16:30:00,America/New_York,TIGHT,-60,10,"MES.v.0,MNQ.v.0,ES.v.0,NQ.v.0,ZN.v.0,ZB.v.0,RTY.v.0",50,Fed,https://www.federalreserve.gov/releases/h41/,2018-01-01,FED_H41 from release calendar
FED_H41_2025_05_29_TIGHT,FED_H41,2025-05-29,16:30:00,America/New_York,TIGHT,-60,10,"MES.v.0,MNQ.v.0,ES.v.0,NQ.v.0,ZN.v.0,ZB.v.0,RTY.v.0",50,Fed,https://www.federalreserve.gov/releases/h41/,2018-01-01,FED_H41 from release calendar
FED_H41_2025_06_05_TIGHT,FED_H41,2025-06-05,16:30:00,America/New_York,TIGHT,-60,10,"MES.v.0,MNQ.v.0,ES.v.0,NQ.v.0,ZN.v.0,ZB.v.0,RTY.v.0",50,Fed,https://www.federalreserve.gov/releases/h41/,2018-01-01,FED_H41 from release calendar
FED_H41_2025_06_12_TIGHT,FED_H41,2025-06-12,16:30:00,America/New_York,TIGHT,-60,10,"MES.v.0,MNQ.v.0,ES.v.0,NQ.v.0,ZN.v.0,ZB.v.0,RTY.v.0",50,Fed,https://www.federalreserve.gov/releases/h41/,2018-01-01,FED_H41 from release calendar
FED_H41_2025_06_20_TIGHT,FED_H41,2025-06-20,16:30:00,America/New_York,TIGHT,-60,10,"MES.v.0,MNQ.v.0,ES.v.0,NQ.v.0,ZN.v.0,ZB.v.0,RTY.v.0",50,Fed,https://www.federalreserve.gov/releases/h41/,2018-01-01,FED_H41 from release calendar
FED_H41_2025_06_26_TIGHT,FED_H41,2025-06-26,16:30:00,America/New_York,TIGHT,-60,10,"MES.v.0,MNQ.v.0,ES.v.0,NQ.v.0,ZN.v.0,ZB.v.0,RTY.v.0",50,Fed,https://www.federalreserve.gov/releases/h41/,2018-01-01,FED_H41 from release calendar
FED_H41_2025_07_03_TIGHT,FED_H41,2025-07-03,16:30:00,America/New_York,TIGHT,-60,10,"MES.v.0,MNQ.v.0,ES.v.0,NQ.v.0,ZN.v.0,ZB.v.0,RTY.v.0",50,Fed,https://www.federalreserve.gov/releases/h41/,2018-01-01,FED_H41 from release calendar
FED_H41_2025_07_10_TIGHT,FED_H41,2025-07-10,16:30:00,America/New_York,TIGHT,-60,10,"MES.v.0,MNQ.v.0,ES.v.0,NQ.v.0,ZN.v.0,ZB.v.0,RTY.v.0",50,Fed,https://www.federalreserve.gov/releases/h41/,2018-01-01,FED_H41 from release calendar
FED_H41_2025_07_17_TIGHT,FED_H41,2025-07-17,16:30:00,America/New_York,TIGHT,-60,10,"MES.v.0,MNQ.v.0,ES.v.0,NQ.v.0,ZN.v.0,ZB.v.0,RTY.v.0",50,Fed,https://www.federalreserve.gov/releases/h41/,2018-01-01,FED_H41 from release calendar
FED_H41_2025_07_24_TIGHT,FED_H41,2025-07-24,16:30:00,America/New_York,TIGHT,-60,10,"MES.v.0,MNQ.v.0,ES.v.0,NQ.v.0,ZN.v.0,ZB.v.0,RTY.v.0",50,Fed,https://www.federalreserve.gov/releases/h41/,2018-01-01,FED_H41 from release calendar
FED_H41_2025_07_31_TIGHT,FED_H41,2025-07-31,16:30:00,America/New_York,TIGHT,-60,10,"MES.v.0,MNQ.v.0,ES.v.0,NQ.v.0,ZN.v.0,ZB.v.0,RTY.v.0",50,Fed,https://www.federalreserve.gov/releases/h41/,2018-01-01,FED_H41 from release calendar
FED_H41_2025_08_07_TIGHT,FED_H41,2025-08-07,16:30:00,America/New_York,TIGHT,-60,10,"MES.v.0,MNQ.v.0,ES.v.0,NQ.v.0,ZN.v.0,ZB.v.0,RTY.v.0",50,Fed,https://www.federalreserve.gov/releases/h41/,2018-01-01,FED_H41 from release calendar
FED_H41_2025_08_14_TIGHT,FED_H41,2025-08-14,16:30:00,America/New_York,TIGHT,-60,10,"MES.v.0,MNQ.v.0,ES.v.0,NQ.v.0,ZN.v.0,ZB.v.0,RTY.v.0",50,Fed,https://www.federalreserve.gov/releases/h41/,2018-01-01,FED_H41 from release calendar
FED_H41_2025_08_21_TIGHT,FED_H41,2025-08-21,16:30:00,America/New_York,TIGHT,-60,10,"MES.v.0,MNQ.v.0,ES.v.0,NQ.v.0,ZN.v.0,ZB.v.0,RTY.v.0",50,Fed,https://www.federalreserve.gov/releases/h41/,2018-01-01,FED_H41 from release calendar
FED_H41_2025_08_28_TIGHT,FED_H41,2025-08-28,16:30:00,America/New_York,TIGHT,-60,10,"MES.v.0,MNQ.v.0,ES.v.0,NQ.v.0,ZN.v.0,ZB.v.0,RTY.v.0",50,Fed,https://www.federalreserve.gov/releases/h41/,2018-01-01,FED_H41 from release calendar
FED_H41_2025_09_04_TIGHT,FED_H41,2025-09-04,16:30:00,America/New_York,TIGHT,-60,10,"MES.v.0,MNQ.v.0,ES.v.0,NQ.v.0,ZN.v.0,ZB.v.0,RTY.v.0",50,Fed,https://www.federalreserve.gov/releases/h41/,2018-01-01,FED_H41 from release calendar
FED_H41_2025_09_11_TIGHT,FED_H41,2025-09-11,16:30:00,America/New_York,TIGHT,-60,10,"MES.v.0,MNQ.v.0,ES.v.0,NQ.v.0,ZN.v.0,ZB.v.0,RTY.v.0",50,Fed,https://www.federalreserve.gov/releases/h41/,2018-01-01,FED_H41 from release calendar
FED_H41_2025_09_18_TIGHT,FED_H41,2025-09-18,16:30:00,America/New_York,TIGHT,-60,10,"MES.v.0,MNQ.v.0,ES.v.0,NQ.v.0,ZN.v.0,ZB.v.0,RTY.v.0",50,Fed,https://www.federalreserve.gov/releases/h41/,2018-01-01,FED_H41 from release calendar
FED_H41_2025_09_25_TIGHT,FED_H41,2025-09-25,16:30:00,America/New_York,TIGHT,-60,10,"MES.v.0,MNQ.v.0,ES.v.0,NQ.v.0,ZN.v.0,ZB.v.0,RTY.v.0",50,Fed,https://www.federalreserve.gov/releases/h41/,2018-01-01,FED_H41 from release calendar
FED_H41_2025_10_02_TIGHT,FED_H41,2025-10-02,16:30:00,America/New_York,TIGHT,-60,10,"MES.v.0,MNQ.v.0,ES.v.0,NQ.v.0,ZN.v.0,ZB.v.0,RTY.v.0",50,Fed,https://www.federalreserve.gov/releases/h41/,2018-01-01,FED_H41 from release calendar
FED_H41_2025_10_09_TIGHT,FED_H41,2025-10-09,16:30:00,America/New_York,TIGHT,-60,10,"MES.v.0,MNQ.v.0,ES.v.0,NQ.v.0,ZN.v.0,ZB.v.0,RTY.v.0",50,Fed,https://www.federalreserve.gov/releases/h41/,2018-01-01,FED_H41 from release calendar
FED_H41_2025_10_16_TIGHT,FED_H41,2025-10-16,16:30:00,America/New_York,TIGHT,-60,10,"MES.v.0,MNQ.v.0,ES.v.0,NQ.v.0,ZN.v.0,ZB.v.0,RTY.v.0",50,Fed,https://www.federalreserve.gov/releases/h41/,2018-01-01,FED_H41 from release calendar
FED_H41_2025_10_23_TIGHT,FED_H41,2025-10-23,16:30:00,America/New_York,TIGHT,-60,10,"MES.v.0,MNQ.v.0,ES.v.0,NQ.v.0,ZN.v.0,ZB.v.0,RTY.v.0",50,Fed,https://www.federalreserve.gov/releases/h41/,2018-01-01,FED_H41 from release calendar
FED_H41_2025_10_30_TIGHT,FED_H41,2025-10-30,16:30:00,America/New_York,TIGHT,-60,10,"MES.v.0,MNQ.v.0,ES.v.0,NQ.v.0,ZN.v.0,ZB.v.0,RTY.v.0",50,Fed,https://www.federalreserve.gov/releases/h41/,2018-01-01,FED_H41 from release calendar
FED_H41_2025_11_06_TIGHT,FED_H41,2025-11-06,16:30:00,America/New_York,TIGHT,-60,10,"MES.v.0,MNQ.v.0,ES.v.0,NQ.v.0,ZN.v.0,ZB.v.0,RTY.v.0",50,Fed,https://www.federalreserve.gov/releases/h41/,2018-01-01,FED_H41 from release calendar
FED_H41_2025_11_13_TIGHT,FED_H41,2025-11-13,16:30:00,America/New_York,TIGHT,-60,10,"MES.v.0,MNQ.v.0,ES.v.0,NQ.v.0,ZN.v.0,ZB.v.0,RTY.v.0",50,Fed,https://www.federalreserve.gov/releases/h41/,2018-01-01,FED_H41 from release calendar
FED_H41_2025_11_20_TIGHT,FED_H41,2025-11-20,16:30:00,America/New_York,TIGHT,-60,10,"MES.v.0,MNQ.v.0,ES.v.0,NQ.v.0,ZN.v.0,ZB.v.0,RTY.v.0",50,Fed,https://www.federalreserve.gov/releases/h41/,2018-01-01,FED_H41 from release calendar
FED_H41_2025_11_28_TIGHT,FED_H41,2025-11-28,16:30:00,America/New_York,TIGHT,-60,10,"MES.v.0,MNQ.v.0,ES.v.0,NQ.v.0,ZN.v.0,ZB.v.0,RTY.v.0",50,Fed,https://www.federalreserve.gov/releases/h41/,2018-01-01,FED_H41 from release calendar
FED_H41_2025_12_04_TIGHT,FED_H41,2025-12-04,16:30:00,America/New_York,TIGHT,-60,10,"MES.v.0,MNQ.v.0,ES.v.0,NQ.v.0,ZN.v.0,ZB.v.0,RTY.v.0",50,Fed,https://www.federalreserve.gov/releases/h41/,2018-01-01,FED_H41 from release calendar
FED_H41_2025_12_11_TIGHT,FED_H41,2025-12-11,16:30:00,America/New_York,TIGHT,-60,10,"MES.v.0,MNQ.v.0,ES.v.0,NQ.v.0,ZN.v.0,ZB.v.0,RTY.v.0",50,Fed,https://www.federalreserve.gov/releases/h41/,2018-01-01,FED_H41 from release calendar
FED_H41_2025_12_18_TIGHT,FED_H41,2025-12-18,16:30:00,America/New_York,TIGHT,-60,10,"MES.v.0,MNQ.v.0,ES.v.0,NQ.v.0,ZN.v.0,ZB.v.0,RTY.v.0",50,Fed,https://www.federalreserve.gov/releases/h41/,2018-01-01,FED_H41 from release calendar
FED_H41_2025_12_26_TIGHT,FED_H41,2025-12-26,16:30:00,America/New_York,TIGHT,-60,10,"MES.v.0,MNQ.v.0,ES.v.0,NQ.v.0,ZN.v.0,ZB.v.0,RTY.v.0",50,Fed,https://www.federalreserve.gov/releases/h41/,2018-01-01,FED_H41 from release calendar
FED_SPEAKER_2018_01_19_TIGHT,FED_SPEAKER,2018-01-19,12:00:00,America/New_York,TIGHT,-60,10,"MES.v.0,MNQ.v.0,ES.v.0,NQ.v.0,ZN.v.0,ZB.v.0,RTY.v.0",50,Fed,https://www.federalreserve.gov/newsevents/speeches.htm,2018-01-01,FED_SPEAKER from release calendar
FED_SPEAKER_2018_02_13_TIGHT,FED_SPEAKER,2018-02-13,12:00:00,America/New_York,TIGHT,-60,10,"MES.v.0,MNQ.v.0,ES.v.0,NQ.v.0,ZN.v.0,ZB.v.0,RTY.v.0",50,Fed,https://www.federalreserve.gov/newsevents/speeches.htm,2018-01-01,FED_SPEAKER from release calendar
FED_SPEAKER_2018_02_22_TIGHT,FED_SPEAKER,2018-02-22,12:00:00,America/New_York,TIGHT,-60,10,"MES.v.0,MNQ.v.0,ES.v.0,NQ.v.0,ZN.v.0,ZB.v.0,RTY.v.0",50,Fed,https://www.federalreserve.gov/newsevents/speeches.htm,2018-01-01,FED_SPEAKER from release calendar
FED_SPEAKER_2018_02_26_TIGHT,FED_SPEAKER,2018-02-26,12:00:00,America/New_York,TIGHT,-60,10,"MES.v.0,MNQ.v.0,ES.v.0,NQ.v.0,ZN.v.0,ZB.v.0,RTY.v.0",50,Fed,https://www.federalreserve.gov/newsevents/speeches.htm,2018-01-01,FED_SPEAKER from release calendar
FED_SPEAKER_2018_03_05_TIGHT,FED_SPEAKER,2018-03-05,12:00:00,America/New_York,TIGHT,-60,10,"MES.v.0,MNQ.v.0,ES.v.0,NQ.v.0,ZN.v.0,ZB.v.0,RTY.v.0",50,Fed,https://www.federalreserve.gov/newsevents/speeches.htm,2018-01-01,FED_SPEAKER from release calendar
FED_SPEAKER_2018_03_06_TIGHT,FED_SPEAKER,2018-03-06,12:00:00,America/New_York,TIGHT,-60,10,"MES.v.0,MNQ.v.0,ES.v.0,NQ.v.0,ZN.v.0,ZB.v.0,RTY.v.0",50,Fed,https://www.federalreserve.gov/newsevents/speeches.htm,2018-01-01,FED_SPEAKER from release calendar
FED_SPEAKER_2018_03_26_TIGHT,FED_SPEAKER,2018-03-26,12:00:00,America/New_York,TIGHT,-60,10,"MES.v.0,MNQ.v.0,ES.v.0,NQ.v.0,ZN.v.0,ZB.v.0,RTY.v.0",50,Fed,https://www.federalreserve.gov/newsevents/speeches.htm,2018-01-01,FED_SPEAKER from release calendar
FED_SPEAKER_2018_04_03_TIGHT,FED_SPEAKER,2018-04-03,12:00:00,America/New_York,TIGHT,-60,10,"MES.v.0,MNQ.v.0,ES.v.0,NQ.v.0,ZN.v.0,ZB.v.0,RTY.v.0",50,Fed,https://www.federalreserve.gov/newsevents/speeches.htm,2018-01-01,FED_SPEAKER from release calendar
FED_SPEAKER_2018_04_06_TIGHT,FED_SPEAKER,2018-04-06,12:00:00,America/New_York,TIGHT,-60,10,"MES.v.0,MNQ.v.0,ES.v.0,NQ.v.0,ZN.v.0,ZB.v.0,RTY.v.0",50,Fed,https://www.federalreserve.gov/newsevents/speeches.htm,2018-01-01,FED_SPEAKER from release calendar
FED_SPEAKER_2018_04_17_TIGHT,FED_SPEAKER,2018-04-17,12:00:00,America/New_York,TIGHT,-60,10,"MES.v.0,MNQ.v.0,ES.v.0,NQ.v.0,ZN.v.0,ZB.v.0,RTY.v.0",50,Fed,https://www.federalreserve.gov/newsevents/speeches.htm,2018-01-01,FED_SPEAKER from release calendar
FED_SPEAKER_2018_04_19_TIGHT,FED_SPEAKER,2018-04-19,12:00:00,America/New_York,TIGHT,-60,10,"MES.v.0,MNQ.v.0,ES.v.0,NQ.v.0,ZN.v.0,ZB.v.0,RTY.v.0",50,Fed,https://www.federalreserve.gov/newsevents/speeches.htm,2018-01-01,FED_SPEAKER from release calendar
FED_SPEAKER_2018_05_04_TIGHT,FED_SPEAKER,2018-05-04,12:00:00,America/New_York,TIGHT,-60,10,"MES.v.0,MNQ.v.0,ES.v.0,NQ.v.0,ZN.v.0,ZB.v.0,RTY.v.0",50,Fed,https://www.federalreserve.gov/newsevents/speeches.htm,2018-01-01,FED_SPEAKER from release calendar
FED_SPEAKER_2018_05_08_TIGHT,FED_SPEAKER,2018-05-08,12:00:00,America/New_York,TIGHT,-60,10,"MES.v.0,MNQ.v.0,ES.v.0,NQ.v.0,ZN.v.0,ZB.v.0,RTY.v.0",50,Fed,https://www.federalreserve.gov/newsevents/speeches.htm,2018-01-01,FED_SPEAKER from release calendar
FED_SPEAKER_2018_05_15_TIGHT,FED_SPEAKER,2018-05-15,12:00:00,America/New_York,TIGHT,-60,10,"MES.v.0,MNQ.v.0,ES.v.0,NQ.v.0,ZN.v.0,ZB.v.0,RTY.v.0",50,Fed,https://www.federalreserve.gov/newsevents/speeches.htm,2018-01-01,FED_SPEAKER from release calendar
FED_SPEAKER_2018_05_16_TIGHT,FED_SPEAKER,2018-05-16,12:00:00,America/New_York,TIGHT,-60,10,"MES.v.0,MNQ.v.0,ES.v.0,NQ.v.0,ZN.v.0,ZB.v.0,RTY.v.0",50,Fed,https://www.federalreserve.gov/newsevents/speeches.htm,2018-01-01,FED_SPEAKER from release calendar
FED_SPEAKER_2018_05_18_TIGHT,FED_SPEAKER,2018-05-18,12:00:00,America/New_York,TIGHT,-60,10,"MES.v.0,MNQ.v.0,ES.v.0,NQ.v.0,ZN.v.0,ZB.v.0,RTY.v.0",50,Fed,https://www.federalreserve.gov/newsevents/speeches.htm,2018-01-01,FED_SPEAKER from release calendar
FED_SPEAKER_2018_05_25_TIGHT,FED_SPEAKER,2018-05-25,12:00:00,America/New_York,TIGHT,-60,10,"MES.v.0,MNQ.v.0,ES.v.0,NQ.v.0,ZN.v.0,ZB.v.0,RTY.v.0",50,Fed,https://www.federalreserve.gov/newsevents/speeches.htm,2018-01-01,FED_SPEAKER from release calendar
FED_SPEAKER_2018_05_31_TIGHT,FED_SPEAKER,2018-05-31,12:00:00,America/New_York,TIGHT,-60,10,"MES.v.0,MNQ.v.0,ES.v.0,NQ.v.0,ZN.v.0,ZB.v.0,RTY.v.0",50,Fed,https://www.federalreserve.gov/newsevents/speeches.htm,2018-01-01,FED_SPEAKER from release calendar
FED_SPEAKER_2018_06_20_TIGHT,FED_SPEAKER,2018-06-20,12:00:00,America/New_York,TIGHT,-60,10,"MES.v.0,MNQ.v.0,ES.v.0,NQ.v.0,ZN.v.0,ZB.v.0,RTY.v.0",50,Fed,https://www.federalreserve.gov/newsevents/speeches.htm,2018-01-01,FED_SPEAKER from release calendar
FED_SPEAKER_2018_06_27_TIGHT,FED_SPEAKER,2018-06-27,12:00:00,America/New_York,TIGHT,-60,10,"MES.v.0,MNQ.v.0,ES.v.0,NQ.v.0,ZN.v.0,ZB.v.0,RTY.v.0",50,Fed,https://www.federalreserve.gov/newsevents/speeches.htm,2018-01-01,FED_SPEAKER from release calendar
FED_SPEAKER_2018_07_18_TIGHT,FED_SPEAKER,2018-07-18,12:00:00,America/New_York,TIGHT,-60,10,"MES.v.0,MNQ.v.0,ES.v.0,NQ.v.0,ZN.v.0,ZB.v.0,RTY.v.0",50,Fed,https://www.federalreserve.gov/newsevents/speeches.htm,2018-01-01,FED_SPEAKER from release calendar
FED_SPEAKER_2018_07_19_TIGHT,FED_SPEAKER,2018-07-19,12:00:00,America/New_York,TIGHT,-60,10,"MES.v.0,MNQ.v.0,ES.v.0,NQ.v.0,ZN.v.0,ZB.v.0,RTY.v.0",50,Fed,https://www.federalreserve.gov/newsevents/speeches.htm,2018-01-01,FED_SPEAKER from release calendar
FED_SPEAKER_2018_08_24_TIGHT,FED_SPEAKER,2018-08-24,12:00:00,America/New_York,TIGHT,-60,10,"MES.v.0,MNQ.v.0,ES.v.0,NQ.v.0,ZN.v.0,ZB.v.0,RTY.v.0",50,Fed,https://www.federalreserve.gov/newsevents/speeches.htm,2018-01-01,FED_SPEAKER from release calendar
FED_SPEAKER_2018_09_12_TIGHT,FED_SPEAKER,2018-09-12,12:00:00,America/New_York,TIGHT,-60,10,"MES.v.0,MNQ.v.0,ES.v.0,NQ.v.0,ZN.v.0,ZB.v.0,RTY.v.0",50,Fed,https://www.federalreserve.gov/newsevents/speeches.htm,2018-01-01,FED_SPEAKER from release calendar
FED_SPEAKER_2018_09_27_TIGHT,FED_SPEAKER,2018-09-27,12:00:00,America/New_York,TIGHT,-60,10,"MES.v.0,MNQ.v.0,ES.v.0,NQ.v.0,ZN.v.0,ZB.v.0,RTY.v.0",50,Fed,https://www.federalreserve.gov/newsevents/speeches.htm,2018-01-01,FED_SPEAKER from release calendar
FED_SPEAKER_2018_10_02_TIGHT,FED_SPEAKER,2018-10-02,12:00:00,America/New_York,TIGHT,-60,10,"MES.v.0,MNQ.v.0,ES.v.0,NQ.v.0,ZN.v.0,ZB.v.0,RTY.v.0",50,Fed,https://www.federalreserve.gov/newsevents/speeches.htm,2018-01-01,FED_SPEAKER from release calendar
FED_SPEAKER_2018_10_03_TIGHT,FED_SPEAKER,2018-10-03,12:00:00,America/New_York,TIGHT,-60,10,"MES.v.0,MNQ.v.0,ES.v.0,NQ.v.0,ZN.v.0,ZB.v.0,RTY.v.0",50,Fed,https://www.federalreserve.gov/newsevents/speeches.htm,2018-01-01,FED_SPEAKER from release calendar
FED_SPEAKER_2018_10_04_TIGHT,FED_SPEAKER,2018-10-04,12:00:00,America/New_York,TIGHT,-60,10,"MES.v.0,MNQ.v.0,ES.v.0,NQ.v.0,ZN.v.0,ZB.v.0,RTY.v.0",50,Fed,https://www.federalreserve.gov/newsevents/speeches.htm,2018-01-01,FED_SPEAKER from release calendar
FED_SPEAKER_2018_10_15_TIGHT,FED_SPEAKER,2018-10-15,12:00:00,America/New_York,TIGHT,-60,10,"MES.v.0,MNQ.v.0,ES.v.0,NQ.v.0,ZN.v.0,ZB.v.0,RTY.v.0",50,Fed,https://www.federalreserve.gov/newsevents/speeches.htm,2018-01-01,FED_SPEAKER from release calendar
FED_SPEAKER_2018_10_17_TIGHT,FED_SPEAKER,2018-10-17,12:00:00,America/New_York,TIGHT,-60,10,"MES.v.0,MNQ.v.0,ES.v.0,NQ.v.0,ZN.v.0,ZB.v.0,RTY.v.0",50,Fed,https://www.federalreserve.gov/newsevents/speeches.htm,2018-01-01,FED_SPEAKER from release calendar
FED_SPEAKER_2018_10_18_TIGHT,FED_SPEAKER,2018-10-18,12:00:00,America/New_York,TIGHT,-60,10,"MES.v.0,MNQ.v.0,ES.v.0,NQ.v.0,ZN.v.0,ZB.v.0,RTY.v.0",50,Fed,https://www.federalreserve.gov/newsevents/speeches.htm,2018-01-01,FED_SPEAKER from release calendar
FED_SPEAKER_2018_10_25_TIGHT,FED_SPEAKER,2018-10-25,12:00:00,America/New_York,TIGHT,-60,10,"MES.v.0,MNQ.v.0,ES.v.0,NQ.v.0,ZN.v.0,ZB.v.0,RTY.v.0",50,Fed,https://www.federalreserve.gov/newsevents/speeches.htm,2018-01-01,FED_SPEAKER from release calendar
FED_SPEAKER_2018_11_09_TIGHT,FED_SPEAKER,2018-11-09,12:00:00,America/New_York,TIGHT,-60,10,"MES.v.0,MNQ.v.0,ES.v.0,NQ.v.0,ZN.v.0,ZB.v.0,RTY.v.0",50,Fed,https://www.federalreserve.gov/newsevents/speeches.htm,2018-01-01,FED_SPEAKER from release calendar
FED_SPEAKER_2018_11_13_TIGHT,FED_SPEAKER,2018-11-13,12:00:00,America/New_York,TIGHT,-60,10,"MES.v.0,MNQ.v.0,ES.v.0,NQ.v.0,ZN.v.0,ZB.v.0,RTY.v.0",50,Fed,https://www.federalreserve.gov/newsevents/speeches.htm,2018-01-01,FED_SPEAKER from release calendar
FED_SPEAKER_2018_11_16_TIGHT,FED_SPEAKER,2018-11-16,12:00:00,America/New_York,TIGHT,-60,10,"MES.v.0,MNQ.v.0,ES.v.0,NQ.v.0,ZN.v.0,ZB.v.0,RTY.v.0",50,Fed,https://www.federalreserve.gov/newsevents/speeches.htm,2018-01-01,FED_SPEAKER from release calendar
FED_SPEAKER_2018_11_27_TIGHT,FED_SPEAKER,2018-11-27,12:00:00,America/New_York,TIGHT,-60,10,"MES.v.0,MNQ.v.0,ES.v.0,NQ.v.0,ZN.v.0,ZB.v.0,RTY.v.0",50,Fed,https://www.federalreserve.gov/newsevents/speeches.htm,2018-01-01,FED_SPEAKER from release calendar
FED_SPEAKER_2018_11_28_TIGHT,FED_SPEAKER,2018-11-28,12:00:00,America/New_York,TIGHT,-60,10,"MES.v.0,MNQ.v.0,ES.v.0,NQ.v.0,ZN.v.0,ZB.v.0,RTY.v.0",50,Fed,https://www.federalreserve.gov/newsevents/speeches.htm,2018-01-01,FED_SPEAKER from release calendar
FED_SPEAKER_2018_12_03_TIGHT,FED_SPEAKER,2018-12-03,12:00:00,America/New_York,TIGHT,-60,10,"MES.v.0,MNQ.v.0,ES.v.0,NQ.v.0,ZN.v.0,ZB.v.0,RTY.v.0",50,Fed,https://www.federalreserve.gov/newsevents/speeches.htm,2018-01-01,FED_SPEAKER from release calendar
FED_SPEAKER_2018_12_05_TIGHT,FED_SPEAKER,2018-12-05,12:00:00,America/New_York,TIGHT,-60,10,"MES.v.0,MNQ.v.0,ES.v.0,NQ.v.0,ZN.v.0,ZB.v.0,RTY.v.0",50,Fed,https://www.federalreserve.gov/newsevents/speeches.htm,2018-01-01,FED_SPEAKER from release calendar
FED_SPEAKER_2018_12_06_TIGHT,FED_SPEAKER,2018-12-06,12:00:00,America/New_York,TIGHT,-60,10,"MES.v.0,MNQ.v.0,ES.v.0,NQ.v.0,ZN.v.0,ZB.v.0,RTY.v.0",50,Fed,https://www.federalreserve.gov/newsevents/speeches.htm,2018-01-01,FED_SPEAKER from release calendar
FED_SPEAKER_2018_12_07_TIGHT,FED_SPEAKER,2018-12-07,12:00:00,America/New_York,TIGHT,-60,10,"MES.v.0,MNQ.v.0,ES.v.0,NQ.v.0,ZN.v.0,ZB.v.0,RTY.v.0",50,Fed,https://www.federalreserve.gov/newsevents/speeches.htm,2018-01-01,FED_SPEAKER from release calendar
FED_SPEAKER_2019_01_09_TIGHT,FED_SPEAKER,2019-01-09,12:00:00,America/New_York,TIGHT,-60,10,"MES.v.0,MNQ.v.0,ES.v.0,NQ.v.0,ZN.v.0,ZB.v.0,RTY.v.0",50,Fed,https://www.federalreserve.gov/newsevents/speeches.htm,2018-01-01,FED_SPEAKER from release calendar
FED_SPEAKER_2019_01_10_TIGHT,FED_SPEAKER,2019-01-10,12:00:00,America/New_York,TIGHT,-60,10,"MES.v.0,MNQ.v.0,ES.v.0,NQ.v.0,ZN.v.0,ZB.v.0,RTY.v.0",50,Fed,https://www.federalreserve.gov/newsevents/speeches.htm,2018-01-01,FED_SPEAKER from release calendar
FED_SPEAKER_2019_02_01_TIGHT,FED_SPEAKER,2019-02-01,12:00:00,America/New_York,TIGHT,-60,10,"MES.v.0,MNQ.v.0,ES.v.0,NQ.v.0,ZN.v.0,ZB.v.0,RTY.v.0",50,Fed,https://www.federalreserve.gov/newsevents/speeches.htm,2018-01-01,FED_SPEAKER from release calendar
FED_SPEAKER_2019_02_06_TIGHT,FED_SPEAKER,2019-02-06,12:00:00,America/New_York,TIGHT,-60,10,"MES.v.0,MNQ.v.0,ES.v.0,NQ.v.0,ZN.v.0,ZB.v.0,RTY.v.0",50,Fed,https://www.federalreserve.gov/newsevents/speeches.htm,2018-01-01,FED_SPEAKER from release calendar
FED_SPEAKER_2019_02_10_TIGHT,FED_SPEAKER,2019-02-10,12:00:00,America/New_York,TIGHT,-60,10,"MES.v.0,MNQ.v.0,ES.v.0,NQ.v.0,ZN.v.0,ZB.v.0,RTY.v.0",50,Fed,https://www.federalreserve.gov/newsevents/speeches.htm,2018-01-01,FED_SPEAKER from release calendar
FED_SPEAKER_2019_02_11_TIGHT,FED_SPEAKER,2019-02-11,12:00:00,America/New_York,TIGHT,-60,10,"MES.v.0,MNQ.v.0,ES.v.0,NQ.v.0,ZN.v.0,ZB.v.0,RTY.v.0",50,Fed,https://www.federalreserve.gov/newsevents/speeches.htm,2018-01-01,FED_SPEAKER from release calendar
FED_SPEAKER_2019_02_12_TIGHT,FED_SPEAKER,2019-02-12,12:00:00,America/New_York,TIGHT,-60,10,"MES.v.0,MNQ.v.0,ES.v.0,NQ.v.0,ZN.v.0,ZB.v.0,RTY.v.0",50,Fed,https://www.federalreserve.gov/newsevents/speeches.htm,2018-01-01,FED_SPEAKER from release calendar
FED_SPEAKER_2019_02_22_TIGHT,FED_SPEAKER,2019-02-22,12:00:00,America/New_York,TIGHT,-60,10,"MES.v.0,MNQ.v.0,ES.v.0,NQ.v.0,ZN.v.0,ZB.v.0,RTY.v.0",50,Fed,https://www.federalreserve.gov/newsevents/speeches.htm,2018-01-01,FED_SPEAKER from release calendar
FED_SPEAKER_2019_02_23_TIGHT,FED_SPEAKER,2019-02-23,12:00:00,America/New_York,TIGHT,-60,10,"MES.v.0,MNQ.v.0,ES.v.0,NQ.v.0,ZN.v.0,ZB.v.0,RTY.v.0",50,Fed,https://www.federalreserve.gov/newsevents/speeches.htm,2018-01-01,FED_SPEAKER from release calendar
FED_SPEAKER_2019_02_28_TIGHT,FED_SPEAKER,2019-02-28,12:00:00,America/New_York,TIGHT,-60,10,"MES.v.0,MNQ.v.0,ES.v.0,NQ.v.0,ZN.v.0,ZB.v.0,RTY.v.0",50,Fed,https://www.federalreserve.gov/newsevents/speeches.htm,2018-01-01,FED_SPEAKER from release calendar
FED_SPEAKER_2019_03_07_TIGHT,FED_SPEAKER,2019-03-07,12:00:00,America/New_York,TIGHT,-60,10,"MES.v.0,MNQ.v.0,ES.v.0,NQ.v.0,ZN.v.0,ZB.v.0,RTY.v.0",50,Fed,https://www.federalreserve.gov/newsevents/speeches.htm,2018-01-01,FED_SPEAKER from release calendar
FED_SPEAKER_2019_03_08_TIGHT,FED_SPEAKER,2019-03-08,12:00:00,America/New_York,TIGHT,-60,10,"MES.v.0,MNQ.v.0,ES.v.0,NQ.v.0,ZN.v.0,ZB.v.0,RTY.v.0",50,Fed,https://www.federalreserve.gov/newsevents/speeches.htm,2018-01-01,FED_SPEAKER from release calendar
FED_SPEAKER_2019_03_11_TIGHT,FED_SPEAKER,2019-03-11,12:00:00,America/New_York,TIGHT,-60,10,"MES.v.0,MNQ.v.0,ES.v.0,NQ.v.0,ZN.v.0,ZB.v.0,RTY.v.0",50,Fed,https://www.federalreserve.gov/newsevents/speeches.htm,2018-01-01,FED_SPEAKER from release calendar
FED_SPEAKER_2019_03_12_TIGHT,FED_SPEAKER,2019-03-12,12:00:00,America/New_York,TIGHT,-60,10,"MES.v.0,MNQ.v.0,ES.v.0,NQ.v.0,ZN.v.0,ZB.v.0,RTY.v.0",50,Fed,https://www.federalreserve.gov/newsevents/speeches.htm,2018-01-01,FED_SPEAKER from release calendar
FED_SPEAKER_2019_03_25_TIGHT,FED_SPEAKER,2019-03-25,12:00:00,America/New_York,TIGHT,-60,10,"MES.v.0,MNQ.v.0,ES.v.0,NQ.v.0,ZN.v.0,ZB.v.0,RTY.v.0",50,Fed,https://www.federalreserve.gov/newsevents/speeches.htm,2018-01-01,FED_SPEAKER from release calendar
FED_SPEAKER_2019_03_28_TIGHT,FED_SPEAKER,2019-03-28,12:00:00,America/New_York,TIGHT,-60,10,"MES.v.0,MNQ.v.0,ES.v.0,NQ.v.0,ZN.v.0,ZB.v.0,RTY.v.0",50,Fed,https://www.federalreserve.gov/newsevents/speeches.htm,2018-01-01,FED_SPEAKER from release calendar
FED_SPEAKER_2019_03_29_TIGHT,FED_SPEAKER,2019-03-29,12:00:00,America/New_York,TIGHT,-60,10,"MES.v.0,MNQ.v.0,ES.v.0,NQ.v.0,ZN.v.0,ZB.v.0,RTY.v.0",50,Fed,https://www.federalreserve.gov/newsevents/speeches.htm,2018-01-01,FED_SPEAKER from release calendar
FED_SPEAKER_2019_04_02_TIGHT,FED_SPEAKER,2019-04-02,12:00:00,America/New_York,TIGHT,-60,10,"MES.v.0,MNQ.v.0,ES.v.0,NQ.v.0,ZN.v.0,ZB.v.0,RTY.v.0",50,Fed,https://www.federalreserve.gov/newsevents/speeches.htm,2018-01-01,FED_SPEAKER from release calendar
FED_SPEAKER_2019_04_09_TIGHT,FED_SPEAKER,2019-04-09,12:00:00,America/New_York,TIGHT,-60,10,"MES.v.0,MNQ.v.0,ES.v.0,NQ.v.0,ZN.v.0,ZB.v.0,RTY.v.0",50,Fed,https://www.federalreserve.gov/newsevents/speeches.htm,2018-01-01,FED_SPEAKER from release calendar
FED_SPEAKER_2019_04_10_TIGHT,FED_SPEAKER,2019-04-10,12:00:00,America/New_York,TIGHT,-60,10,"MES.v.0,MNQ.v.0,ES.v.0,NQ.v.0,ZN.v.0,ZB.v.0,RTY.v.0",50,Fed,https://www.federalreserve.gov/newsevents/speeches.htm,2018-01-01,FED_SPEAKER from release calendar
FED_SPEAKER_2019_04_11_TIGHT,FED_SPEAKER,2019-04-11,12:00:00,America/New_York,TIGHT,-60,10,"MES.v.0,MNQ.v.0,ES.v.0,NQ.v.0,ZN.v.0,ZB.v.0,RTY.v.0",50,Fed,https://www.federalreserve.gov/newsevents/speeches.htm,2018-01-01,FED_SPEAKER from release calendar
FED_SPEAKER_2019_05_03_TIGHT,FED_SPEAKER,2019-05-03,12:00:00,America/New_York,TIGHT,-60,10,"MES.v.0,MNQ.v.0,ES.v.0,NQ.v.0,ZN.v.0,ZB.v.0,RTY.v.0",50,Fed,https://www.federalreserve.gov/newsevents/speeches.htm,2018-01-01,FED_SPEAKER from release calendar
FED_SPEAKER_2019_05_08_TIGHT,FED_SPEAKER,2019-05-08,12:00:00,America/New_York,TIGHT,-60,10,"MES.v.0,MNQ.v.0,ES.v.0,NQ.v.0,ZN.v.0,ZB.v.0,RTY.v.0",50,Fed,https://www.federalreserve.gov/newsevents/speeches.htm,2018-01-01,FED_SPEAKER from release calendar
FED_SPEAKER_2019_05_09_TIGHT,FED_SPEAKER,2019-05-09,12:00:00,America/New_York,TIGHT,-60,10,"MES.v.0,MNQ.v.0,ES.v.0,NQ.v.0,ZN.v.0,ZB.v.0,RTY.v.0",50,Fed,https://www.federalreserve.gov/newsevents/speeches.htm,2018-01-01,FED_SPEAKER from release calendar
FED_SPEAKER_2019_05_10_TIGHT,FED_SPEAKER,2019-05-10,12:00:00,America/New_York,TIGHT,-60,10,"MES.v.0,MNQ.v.0,ES.v.0,NQ.v.0,ZN.v.0,ZB.v.0,RTY.v.0",50,Fed,https://www.federalreserve.gov/newsevents/speeches.htm,2018-01-01,FED_SPEAKER from release calendar
FED_SPEAKER_2019_05_13_TIGHT,FED_SPEAKER,2019-05-13,12:00:00,America/New_York,TIGHT,-60,10,"MES.v.0,MNQ.v.0,ES.v.0,NQ.v.0,ZN.v.0,ZB.v.0,RTY.v.0",50,Fed,https://www.federalreserve.gov/newsevents/speeches.htm,2018-01-01,FED_SPEAKER from release calendar
FED_SPEAKER_2019_05_16_TIGHT,FED_SPEAKER,2019-05-16,12:00:00,America/New_York,TIGHT,-60,10,"MES.v.0,MNQ.v.0,ES.v.0,NQ.v.0,ZN.v.0,ZB.v.0,RTY.v.0",50,Fed,https://www.federalreserve.gov/newsevents/speeches.htm,2018-01-01,FED_SPEAKER from release calendar
FED_SPEAKER_2019_05_17_TIGHT,FED_SPEAKER,2019-05-17,12:00:00,America/New_York,TIGHT,-60,10,"MES.v.0,MNQ.v.0,ES.v.0,NQ.v.0,ZN.v.0,ZB.v.0,RTY.v.0",50,Fed,https://www.federalreserve.gov/newsevents/speeches.htm,2018-01-01,FED_SPEAKER from release calendar
FED_SPEAKER_2019_05_20_TIGHT,FED_SPEAKER,2019-05-20,12:00:00,America/New_York,TIGHT,-60,10,"MES.v.0,MNQ.v.0,ES.v.0,NQ.v.0,ZN.v.0,ZB.v.0,RTY.v.0",50,Fed,https://www.federalreserve.gov/newsevents/speeches.htm,2018-01-01,FED_SPEAKER from release calendar
FED_SPEAKER_2019_05_30_TIGHT,FED_SPEAKER,2019-05-30,12:00:00,America/New_York,TIGHT,-60,10,"MES.v.0,MNQ.v.0,ES.v.0,NQ.v.0,ZN.v.0,ZB.v.0,RTY.v.0",50,Fed,https://www.federalreserve.gov/newsevents/speeches.htm,2018-01-01,FED_SPEAKER from release calendar
FED_SPEAKER_2019_06_03_TIGHT,FED_SPEAKER,2019-06-03,12:00:00,America/New_York,TIGHT,-60,10,"MES.v.0,MNQ.v.0,ES.v.0,NQ.v.0,ZN.v.0,ZB.v.0,RTY.v.0",50,Fed,https://www.federalreserve.gov/newsevents/speeches.htm,2018-01-01,FED_SPEAKER from release calendar
FED_SPEAKER_2019_06_04_TIGHT,FED_SPEAKER,2019-06-04,12:00:00,America/New_York,TIGHT,-60,10,"MES.v.0,MNQ.v.0,ES.v.0,NQ.v.0,ZN.v.0,ZB.v.0,RTY.v.0",50,Fed,https://www.federalreserve.gov/newsevents/speeches.htm,2018-01-01,FED_SPEAKER from release calendar
FED_SPEAKER_2019_06_05_TIGHT,FED_SPEAKER,2019-06-05,12:00:00,America/New_York,TIGHT,-60,10,"MES.v.0,MNQ.v.0,ES.v.0,NQ.v.0,ZN.v.0,ZB.v.0,RTY.v.0",50,Fed,https://www.federalreserve.gov/newsevents/speeches.htm,2018-01-01,FED_SPEAKER from release calendar
FED_SPEAKER_2019_06_21_TIGHT,FED_SPEAKER,2019-06-21,12:00:00,America/New_York,TIGHT,-60,10,"MES.v.0,MNQ.v.0,ES.v.0,NQ.v.0,ZN.v.0,ZB.v.0,RTY.v.0",50,Fed,https://www.federalreserve.gov/newsevents/speeches.htm,2018-01-01,FED_SPEAKER from release calendar
FED_SPEAKER_2019_06_25_TIGHT,FED_SPEAKER,2019-06-25,12:00:00,America/New_York,TIGHT,-60,10,"MES.v.0,MNQ.v.0,ES.v.0,NQ.v.0,ZN.v.0,ZB.v.0,RTY.v.0",50,Fed,https://www.federalreserve.gov/newsevents/speeches.htm,2018-01-01,FED_SPEAKER from release calendar
FED_SPEAKER_2019_07_01_TIGHT,FED_SPEAKER,2019-07-01,12:00:00,America/New_York,TIGHT,-60,10,"MES.v.0,MNQ.v.0,ES.v.0,NQ.v.0,ZN.v.0,ZB.v.0,RTY.v.0",50,Fed,https://www.federalreserve.gov/newsevents/speeches.htm,2018-01-01,FED_SPEAKER from release calendar
FED_SPEAKER_2019_07_09_TIGHT,FED_SPEAKER,2019-07-09,12:00:00,America/New_York,TIGHT,-60,10,"MES.v.0,MNQ.v.0,ES.v.0,NQ.v.0,ZN.v.0,ZB.v.0,RTY.v.0",50,Fed,https://www.federalreserve.gov/newsevents/speeches.htm,2018-01-01,FED_SPEAKER from release calendar
FED_SPEAKER_2019_07_11_TIGHT,FED_SPEAKER,2019-07-11,12:00:00,America/New_York,TIGHT,-60,10,"MES.v.0,MNQ.v.0,ES.v.0,NQ.v.0,ZN.v.0,ZB.v.0,RTY.v.0",50,Fed,https://www.federalreserve.gov/newsevents/speeches.htm,2018-01-01,FED_SPEAKER from release calendar
FED_SPEAKER_2019_07_16_TIGHT,FED_SPEAKER,2019-07-16,12:00:00,America/New_York,TIGHT,-60,10,"MES.v.0,MNQ.v.0,ES.v.0,NQ.v.0,ZN.v.0,ZB.v.0,RTY.v.0",50,Fed,https://www.federalreserve.gov/newsevents/speeches.htm,2018-01-01,FED_SPEAKER from release calendar
FED_SPEAKER_2019_08_05_TIGHT,FED_SPEAKER,2019-08-05,12:00:00,America/New_York,TIGHT,-60,10,"MES.v.0,MNQ.v.0,ES.v.0,NQ.v.0,ZN.v.0,ZB.v.0,RTY.v.0",50,Fed,https://www.federalreserve.gov/newsevents/speeches.htm,2018-01-01,FED_SPEAKER from release calendar
FED_SPEAKER_2019_08_20_TIGHT,FED_SPEAKER,2019-08-20,12:00:00,America/New_York,TIGHT,-60,10,"MES.v.0,MNQ.v.0,ES.v.0,NQ.v.0,ZN.v.0,ZB.v.0,RTY.v.0",50,Fed,https://www.federalreserve.gov/newsevents/speeches.htm,2018-01-01,FED_SPEAKER from release calendar
FED_SPEAKER_2019_08_23_TIGHT,FED_SPEAKER,2019-08-23,12:00:00,America/New_York,TIGHT,-60,10,"MES.v.0,MNQ.v.0,ES.v.0,NQ.v.0,ZN.v.0,ZB.v.0,RTY.v.0",50,Fed,https://www.federalreserve.gov/newsevents/speeches.htm,2018-01-01,FED_SPEAKER from release calendar
FED_SPEAKER_2019_09_04_TIGHT,FED_SPEAKER,2019-09-04,12:00:00,America/New_York,TIGHT,-60,10,"MES.v.0,MNQ.v.0,ES.v.0,NQ.v.0,ZN.v.0,ZB.v.0,RTY.v.0",50,Fed,https://www.federalreserve.gov/newsevents/speeches.htm,2018-01-01,FED_SPEAKER from release calendar
FED_SPEAKER_2019_09_05_TIGHT,FED_SPEAKER,2019-09-05,12:00:00,America/New_York,TIGHT,-60,10,"MES.v.0,MNQ.v.0,ES.v.0,NQ.v.0,ZN.v.0,ZB.v.0,RTY.v.0",50,Fed,https://www.federalreserve.gov/newsevents/speeches.htm,2018-01-01,FED_SPEAKER from release calendar
FED_SPEAKER_2019_09_26_TIGHT,FED_SPEAKER,2019-09-26,12:00:00,America/New_York,TIGHT,-60,10,"MES.v.0,MNQ.v.0,ES.v.0,NQ.v.0,ZN.v.0,ZB.v.0,RTY.v.0",50,Fed,https://www.federalreserve.gov/newsevents/speeches.htm,2018-01-01,FED_SPEAKER from release calendar
FED_SPEAKER_2019_09_27_TIGHT,FED_SPEAKER,2019-09-27,12:00:00,America/New_York,TIGHT,-60,10,"MES.v.0,MNQ.v.0,ES.v.0,NQ.v.0,ZN.v.0,ZB.v.0,RTY.v.0",50,Fed,https://www.federalreserve.gov/newsevents/speeches.htm,2018-01-01,FED_SPEAKER from release calendar
FED_SPEAKER_2019_10_01_TIGHT,FED_SPEAKER,2019-10-01,12:00:00,America/New_York,TIGHT,-60,10,"MES.v.0,MNQ.v.0,ES.v.0,NQ.v.0,ZN.v.0,ZB.v.0,RTY.v.0",50,Fed,https://www.federalreserve.gov/newsevents/speeches.htm,2018-01-01,FED_SPEAKER from release calendar
FED_SPEAKER_2019_10_03_TIGHT,FED_SPEAKER,2019-10-03,12:00:00,America/New_York,TIGHT,-60,10,"MES.v.0,MNQ.v.0,ES.v.0,NQ.v.0,ZN.v.0,ZB.v.0,RTY.v.0",50,Fed,https://www.federalreserve.gov/newsevents/speeches.htm,2018-01-01,FED_SPEAKER from release calendar
FED_SPEAKER_2019_10_04_TIGHT,FED_SPEAKER,2019-10-04,12:00:00,America/New_York,TIGHT,-60,10,"MES.v.0,MNQ.v.0,ES.v.0,NQ.v.0,ZN.v.0,ZB.v.0,RTY.v.0",50,Fed,https://www.federalreserve.gov/newsevents/speeches.htm,2018-01-01,FED_SPEAKER from release calendar
FED_SPEAKER_2019_10_07_TIGHT,FED_SPEAKER,2019-10-07,12:00:00,America/New_York,TIGHT,-60,10,"MES.v.0,MNQ.v.0,ES.v.0,NQ.v.0,ZN.v.0,ZB.v.0,RTY.v.0",50,Fed,https://www.federalreserve.gov/newsevents/speeches.htm,2018-01-01,FED_SPEAKER from release calendar
FED_SPEAKER_2019_10_08_TIGHT,FED_SPEAKER,2019-10-08,12:00:00,America/New_York,TIGHT,-60,10,"MES.v.0,MNQ.v.0,ES.v.0,NQ.v.0,ZN.v.0,ZB.v.0,RTY.v.0",50,Fed,https://www.federalreserve.gov/newsevents/speeches.htm,2018-01-01,FED_SPEAKER from release calendar
FED_SPEAKER_2019_10_09_TIGHT,FED_SPEAKER,2019-10-09,12:00:00,America/New_York,TIGHT,-60,10,"MES.v.0,MNQ.v.0,ES.v.0,NQ.v.0,ZN.v.0,ZB.v.0,RTY.v.0",50,Fed,https://www.federalreserve.gov/newsevents/speeches.htm,2018-01-01,FED_SPEAKER from release calendar
FED_SPEAKER_2019_10_16_TIGHT,FED_SPEAKER,2019-10-16,12:00:00,America/New_York,TIGHT,-60,10,"MES.v.0,MNQ.v.0,ES.v.0,NQ.v.0,ZN.v.0,ZB.v.0,RTY.v.0",50,Fed,https://www.federalreserve.gov/newsevents/speeches.htm,2018-01-01,FED_SPEAKER from release calendar
FED_SPEAKER_2019_10_17_TIGHT,FED_SPEAKER,2019-10-17,12:00:00,America/New_York,TIGHT,-60,10,"MES.v.0,MNQ.v.0,ES.v.0,NQ.v.0,ZN.v.0,ZB.v.0,RTY.v.0",50,Fed,https://www.federalreserve.gov/newsevents/speeches.htm,2018-01-01,FED_SPEAKER from release calendar
FED_SPEAKER_2019_10_18_TIGHT,FED_SPEAKER,2019-10-18,12:00:00,America/New_York,TIGHT,-60,10,"MES.v.0,MNQ.v.0,ES.v.0,NQ.v.0,ZN.v.0,ZB.v.0,RTY.v.0",50,Fed,https://www.federalreserve.gov/newsevents/speeches.htm,2018-01-01,FED_SPEAKER from release calendar
FED_SPEAKER_2019_10_21_TIGHT,FED_SPEAKER,2019-10-21,12:00:00,America/New_York,TIGHT,-60,10,"MES.v.0,MNQ.v.0,ES.v.0,NQ.v.0,ZN.v.0,ZB.v.0,RTY.v.0",50,Fed,https://www.federalreserve.gov/newsevents/speeches.htm,2018-01-01,FED_SPEAKER from release calendar
FED_SPEAKER_2019_11_01_TIGHT,FED_SPEAKER,2019-11-01,12:00:00,America/New_York,TIGHT,-60,10,"MES.v.0,MNQ.v.0,ES.v.0,NQ.v.0,ZN.v.0,ZB.v.0,RTY.v.0",50,Fed,https://www.federalreserve.gov/newsevents/speeches.htm,2018-01-01,FED_SPEAKER from release calendar
FED_SPEAKER_2019_11_08_TIGHT,FED_SPEAKER,2019-11-08,12:00:00,America/New_York,TIGHT,-60,10,"MES.v.0,MNQ.v.0,ES.v.0,NQ.v.0,ZN.v.0,ZB.v.0,RTY.v.0",50,Fed,https://www.federalreserve.gov/newsevents/speeches.htm,2018-01-01,FED_SPEAKER from release calendar
FED_SPEAKER_2019_11_12_TIGHT,FED_SPEAKER,2019-11-12,12:00:00,America/New_York,TIGHT,-60,10,"MES.v.0,MNQ.v.0,ES.v.0,NQ.v.0,ZN.v.0,ZB.v.0,RTY.v.0",50,Fed,https://www.federalreserve.gov/newsevents/speeches.htm,2018-01-01,FED_SPEAKER from release calendar
FED_SPEAKER_2019_11_14_TIGHT,FED_SPEAKER,2019-11-14,12:00:00,America/New_York,TIGHT,-60,10,"MES.v.0,MNQ.v.0,ES.v.0,NQ.v.0,ZN.v.0,ZB.v.0,RTY.v.0",50,Fed,https://www.federalreserve.gov/newsevents/speeches.htm,2018-01-01,FED_SPEAKER from release calendar
FED_SPEAKER_2019_11_25_TIGHT,FED_SPEAKER,2019-11-25,12:00:00,America/New_York,TIGHT,-60,10,"MES.v.0,MNQ.v.0,ES.v.0,NQ.v.0,ZN.v.0,ZB.v.0,RTY.v.0",50,Fed,https://www.federalreserve.gov/newsevents/speeches.htm,2018-01-01,FED_SPEAKER from release calendar
FED_SPEAKER_2019_11_26_TIGHT,FED_SPEAKER,2019-11-26,12:00:00,America/New_York,TIGHT,-60,10,"MES.v.0,MNQ.v.0,ES.v.0,NQ.v.0,ZN.v.0,ZB.v.0,RTY.v.0",50,Fed,https://www.federalreserve.gov/newsevents/speeches.htm,2018-01-01,FED_SPEAKER from release calendar
FED_SPEAKER_2019_12_18_TIGHT,FED_SPEAKER,2019-12-18,12:00:00,America/New_York,TIGHT,-60,10,"MES.v.0,MNQ.v.0,ES.v.0,NQ.v.0,ZN.v.0,ZB.v.0,RTY.v.0",50,Fed,https://www.federalreserve.gov/newsevents/speeches.htm,2018-01-01,FED_SPEAKER from release calendar
FED_SPEAKER_2020_01_08_TIGHT,FED_SPEAKER,2020-01-08,12:00:00,America/New_York,TIGHT,-60,10,"MES.v.0,MNQ.v.0,ES.v.0,NQ.v.0,ZN.v.0,ZB.v.0,RTY.v.0",50,Fed,https://www.federalreserve.gov/newsevents/speeches.htm,2018-01-01,FED_SPEAKER from release calendar
FED_SPEAKER_2020_01_09_TIGHT,FED_SPEAKER,2020-01-09,12:00:00,America/New_York,TIGHT,-60,10,"MES.v.0,MNQ.v.0,ES.v.0,NQ.v.0,ZN.v.0,ZB.v.0,RTY.v.0",50,Fed,https://www.federalreserve.gov/newsevents/speeches.htm,2018-01-01,FED_SPEAKER from release calendar
FED_SPEAKER_2020_01_16_TIGHT,FED_SPEAKER,2020-01-16,12:00:00,America/New_York,TIGHT,-60,10,"MES.v.0,MNQ.v.0,ES.v.0,NQ.v.0,ZN.v.0,ZB.v.0,RTY.v.0",50,Fed,https://www.federalreserve.gov/newsevents/speeches.htm,2018-01-01,FED_SPEAKER from release calendar
FED_SPEAKER_2020_01_17_TIGHT,FED_SPEAKER,2020-01-17,12:00:00,America/New_York,TIGHT,-60,10,"MES.v.0,MNQ.v.0,ES.v.0,NQ.v.0,ZN.v.0,ZB.v.0,RTY.v.0",50,Fed,https://www.federalreserve.gov/newsevents/speeches.htm,2018-01-01,FED_SPEAKER from release calendar
FED_SPEAKER_2020_02_05_TIGHT,FED_SPEAKER,2020-02-05,12:00:00,America/New_York,TIGHT,-60,10,"MES.v.0,MNQ.v.0,ES.v.0,NQ.v.0,ZN.v.0,ZB.v.0,RTY.v.0",50,Fed,https://www.federalreserve.gov/newsevents/speeches.htm,2018-01-01,FED_SPEAKER from release calendar
FED_SPEAKER_2020_02_06_TIGHT,FED_SPEAKER,2020-02-06,12:00:00,America/New_York,TIGHT,-60,10,"MES.v.0,MNQ.v.0,ES.v.0,NQ.v.0,ZN.v.0,ZB.v.0,RTY.v.0",50,Fed,https://www.federalreserve.gov/newsevents/speeches.htm,2018-01-01,FED_SPEAKER from release calendar
FED_SPEAKER_2020_02_10_TIGHT,FED_SPEAKER,2020-02-10,12:00:00,America/New_York,TIGHT,-60,10,"MES.v.0,MNQ.v.0,ES.v.0,NQ.v.0,ZN.v.0,ZB.v.0,RTY.v.0",50,Fed,https://www.federalreserve.gov/newsevents/speeches.htm,2018-01-01,FED_SPEAKER from release calendar
FED_SPEAKER_2020_02_11_TIGHT,FED_SPEAKER,2020-02-11,12:00:00,America/New_York,TIGHT,-60,10,"MES.v.0,MNQ.v.0,ES.v.0,NQ.v.0,ZN.v.0,ZB.v.0,RTY.v.0",50,Fed,https://www.federalreserve.gov/newsevents/speeches.htm,2018-01-01,FED_SPEAKER from release calendar
FED_SPEAKER_2020_02_21_TIGHT,FED_SPEAKER,2020-02-21,12:00:00,America/New_York,TIGHT,-60,10,"MES.v.0,MNQ.v.0,ES.v.0,NQ.v.0,ZN.v.0,ZB.v.0,RTY.v.0",50,Fed,https://www.federalreserve.gov/newsevents/speeches.htm,2018-01-01,FED_SPEAKER from release calendar
FED_SPEAKER_2020_02_25_TIGHT,FED_SPEAKER,2020-02-25,12:00:00,America/New_York,TIGHT,-60,10,"MES.v.0,MNQ.v.0,ES.v.0,NQ.v.0,ZN.v.0,ZB.v.0,RTY.v.0",50,Fed,https://www.federalreserve.gov/newsevents/speeches.htm,2018-01-01,FED_SPEAKER from release calendar
FED_SPEAKER_2020_02_27_TIGHT,FED_SPEAKER,2020-02-27,12:00:00,America/New_York,TIGHT,-60,10,"MES.v.0,MNQ.v.0,ES.v.0,NQ.v.0,ZN.v.0,ZB.v.0,RTY.v.0",50,Fed,https://www.federalreserve.gov/newsevents/speeches.htm,2018-01-01,FED_SPEAKER from release calendar
FED_SPEAKER_2020_04_09_TIGHT,FED_SPEAKER,2020-04-09,12:00:00,America/New_York,TIGHT,-60,10,"MES.v.0,MNQ.v.0,ES.v.0,NQ.v.0,ZN.v.0,ZB.v.0,RTY.v.0",50,Fed,https://www.federalreserve.gov/newsevents/speeches.htm,2018-01-01,FED_SPEAKER from release calendar
FED_SPEAKER_2020_05_05_TIGHT,FED_SPEAKER,2020-05-05,12:00:00,America/New_York,TIGHT,-60,10,"MES.v.0,MNQ.v.0,ES.v.0,NQ.v.0,ZN.v.0,ZB.v.0,RTY.v.0",50,Fed,https://www.federalreserve.gov/newsevents/speeches.htm,2018-01-01,FED_SPEAKER from release calendar
FED_SPEAKER_2020_05_13_TIGHT,FED_SPEAKER,2020-05-13,12:00:00,America/New_York,TIGHT,-60,10,"MES.v.0,MNQ.v.0,ES.v.0,NQ.v.0,ZN.v.0,ZB.v.0,RTY.v.0",50,Fed,https://www.federalreserve.gov/newsevents/speeches.htm,2018-01-01,FED_SPEAKER from release calendar
FED_SPEAKER_2020_05_21_TIGHT,FED_SPEAKER,2020-05-21,12:00:00,America/New_York,TIGHT,-60,10,"MES.v.0,MNQ.v.0,ES.v.0,NQ.v.0,ZN.v.0,ZB.v.0,RTY.v.0",50,Fed,https://www.federalreserve.gov/newsevents/speeches.htm,2018-01-01,FED_SPEAKER from release calendar
FED_SPEAKER_2020_06_16_TIGHT,FED_SPEAKER,2020-06-16,12:00:00,America/New_York,TIGHT,-60,10,"MES.v.0,MNQ.v.0,ES.v.0,NQ.v.0,ZN.v.0,ZB.v.0,RTY.v.0",50,Fed,https://www.federalreserve.gov/newsevents/speeches.htm,2018-01-01,FED_SPEAKER from release calendar
FED_SPEAKER_2020_06_19_TIGHT,FED_SPEAKER,2020-06-19,12:00:00,America/New_York,TIGHT,-60,10,"MES.v.0,MNQ.v.0,ES.v.0,NQ.v.0,ZN.v.0,ZB.v.0,RTY.v.0",50,Fed,https://www.federalreserve.gov/newsevents/speeches.htm,2018-01-01,FED_SPEAKER from release calendar
FED_SPEAKER_2020_07_07_TIGHT,FED_SPEAKER,2020-07-07,12:00:00,America/New_York,TIGHT,-60,10,"MES.v.0,MNQ.v.0,ES.v.0,NQ.v.0,ZN.v.0,ZB.v.0,RTY.v.0",50,Fed,https://www.federalreserve.gov/newsevents/speeches.htm,2018-01-01,FED_SPEAKER from release calendar
FED_SPEAKER_2020_07_14_TIGHT,FED_SPEAKER,2020-07-14,12:00:00,America/New_York,TIGHT,-60,10,"MES.v.0,MNQ.v.0,ES.v.0,NQ.v.0,ZN.v.0,ZB.v.0,RTY.v.0",50,Fed,https://www.federalreserve.gov/newsevents/speeches.htm,2018-01-01,FED_SPEAKER from release calendar
FED_SPEAKER_2020_08_06_TIGHT,FED_SPEAKER,2020-08-06,12:00:00,America/New_York,TIGHT,-60,10,"MES.v.0,MNQ.v.0,ES.v.0,NQ.v.0,ZN.v.0,ZB.v.0,RTY.v.0",50,Fed,https://www.federalreserve.gov/newsevents/speeches.htm,2018-01-01,FED_SPEAKER from release calendar
FED_SPEAKER_2020_08_13_TIGHT,FED_SPEAKER,2020-08-13,12:00:00,America/New_York,TIGHT,-60,10,"MES.v.0,MNQ.v.0,ES.v.0,NQ.v.0,ZN.v.0,ZB.v.0,RTY.v.0",50,Fed,https://www.federalreserve.gov/newsevents/speeches.htm,2018-01-01,FED_SPEAKER from release calendar
FED_SPEAKER_2020_08_19_TIGHT,FED_SPEAKER,2020-08-19,12:00:00,America/New_York,TIGHT,-60,10,"MES.v.0,MNQ.v.0,ES.v.0,NQ.v.0,ZN.v.0,ZB.v.0,RTY.v.0",50,Fed,https://www.federalreserve.gov/newsevents/speeches.htm,2018-01-01,FED_SPEAKER from release calendar
FED_SPEAKER_2020_08_26_TIGHT,FED_SPEAKER,2020-08-26,12:00:00,America/New_York,TIGHT,-60,10,"MES.v.0,MNQ.v.0,ES.v.0,NQ.v.0,ZN.v.0,ZB.v.0,RTY.v.0",50,Fed,https://www.federalreserve.gov/newsevents/speeches.htm,2018-01-01,FED_SPEAKER from release calendar
FED_SPEAKER_2020_08_27_TIGHT,FED_SPEAKER,2020-08-27,12:00:00,America/New_York,TIGHT,-60,10,"MES.v.0,MNQ.v.0,ES.v.0,NQ.v.0,ZN.v.0,ZB.v.0,RTY.v.0",50,Fed,https://www.federalreserve.gov/newsevents/speeches.htm,2018-01-01,FED_SPEAKER from release calendar
FED_SPEAKER_2020_08_31_TIGHT,FED_SPEAKER,2020-08-31,12:00:00,America/New_York,TIGHT,-60,10,"MES.v.0,MNQ.v.0,ES.v.0,NQ.v.0,ZN.v.0,ZB.v.0,RTY.v.0",50,Fed,https://www.federalreserve.gov/newsevents/speeches.htm,2018-01-01,FED_SPEAKER from release calendar
FED_SPEAKER_2020_09_01_TIGHT,FED_SPEAKER,2020-09-01,12:00:00,America/New_York,TIGHT,-60,10,"MES.v.0,MNQ.v.0,ES.v.0,NQ.v.0,ZN.v.0,ZB.v.0,RTY.v.0",50,Fed,https://www.federalreserve.gov/newsevents/speeches.htm,2018-01-01,FED_SPEAKER from release calendar
FED_SPEAKER_2020_09_21_TIGHT,FED_SPEAKER,2020-09-21,12:00:00,America/New_York,TIGHT,-60,10,"MES.v.0,MNQ.v.0,ES.v.0,NQ.v.0,ZN.v.0,ZB.v.0,RTY.v.0",50,Fed,https://www.federalreserve.gov/newsevents/speeches.htm,2018-01-01,FED_SPEAKER from release calendar
FED_SPEAKER_2020_09_23_TIGHT,FED_SPEAKER,2020-09-23,12:00:00,America/New_York,TIGHT,-60,10,"MES.v.0,MNQ.v.0,ES.v.0,NQ.v.0,ZN.v.0,ZB.v.0,RTY.v.0",50,Fed,https://www.federalreserve.gov/newsevents/speeches.htm,2018-01-01,FED_SPEAKER from release calendar
FED_SPEAKER_2020_09_30_TIGHT,FED_SPEAKER,2020-09-30,12:00:00,America/New_York,TIGHT,-60,10,"MES.v.0,MNQ.v.0,ES.v.0,NQ.v.0,ZN.v.0,ZB.v.0,RTY.v.0",50,Fed,https://www.federalreserve.gov/newsevents/speeches.htm,2018-01-01,FED_SPEAKER from release calendar
FED_SPEAKER_2020_10_01_TIGHT,FED_SPEAKER,2020-10-01,12:00:00,America/New_York,TIGHT,-60,10,"MES.v.0,MNQ.v.0,ES.v.0,NQ.v.0,ZN.v.0,ZB.v.0,RTY.v.0",50,Fed,https://www.federalreserve.gov/newsevents/speeches.htm,2018-01-01,FED_SPEAKER from release calendar
FED_SPEAKER_2020_10_06_TIGHT,FED_SPEAKER,2020-10-06,12:00:00,America/New_York,TIGHT,-60,10,"MES.v.0,MNQ.v.0,ES.v.0,NQ.v.0,ZN.v.0,ZB.v.0,RTY.v.0",50,Fed,https://www.federalreserve.gov/newsevents/speeches.htm,2018-01-01,FED_SPEAKER from release calendar
FED_SPEAKER_2020_10_14_TIGHT,FED_SPEAKER,2020-10-14,12:00:00,America/New_York,TIGHT,-60,10,"MES.v.0,MNQ.v.0,ES.v.0,NQ.v.0,ZN.v.0,ZB.v.0,RTY.v.0",50,Fed,https://www.federalreserve.gov/newsevents/speeches.htm,2018-01-01,FED_SPEAKER from release calendar
FED_SPEAKER_2020_10_15_TIGHT,FED_SPEAKER,2020-10-15,12:00:00,America/New_York,TIGHT,-60,10,"MES.v.0,MNQ.v.0,ES.v.0,NQ.v.0,ZN.v.0,ZB.v.0,RTY.v.0",50,Fed,https://www.federalreserve.gov/newsevents/speeches.htm,2018-01-01,FED_SPEAKER from release calendar
FED_SPEAKER_2020_10_19_TIGHT,FED_SPEAKER,2020-10-19,12:00:00,America/New_York,TIGHT,-60,10,"MES.v.0,MNQ.v.0,ES.v.0,NQ.v.0,ZN.v.0,ZB.v.0,RTY.v.0",50,Fed,https://www.federalreserve.gov/newsevents/speeches.htm,2018-01-01,FED_SPEAKER from release calendar
FED_SPEAKER_2020_10_20_TIGHT,FED_SPEAKER,2020-10-20,12:00:00,America/New_York,TIGHT,-60,10,"MES.v.0,MNQ.v.0,ES.v.0,NQ.v.0,ZN.v.0,ZB.v.0,RTY.v.0",50,Fed,https://www.federalreserve.gov/newsevents/speeches.htm,2018-01-01,FED_SPEAKER from release calendar
FED_SPEAKER_2020_10_21_TIGHT,FED_SPEAKER,2020-10-21,12:00:00,America/New_York,TIGHT,-60,10,"MES.v.0,MNQ.v.0,ES.v.0,NQ.v.0,ZN.v.0,ZB.v.0,RTY.v.0",50,Fed,https://www.federalreserve.gov/newsevents/speeches.htm,2018-01-01,FED_SPEAKER from release calendar
FED_SPEAKER_2020_11_10_TIGHT,FED_SPEAKER,2020-11-10,12:00:00,America/New_York,TIGHT,-60,10,"MES.v.0,MNQ.v.0,ES.v.0,NQ.v.0,ZN.v.0,ZB.v.0,RTY.v.0",50,Fed,https://www.federalreserve.gov/newsevents/speeches.htm,2018-01-01,FED_SPEAKER from release calendar
FED_SPEAKER_2020_11_16_TIGHT,FED_SPEAKER,2020-11-16,12:00:00,America/New_York,TIGHT,-60,10,"MES.v.0,MNQ.v.0,ES.v.0,NQ.v.0,ZN.v.0,ZB.v.0,RTY.v.0",50,Fed,https://www.federalreserve.gov/newsevents/speeches.htm,2018-01-01,FED_SPEAKER from release calendar
FED_SPEAKER_2020_11_17_TIGHT,FED_SPEAKER,2020-11-17,12:00:00,America/New_York,TIGHT,-60,10,"MES.v.0,MNQ.v.0,ES.v.0,NQ.v.0,ZN.v.0,ZB.v.0,RTY.v.0",50,Fed,https://www.federalreserve.gov/newsevents/speeches.htm,2018-01-01,FED_SPEAKER from release calendar
FED_SPEAKER_2020_11_19_TIGHT,FED_SPEAKER,2020-11-19,12:00:00,America/New_York,TIGHT,-60,10,"MES.v.0,MNQ.v.0,ES.v.0,NQ.v.0,ZN.v.0,ZB.v.0,RTY.v.0",50,Fed,https://www.federalreserve.gov/newsevents/speeches.htm,2018-01-01,FED_SPEAKER from release calendar
FED_SPEAKER_2020_12_01_TIGHT,FED_SPEAKER,2020-12-01,12:00:00,America/New_York,TIGHT,-60,10,"MES.v.0,MNQ.v.0,ES.v.0,NQ.v.0,ZN.v.0,ZB.v.0,RTY.v.0",50,Fed,https://www.federalreserve.gov/newsevents/speeches.htm,2018-01-01,FED_SPEAKER from release calendar
FED_SPEAKER_2020_12_04_TIGHT,FED_SPEAKER,2020-12-04,12:00:00,America/New_York,TIGHT,-60,10,"MES.v.0,MNQ.v.0,ES.v.0,NQ.v.0,ZN.v.0,ZB.v.0,RTY.v.0",50,Fed,https://www.federalreserve.gov/newsevents/speeches.htm,2018-01-01,FED_SPEAKER from release calendar
FED_SPEAKER_2020_12_11_TIGHT,FED_SPEAKER,2020-12-11,12:00:00,America/New_York,TIGHT,-60,10,"MES.v.0,MNQ.v.0,ES.v.0,NQ.v.0,ZN.v.0,ZB.v.0,RTY.v.0",50,Fed,https://www.federalreserve.gov/newsevents/speeches.htm,2018-01-01,FED_SPEAKER from release calendar
FED_SPEAKER_2020_12_17_TIGHT,FED_SPEAKER,2020-12-17,12:00:00,America/New_York,TIGHT,-60,10,"MES.v.0,MNQ.v.0,ES.v.0,NQ.v.0,ZN.v.0,ZB.v.0,RTY.v.0",50,Fed,https://www.federalreserve.gov/newsevents/speeches.htm,2018-01-01,FED_SPEAKER from release calendar
FED_SPEAKER_2020_12_18_TIGHT,FED_SPEAKER,2020-12-18,12:00:00,America/New_York,TIGHT,-60,10,"MES.v.0,MNQ.v.0,ES.v.0,NQ.v.0,ZN.v.0,ZB.v.0,RTY.v.0",50,Fed,https://www.federalreserve.gov/newsevents/speeches.htm,2018-01-01,FED_SPEAKER from release calendar
FED_SPEAKER_2021_01_08_TIGHT,FED_SPEAKER,2021-01-08,12:00:00,America/New_York,TIGHT,-60,10,"MES.v.0,MNQ.v.0,ES.v.0,NQ.v.0,ZN.v.0,ZB.v.0,RTY.v.0",50,Fed,https://www.federalreserve.gov/newsevents/speeches.htm,2018-01-01,FED_SPEAKER from release calendar
FED_SPEAKER_2021_01_12_TIGHT,FED_SPEAKER,2021-01-12,12:00:00,America/New_York,TIGHT,-60,10,"MES.v.0,MNQ.v.0,ES.v.0,NQ.v.0,ZN.v.0,ZB.v.0,RTY.v.0",50,Fed,https://www.federalreserve.gov/newsevents/speeches.htm,2018-01-01,FED_SPEAKER from release calendar
FED_SPEAKER_2021_01_13_TIGHT,FED_SPEAKER,2021-01-13,12:00:00,America/New_York,TIGHT,-60,10,"MES.v.0,MNQ.v.0,ES.v.0,NQ.v.0,ZN.v.0,ZB.v.0,RTY.v.0",50,Fed,https://www.federalreserve.gov/newsevents/speeches.htm,2018-01-01,FED_SPEAKER from release calendar
FED_SPEAKER_2021_02_10_TIGHT,FED_SPEAKER,2021-02-10,12:00:00,America/New_York,TIGHT,-60,10,"MES.v.0,MNQ.v.0,ES.v.0,NQ.v.0,ZN.v.0,ZB.v.0,RTY.v.0",50,Fed,https://www.federalreserve.gov/newsevents/speeches.htm,2018-01-01,FED_SPEAKER from release calendar
FED_SPEAKER_2021_02_16_TIGHT,FED_SPEAKER,2021-02-16,12:00:00,America/New_York,TIGHT,-60,10,"MES.v.0,MNQ.v.0,ES.v.0,NQ.v.0,ZN.v.0,ZB.v.0,RTY.v.0",50,Fed,https://www.federalreserve.gov/newsevents/speeches.htm,2018-01-01,FED_SPEAKER from release calendar
FED_SPEAKER_2021_02_18_TIGHT,FED_SPEAKER,2021-02-18,12:00:00,America/New_York,TIGHT,-60,10,"MES.v.0,MNQ.v.0,ES.v.0,NQ.v.0,ZN.v.0,ZB.v.0,RTY.v.0",50,Fed,https://www.federalreserve.gov/newsevents/speeches.htm,2018-01-01,FED_SPEAKER from release calendar
FED_SPEAKER_2021_02_22_TIGHT,FED_SPEAKER,2021-02-22,12:00:00,America/New_York,TIGHT,-60,10,"MES.v.0,MNQ.v.0,ES.v.0,NQ.v.0,ZN.v.0,ZB.v.0,RTY.v.0",50,Fed,https://www.federalreserve.gov/newsevents/speeches.htm,2018-01-01,FED_SPEAKER from release calendar
FED_SPEAKER_2021_02_24_TIGHT,FED_SPEAKER,2021-02-24,12:00:00,America/New_York,TIGHT,-60,10,"MES.v.0,MNQ.v.0,ES.v.0,NQ.v.0,ZN.v.0,ZB.v.0,RTY.v.0",50,Fed,https://www.federalreserve.gov/newsevents/speeches.htm,2018-01-01,FED_SPEAKER from release calendar
FED_SPEAKER_2021_02_25_TIGHT,FED_SPEAKER,2021-02-25,12:00:00,America/New_York,TIGHT,-60,10,"MES.v.0,MNQ.v.0,ES.v.0,NQ.v.0,ZN.v.0,ZB.v.0,RTY.v.0",50,Fed,https://www.federalreserve.gov/newsevents/speeches.htm,2018-01-01,FED_SPEAKER from release calendar
FED_SPEAKER_2021_03_01_TIGHT,FED_SPEAKER,2021-03-01,12:00:00,America/New_York,TIGHT,-60,10,"MES.v.0,MNQ.v.0,ES.v.0,NQ.v.0,ZN.v.0,ZB.v.0,RTY.v.0",50,Fed,https://www.federalreserve.gov/newsevents/speeches.htm,2018-01-01,FED_SPEAKER from release calendar
FED_SPEAKER_2021_03_02_TIGHT,FED_SPEAKER,2021-03-02,12:00:00,America/New_York,TIGHT,-60,10,"MES.v.0,MNQ.v.0,ES.v.0,NQ.v.0,ZN.v.0,ZB.v.0,RTY.v.0",50,Fed,https://www.federalreserve.gov/newsevents/speeches.htm,2018-01-01,FED_SPEAKER from release calendar
FED_SPEAKER_2021_03_18_TIGHT,FED_SPEAKER,2021-03-18,12:00:00,America/New_York,TIGHT,-60,10,"MES.v.0,MNQ.v.0,ES.v.0,NQ.v.0,ZN.v.0,ZB.v.0,RTY.v.0",50,Fed,https://www.federalreserve.gov/newsevents/speeches.htm,2018-01-01,FED_SPEAKER from release calendar
FED_SPEAKER_2021_03_22_TIGHT,FED_SPEAKER,2021-03-22,12:00:00,America/New_York,TIGHT,-60,10,"MES.v.0,MNQ.v.0,ES.v.0,NQ.v.0,ZN.v.0,ZB.v.0,RTY.v.0",50,Fed,https://www.federalreserve.gov/newsevents/speeches.htm,2018-01-01,FED_SPEAKER from release calendar
FED_SPEAKER_2021_03_23_TIGHT,FED_SPEAKER,2021-03-23,12:00:00,America/New_York,TIGHT,-60,10,"MES.v.0,MNQ.v.0,ES.v.0,NQ.v.0,ZN.v.0,ZB.v.0,RTY.v.0",50,Fed,https://www.federalreserve.gov/newsevents/speeches.htm,2018-01-01,FED_SPEAKER from release calendar
FED_SPEAKER_2021_03_25_TIGHT,FED_SPEAKER,2021-03-25,12:00:00,America/New_York,TIGHT,-60,10,"MES.v.0,MNQ.v.0,ES.v.0,NQ.v.0,ZN.v.0,ZB.v.0,RTY.v.0",50,Fed,https://www.federalreserve.gov/newsevents/speeches.htm,2018-01-01,FED_SPEAKER from release calendar
FED_SPEAKER_2021_03_29_TIGHT,FED_SPEAKER,2021-03-29,12:00:00,America/New_York,TIGHT,-60,10,"MES.v.0,MNQ.v.0,ES.v.0,NQ.v.0,ZN.v.0,ZB.v.0,RTY.v.0",50,Fed,https://www.federalreserve.gov/newsevents/speeches.htm,2018-01-01,FED_SPEAKER from release calendar
FED_SPEAKER_2021_03_30_TIGHT,FED_SPEAKER,2021-03-30,12:00:00,America/New_York,TIGHT,-60,10,"MES.v.0,MNQ.v.0,ES.v.0,NQ.v.0,ZN.v.0,ZB.v.0,RTY.v.0",50,Fed,https://www.federalreserve.gov/newsevents/speeches.htm,2018-01-01,FED_SPEAKER from release calendar
FED_SPEAKER_2021_04_14_TIGHT,FED_SPEAKER,2021-04-14,12:00:00,America/New_York,TIGHT,-60,10,"MES.v.0,MNQ.v.0,ES.v.0,NQ.v.0,ZN.v.0,ZB.v.0,RTY.v.0",50,Fed,https://www.federalreserve.gov/newsevents/speeches.htm,2018-01-01,FED_SPEAKER from release calendar
FED_SPEAKER_2021_05_03_TIGHT,FED_SPEAKER,2021-05-03,12:00:00,America/New_York,TIGHT,-60,10,"MES.v.0,MNQ.v.0,ES.v.0,NQ.v.0,ZN.v.0,ZB.v.0,RTY.v.0",50,Fed,https://www.federalreserve.gov/newsevents/speeches.htm,2018-01-01,FED_SPEAKER from release calendar
FED_SPEAKER_2021_05_05_TIGHT,FED_SPEAKER,2021-05-05,12:00:00,America/New_York,TIGHT,-60,10,"MES.v.0,MNQ.v.0,ES.v.0,NQ.v.0,ZN.v.0,ZB.v.0,RTY.v.0",50,Fed,https://www.federalreserve.gov/newsevents/speeches.htm,2018-01-01,FED_SPEAKER from release calendar
FED_SPEAKER_2021_05_11_TIGHT,FED_SPEAKER,2021-05-11,12:00:00,America/New_York,TIGHT,-60,10,"MES.v.0,MNQ.v.0,ES.v.0,NQ.v.0,ZN.v.0,ZB.v.0,RTY.v.0",50,Fed,https://www.federalreserve.gov/newsevents/speeches.htm,2018-01-01,FED_SPEAKER from release calendar
FED_SPEAKER_2021_05_12_TIGHT,FED_SPEAKER,2021-05-12,12:00:00,America/New_York,TIGHT,-60,10,"MES.v.0,MNQ.v.0,ES.v.0,NQ.v.0,ZN.v.0,ZB.v.0,RTY.v.0",50,Fed,https://www.federalreserve.gov/newsevents/speeches.htm,2018-01-01,FED_SPEAKER from release calendar
FED_SPEAKER_2021_05_13_TIGHT,FED_SPEAKER,2021-05-13,12:00:00,America/New_York,TIGHT,-60,10,"MES.v.0,MNQ.v.0,ES.v.0,NQ.v.0,ZN.v.0,ZB.v.0,RTY.v.0",50,Fed,https://www.federalreserve.gov/newsevents/speeches.htm,2018-01-01,FED_SPEAKER from release calendar
FED_SPEAKER_2021_05_17_TIGHT,FED_SPEAKER,2021-05-17,12:00:00,America/New_York,TIGHT,-60,10,"MES.v.0,MNQ.v.0,ES.v.0,NQ.v.0,ZN.v.0,ZB.v.0,RTY.v.0",50,Fed,https://www.federalreserve.gov/newsevents/speeches.htm,2018-01-01,FED_SPEAKER from release calendar
FED_SPEAKER_2021_05_24_TIGHT,FED_SPEAKER,2021-05-24,12:00:00,America/New_York,TIGHT,-60,10,"MES.v.0,MNQ.v.0,ES.v.0,NQ.v.0,ZN.v.0,ZB.v.0,RTY.v.0",50,Fed,https://www.federalreserve.gov/newsevents/speeches.htm,2018-01-01,FED_SPEAKER from release calendar
FED_SPEAKER_2021_05_26_TIGHT,FED_SPEAKER,2021-05-26,12:00:00,America/New_York,TIGHT,-60,10,"MES.v.0,MNQ.v.0,ES.v.0,NQ.v.0,ZN.v.0,ZB.v.0,RTY.v.0",50,Fed,https://www.federalreserve.gov/newsevents/speeches.htm,2018-01-01,FED_SPEAKER from release calendar
FED_SPEAKER_2021_06_01_TIGHT,FED_SPEAKER,2021-06-01,12:00:00,America/New_York,TIGHT,-60,10,"MES.v.0,MNQ.v.0,ES.v.0,NQ.v.0,ZN.v.0,ZB.v.0,RTY.v.0",50,Fed,https://www.federalreserve.gov/newsevents/speeches.htm,2018-01-01,FED_SPEAKER from release calendar
FED_SPEAKER_2021_06_03_TIGHT,FED_SPEAKER,2021-06-03,12:00:00,America/New_York,TIGHT,-60,10,"MES.v.0,MNQ.v.0,ES.v.0,NQ.v.0,ZN.v.0,ZB.v.0,RTY.v.0",50,Fed,https://www.federalreserve.gov/newsevents/speeches.htm,2018-01-01,FED_SPEAKER from release calendar
FED_SPEAKER_2021_06_23_TIGHT,FED_SPEAKER,2021-06-23,12:00:00,America/New_York,TIGHT,-60,10,"MES.v.0,MNQ.v.0,ES.v.0,NQ.v.0,ZN.v.0,ZB.v.0,RTY.v.0",50,Fed,https://www.federalreserve.gov/newsevents/speeches.htm,2018-01-01,FED_SPEAKER from release calendar
FED_SPEAKER_2021_06_28_TIGHT,FED_SPEAKER,2021-06-28,12:00:00,America/New_York,TIGHT,-60,10,"MES.v.0,MNQ.v.0,ES.v.0,NQ.v.0,ZN.v.0,ZB.v.0,RTY.v.0",50,Fed,https://www.federalreserve.gov/newsevents/speeches.htm,2018-01-01,FED_SPEAKER from release calendar
FED_SPEAKER_2021_07_11_TIGHT,FED_SPEAKER,2021-07-11,12:00:00,America/New_York,TIGHT,-60,10,"MES.v.0,MNQ.v.0,ES.v.0,NQ.v.0,ZN.v.0,ZB.v.0,RTY.v.0",50,Fed,https://www.federalreserve.gov/newsevents/speeches.htm,2018-01-01,FED_SPEAKER from release calendar
FED_SPEAKER_2021_07_30_TIGHT,FED_SPEAKER,2021-07-30,12:00:00,America/New_York,TIGHT,-60,10,"MES.v.0,MNQ.v.0,ES.v.0,NQ.v.0,ZN.v.0,ZB.v.0,RTY.v.0",50,Fed,https://www.federalreserve.gov/newsevents/speeches.htm,2018-01-01,FED_SPEAKER from release calendar
FED_SPEAKER_2021_08_03_TIGHT,FED_SPEAKER,2021-08-03,12:00:00,America/New_York,TIGHT,-60,10,"MES.v.0,MNQ.v.0,ES.v.0,NQ.v.0,ZN.v.0,ZB.v.0,RTY.v.0",50,Fed,https://www.federalreserve.gov/newsevents/speeches.htm,2018-01-01,FED_SPEAKER from release calendar
FED_SPEAKER_2021_08_04_TIGHT,FED_SPEAKER,2021-08-04,12:00:00,America/New_York,TIGHT,-60,10,"MES.v.0,MNQ.v.0,ES.v.0,NQ.v.0,ZN.v.0,ZB.v.0,RTY.v.0",50,Fed,https://www.federalreserve.gov/newsevents/speeches.htm,2018-01-01,FED_SPEAKER from release calendar
FED_SPEAKER_2021_08_05_TIGHT,FED_SPEAKER,2021-08-05,12:00:00,America/New_York,TIGHT,-60,10,"MES.v.0,MNQ.v.0,ES.v.0,NQ.v.0,ZN.v.0,ZB.v.0,RTY.v.0",50,Fed,https://www.federalreserve.gov/newsevents/speeches.htm,2018-01-01,FED_SPEAKER from release calendar
FED_SPEAKER_2021_08_17_TIGHT,FED_SPEAKER,2021-08-17,12:00:00,America/New_York,TIGHT,-60,10,"MES.v.0,MNQ.v.0,ES.v.0,NQ.v.0,ZN.v.0,ZB.v.0,RTY.v.0",50,Fed,https://www.federalreserve.gov/newsevents/speeches.htm,2018-01-01,FED_SPEAKER from release calendar
FED_SPEAKER_2021_08_27_TIGHT,FED_SPEAKER,2021-08-27,12:00:00,America/New_York,TIGHT,-60,10,"MES.v.0,MNQ.v.0,ES.v.0,NQ.v.0,ZN.v.0,ZB.v.0,RTY.v.0",50,Fed,https://www.federalreserve.gov/newsevents/speeches.htm,2018-01-01,FED_SPEAKER from release calendar
FED_SPEAKER_2021_09_09_TIGHT,FED_SPEAKER,2021-09-09,12:00:00,America/New_York,TIGHT,-60,10,"MES.v.0,MNQ.v.0,ES.v.0,NQ.v.0,ZN.v.0,ZB.v.0,RTY.v.0",50,Fed,https://www.federalreserve.gov/newsevents/speeches.htm,2018-01-01,FED_SPEAKER from release calendar
FED_SPEAKER_2021_09_24_TIGHT,FED_SPEAKER,2021-09-24,12:00:00,America/New_York,TIGHT,-60,10,"MES.v.0,MNQ.v.0,ES.v.0,NQ.v.0,ZN.v.0,ZB.v.0,RTY.v.0",50,Fed,https://www.federalreserve.gov/newsevents/speeches.htm,2018-01-01,FED_SPEAKER from release calendar
FED_SPEAKER_2021_09_27_TIGHT,FED_SPEAKER,2021-09-27,12:00:00,America/New_York,TIGHT,-60,10,"MES.v.0,MNQ.v.0,ES.v.0,NQ.v.0,ZN.v.0,ZB.v.0,RTY.v.0",50,Fed,https://www.federalreserve.gov/newsevents/speeches.htm,2018-01-01,FED_SPEAKER from release calendar
FED_SPEAKER_2021_09_28_TIGHT,FED_SPEAKER,2021-09-28,12:00:00,America/New_York,TIGHT,-60,10,"MES.v.0,MNQ.v.0,ES.v.0,NQ.v.0,ZN.v.0,ZB.v.0,RTY.v.0",50,Fed,https://www.federalreserve.gov/newsevents/speeches.htm,2018-01-01,FED_SPEAKER from release calendar
FED_SPEAKER_2021_10_05_TIGHT,FED_SPEAKER,2021-10-05,12:00:00,America/New_York,TIGHT,-60,10,"MES.v.0,MNQ.v.0,ES.v.0,NQ.v.0,ZN.v.0,ZB.v.0,RTY.v.0",50,Fed,https://www.federalreserve.gov/newsevents/speeches.htm,2018-01-01,FED_SPEAKER from release calendar
FED_SPEAKER_2021_10_07_TIGHT,FED_SPEAKER,2021-10-07,12:00:00,America/New_York,TIGHT,-60,10,"MES.v.0,MNQ.v.0,ES.v.0,NQ.v.0,ZN.v.0,ZB.v.0,RTY.v.0",50,Fed,https://www.federalreserve.gov/newsevents/speeches.htm,2018-01-01,FED_SPEAKER from release calendar
FED_SPEAKER_2021_10_12_TIGHT,FED_SPEAKER,2021-10-12,12:00:00,America/New_York,TIGHT,-60,10,"MES.v.0,MNQ.v.0,ES.v.0,NQ.v.0,ZN.v.0,ZB.v.0,RTY.v.0",50,Fed,https://www.federalreserve.gov/newsevents/speeches.htm,2018-01-01,FED_SPEAKER from release calendar
FED_SPEAKER_2021_10_13_TIGHT,FED_SPEAKER,2021-10-13,12:00:00,America/New_York,TIGHT,-60,10,"MES.v.0,MNQ.v.0,ES.v.0,NQ.v.0,ZN.v.0,ZB.v.0,RTY.v.0",50,Fed,https://www.federalreserve.gov/newsevents/speeches.htm,2018-01-01,FED_SPEAKER from release calendar
FED_SPEAKER_2021_10_18_TIGHT,FED_SPEAKER,2021-10-18,12:00:00,America/New_York,TIGHT,-60,10,"MES.v.0,MNQ.v.0,ES.v.0,NQ.v.0,ZN.v.0,ZB.v.0,RTY.v.0",50,Fed,https://www.federalreserve.gov/newsevents/speeches.htm,2018-01-01,FED_SPEAKER from release calendar
FED_SPEAKER_2021_10_19_TIGHT,FED_SPEAKER,2021-10-19,12:00:00,America/New_York,TIGHT,-60,10,"MES.v.0,MNQ.v.0,ES.v.0,NQ.v.0,ZN.v.0,ZB.v.0,RTY.v.0",50,Fed,https://www.federalreserve.gov/newsevents/speeches.htm,2018-01-01,FED_SPEAKER from release calendar
FED_SPEAKER_2021_10_20_TIGHT,FED_SPEAKER,2021-10-20,12:00:00,America/New_York,TIGHT,-60,10,"MES.v.0,MNQ.v.0,ES.v.0,NQ.v.0,ZN.v.0,ZB.v.0,RTY.v.0",50,Fed,https://www.federalreserve.gov/newsevents/speeches.htm,2018-01-01,FED_SPEAKER from release calendar
FED_SPEAKER_2021_10_22_TIGHT,FED_SPEAKER,2021-10-22,12:00:00,America/New_York,TIGHT,-60,10,"MES.v.0,MNQ.v.0,ES.v.0,NQ.v.0,ZN.v.0,ZB.v.0,RTY.v.0",50,Fed,https://www.federalreserve.gov/newsevents/speeches.htm,2018-01-01,FED_SPEAKER from release calendar
FED_SPEAKER_2021_11_08_TIGHT,FED_SPEAKER,2021-11-08,12:00:00,America/New_York,TIGHT,-60,10,"MES.v.0,MNQ.v.0,ES.v.0,NQ.v.0,ZN.v.0,ZB.v.0,RTY.v.0",50,Fed,https://www.federalreserve.gov/newsevents/speeches.htm,2018-01-01,FED_SPEAKER from release calendar
FED_SPEAKER_2021_11_09_TIGHT,FED_SPEAKER,2021-11-09,12:00:00,America/New_York,TIGHT,-60,10,"MES.v.0,MNQ.v.0,ES.v.0,NQ.v.0,ZN.v.0,ZB.v.0,RTY.v.0",50,Fed,https://www.federalreserve.gov/newsevents/speeches.htm,2018-01-01,FED_SPEAKER from release calendar
FED_SPEAKER_2021_11_17_TIGHT,FED_SPEAKER,2021-11-17,12:00:00,America/New_York,TIGHT,-60,10,"MES.v.0,MNQ.v.0,ES.v.0,NQ.v.0,ZN.v.0,ZB.v.0,RTY.v.0",50,Fed,https://www.federalreserve.gov/newsevents/speeches.htm,2018-01-01,FED_SPEAKER from release calendar
FED_SPEAKER_2021_11_19_TIGHT,FED_SPEAKER,2021-11-19,12:00:00,America/New_York,TIGHT,-60,10,"MES.v.0,MNQ.v.0,ES.v.0,NQ.v.0,ZN.v.0,ZB.v.0,RTY.v.0",50,Fed,https://www.federalreserve.gov/newsevents/speeches.htm,2018-01-01,FED_SPEAKER from release calendar
FED_SPEAKER_2021_11_29_TIGHT,FED_SPEAKER,2021-11-29,12:00:00,America/New_York,TIGHT,-60,10,"MES.v.0,MNQ.v.0,ES.v.0,NQ.v.0,ZN.v.0,ZB.v.0,RTY.v.0",50,Fed,https://www.federalreserve.gov/newsevents/speeches.htm,2018-01-01,FED_SPEAKER from release calendar
FED_SPEAKER_2021_11_30_TIGHT,FED_SPEAKER,2021-11-30,12:00:00,America/New_York,TIGHT,-60,10,"MES.v.0,MNQ.v.0,ES.v.0,NQ.v.0,ZN.v.0,ZB.v.0,RTY.v.0",50,Fed,https://www.federalreserve.gov/newsevents/speeches.htm,2018-01-01,FED_SPEAKER from release calendar
FED_SPEAKER_2021_12_02_TIGHT,FED_SPEAKER,2021-12-02,12:00:00,America/New_York,TIGHT,-60,10,"MES.v.0,MNQ.v.0,ES.v.0,NQ.v.0,ZN.v.0,ZB.v.0,RTY.v.0",50,Fed,https://www.federalreserve.gov/newsevents/speeches.htm,2018-01-01,FED_SPEAKER from release calendar
FED_SPEAKER_2021_12_17_TIGHT,FED_SPEAKER,2021-12-17,12:00:00,America/New_York,TIGHT,-60,10,"MES.v.0,MNQ.v.0,ES.v.0,NQ.v.0,ZN.v.0,ZB.v.0,RTY.v.0",50,Fed,https://www.federalreserve.gov/newsevents/speeches.htm,2018-01-01,FED_SPEAKER from release calendar
FED_SPEAKER_2022_02_18_TIGHT,FED_SPEAKER,2022-02-18,12:00:00,America/New_York,TIGHT,-60,10,"MES.v.0,MNQ.v.0,ES.v.0,NQ.v.0,ZN.v.0,ZB.v.0,RTY.v.0",50,Fed,https://www.federalreserve.gov/newsevents/speeches.htm,2018-01-01,FED_SPEAKER from release calendar
FED_SPEAKER_2022_02_21_TIGHT,FED_SPEAKER,2022-02-21,12:00:00,America/New_York,TIGHT,-60,10,"MES.v.0,MNQ.v.0,ES.v.0,NQ.v.0,ZN.v.0,ZB.v.0,RTY.v.0",50,Fed,https://www.federalreserve.gov/newsevents/speeches.htm,2018-01-01,FED_SPEAKER from release calendar
FED_SPEAKER_2022_02_24_TIGHT,FED_SPEAKER,2022-02-24,12:00:00,America/New_York,TIGHT,-60,10,"MES.v.0,MNQ.v.0,ES.v.0,NQ.v.0,ZN.v.0,ZB.v.0,RTY.v.0",50,Fed,https://www.federalreserve.gov/newsevents/speeches.htm,2018-01-01,FED_SPEAKER from release calendar
FED_SPEAKER_2022_03_18_TIGHT,FED_SPEAKER,2022-03-18,12:00:00,America/New_York,TIGHT,-60,10,"MES.v.0,MNQ.v.0,ES.v.0,NQ.v.0,ZN.v.0,ZB.v.0,RTY.v.0",50,Fed,https://www.federalreserve.gov/newsevents/speeches.htm,2018-01-01,FED_SPEAKER from release calendar
FED_SPEAKER_2022_03_21_TIGHT,FED_SPEAKER,2022-03-21,12:00:00,America/New_York,TIGHT,-60,10,"MES.v.0,MNQ.v.0,ES.v.0,NQ.v.0,ZN.v.0,ZB.v.0,RTY.v.0",50,Fed,https://www.federalreserve.gov/newsevents/speeches.htm,2018-01-01,FED_SPEAKER from release calendar
FED_SPEAKER_2022_03_24_TIGHT,FED_SPEAKER,2022-03-24,12:00:00,America/New_York,TIGHT,-60,10,"MES.v.0,MNQ.v.0,ES.v.0,NQ.v.0,ZN.v.0,ZB.v.0,RTY.v.0",50,Fed,https://www.federalreserve.gov/newsevents/speeches.htm,2018-01-01,FED_SPEAKER from release calendar
FED_SPEAKER_2022_04_05_TIGHT,FED_SPEAKER,2022-04-05,12:00:00,America/New_York,TIGHT,-60,10,"MES.v.0,MNQ.v.0,ES.v.0,NQ.v.0,ZN.v.0,ZB.v.0,RTY.v.0",50,Fed,https://www.federalreserve.gov/newsevents/speeches.htm,2018-01-01,FED_SPEAKER from release calendar
FED_SPEAKER_2022_05_06_TIGHT,FED_SPEAKER,2022-05-06,12:00:00,America/New_York,TIGHT,-60,10,"MES.v.0,MNQ.v.0,ES.v.0,NQ.v.0,ZN.v.0,ZB.v.0,RTY.v.0",50,Fed,https://www.federalreserve.gov/newsevents/speeches.htm,2018-01-01,FED_SPEAKER from release calendar
FED_SPEAKER_2022_05_24_TIGHT,FED_SPEAKER,2022-05-24,12:00:00,America/New_York,TIGHT,-60,10,"MES.v.0,MNQ.v.0,ES.v.0,NQ.v.0,ZN.v.0,ZB.v.0,RTY.v.0",50,Fed,https://www.federalreserve.gov/newsevents/speeches.htm,2018-01-01,FED_SPEAKER from release calendar
FED_SPEAKER_2022_05_25_TIGHT,FED_SPEAKER,2022-05-25,12:00:00,America/New_York,TIGHT,-60,10,"MES.v.0,MNQ.v.0,ES.v.0,NQ.v.0,ZN.v.0,ZB.v.0,RTY.v.0",50,Fed,https://www.federalreserve.gov/newsevents/speeches.htm,2018-01-01,FED_SPEAKER from release calendar
FED_SPEAKER_2022_05_30_TIGHT,FED_SPEAKER,2022-05-30,12:00:00,America/New_York,TIGHT,-60,10,"MES.v.0,MNQ.v.0,ES.v.0,NQ.v.0,ZN.v.0,ZB.v.0,RTY.v.0",50,Fed,https://www.federalreserve.gov/newsevents/speeches.htm,2018-01-01,FED_SPEAKER from release calendar
FED_SPEAKER_2022_06_03_TIGHT,FED_SPEAKER,2022-06-03,12:00:00,America/New_York,TIGHT,-60,10,"MES.v.0,MNQ.v.0,ES.v.0,NQ.v.0,ZN.v.0,ZB.v.0,RTY.v.0",50,Fed,https://www.federalreserve.gov/newsevents/speeches.htm,2018-01-01,FED_SPEAKER from release calendar
FED_SPEAKER_2022_06_17_TIGHT,FED_SPEAKER,2022-06-17,12:00:00,America/New_York,TIGHT,-60,10,"MES.v.0,MNQ.v.0,ES.v.0,NQ.v.0,ZN.v.0,ZB.v.0,RTY.v.0",50,Fed,https://www.federalreserve.gov/newsevents/speeches.htm,2018-01-01,FED_SPEAKER from release calendar
FED_SPEAKER_2022_06_18_TIGHT,FED_SPEAKER,2022-06-18,12:00:00,America/New_York,TIGHT,-60,10,"MES.v.0,MNQ.v.0,ES.v.0,NQ.v.0,ZN.v.0,ZB.v.0,RTY.v.0",50,Fed,https://www.federalreserve.gov/newsevents/speeches.htm,2018-01-01,FED_SPEAKER from release calendar
FED_SPEAKER_2022_06_23_TIGHT,FED_SPEAKER,2022-06-23,12:00:00,America/New_York,TIGHT,-60,10,"MES.v.0,MNQ.v.0,ES.v.0,NQ.v.0,ZN.v.0,ZB.v.0,RTY.v.0",50,Fed,https://www.federalreserve.gov/newsevents/speeches.htm,2018-01-01,FED_SPEAKER from release calendar
FED_SPEAKER_2022_07_08_TIGHT,FED_SPEAKER,2022-07-08,12:00:00,America/New_York,TIGHT,-60,10,"MES.v.0,MNQ.v.0,ES.v.0,NQ.v.0,ZN.v.0,ZB.v.0,RTY.v.0",50,Fed,https://www.federalreserve.gov/newsevents/speeches.htm,2018-01-01,FED_SPEAKER from release calendar
FED_SPEAKER_2022_07_14_TIGHT,FED_SPEAKER,2022-07-14,12:00:00,America/New_York,TIGHT,-60,10,"MES.v.0,MNQ.v.0,ES.v.0,NQ.v.0,ZN.v.0,ZB.v.0,RTY.v.0",50,Fed,https://www.federalreserve.gov/newsevents/speeches.htm,2018-01-01,FED_SPEAKER from release calendar
FED_SPEAKER_2022_07_19_TIGHT,FED_SPEAKER,2022-07-19,12:00:00,America/New_York,TIGHT,-60,10,"MES.v.0,MNQ.v.0,ES.v.0,NQ.v.0,ZN.v.0,ZB.v.0,RTY.v.0",50,Fed,https://www.federalreserve.gov/newsevents/speeches.htm,2018-01-01,FED_SPEAKER from release calendar
FED_SPEAKER_2022_08_06_TIGHT,FED_SPEAKER,2022-08-06,12:00:00,America/New_York,TIGHT,-60,10,"MES.v.0,MNQ.v.0,ES.v.0,NQ.v.0,ZN.v.0,ZB.v.0,RTY.v.0",50,Fed,https://www.federalreserve.gov/newsevents/speeches.htm,2018-01-01,FED_SPEAKER from release calendar
FED_SPEAKER_2022_08_17_TIGHT,FED_SPEAKER,2022-08-17,12:00:00,America/New_York,TIGHT,-60,10,"MES.v.0,MNQ.v.0,ES.v.0,NQ.v.0,ZN.v.0,ZB.v.0,RTY.v.0",50,Fed,https://www.federalreserve.gov/newsevents/speeches.htm,2018-01-01,FED_SPEAKER from release calendar
FED_SPEAKER_2022_08_26_TIGHT,FED_SPEAKER,2022-08-26,12:00:00,America/New_York,TIGHT,-60,10,"MES.v.0,MNQ.v.0,ES.v.0,NQ.v.0,ZN.v.0,ZB.v.0,RTY.v.0",50,Fed,https://www.federalreserve.gov/newsevents/speeches.htm,2018-01-01,FED_SPEAKER from release calendar
FED_SPEAKER_2022_08_29_TIGHT,FED_SPEAKER,2022-08-29,12:00:00,America/New_York,TIGHT,-60,10,"MES.v.0,MNQ.v.0,ES.v.0,NQ.v.0,ZN.v.0,ZB.v.0,RTY.v.0",50,Fed,https://www.federalreserve.gov/newsevents/speeches.htm,2018-01-01,FED_SPEAKER from release calendar
FED_SPEAKER_2022_09_07_TIGHT,FED_SPEAKER,2022-09-07,12:00:00,America/New_York,TIGHT,-60,10,"MES.v.0,MNQ.v.0,ES.v.0,NQ.v.0,ZN.v.0,ZB.v.0,RTY.v.0",50,Fed,https://www.federalreserve.gov/newsevents/speeches.htm,2018-01-01,FED_SPEAKER from release calendar
FED_SPEAKER_2022_09_09_TIGHT,FED_SPEAKER,2022-09-09,12:00:00,America/New_York,TIGHT,-60,10,"MES.v.0,MNQ.v.0,ES.v.0,NQ.v.0,ZN.v.0,ZB.v.0,RTY.v.0",50,Fed,https://www.federalreserve.gov/newsevents/speeches.htm,2018-01-01,FED_SPEAKER from release calendar
FED_SPEAKER_2022_09_28_TIGHT,FED_SPEAKER,2022-09-28,12:00:00,America/New_York,TIGHT,-60,10,"MES.v.0,MNQ.v.0,ES.v.0,NQ.v.0,ZN.v.0,ZB.v.0,RTY.v.0",50,Fed,https://www.federalreserve.gov/newsevents/speeches.htm,2018-01-01,FED_SPEAKER from release calendar
FED_SPEAKER_2022_09_30_TIGHT,FED_SPEAKER,2022-09-30,12:00:00,America/New_York,TIGHT,-60,10,"MES.v.0,MNQ.v.0,ES.v.0,NQ.v.0,ZN.v.0,ZB.v.0,RTY.v.0",50,Fed,https://www.federalreserve.gov/newsevents/speeches.htm,2018-01-01,FED_SPEAKER from release calendar
FED_SPEAKER_2022_10_04_TIGHT,FED_SPEAKER,2022-10-04,12:00:00,America/New_York,TIGHT,-60,10,"MES.v.0,MNQ.v.0,ES.v.0,NQ.v.0,ZN.v.0,ZB.v.0,RTY.v.0",50,Fed,https://www.federalreserve.gov/newsevents/speeches.htm,2018-01-01,FED_SPEAKER from release calendar
FED_SPEAKER_2022_10_06_TIGHT,FED_SPEAKER,2022-10-06,12:00:00,America/New_York,TIGHT,-60,10,"MES.v.0,MNQ.v.0,ES.v.0,NQ.v.0,ZN.v.0,ZB.v.0,RTY.v.0",50,Fed,https://www.federalreserve.gov/newsevents/speeches.htm,2018-01-01,FED_SPEAKER from release calendar
FED_SPEAKER_2022_10_10_TIGHT,FED_SPEAKER,2022-10-10,12:00:00,America/New_York,TIGHT,-60,10,"MES.v.0,MNQ.v.0,ES.v.0,NQ.v.0,ZN.v.0,ZB.v.0,RTY.v.0",50,Fed,https://www.federalreserve.gov/newsevents/speeches.htm,2018-01-01,FED_SPEAKER from release calendar
FED_SPEAKER_2022_10_12_TIGHT,FED_SPEAKER,2022-10-12,12:00:00,America/New_York,TIGHT,-60,10,"MES.v.0,MNQ.v.0,ES.v.0,NQ.v.0,ZN.v.0,ZB.v.0,RTY.v.0",50,Fed,https://www.federalreserve.gov/newsevents/speeches.htm,2018-01-01,FED_SPEAKER from release calendar
FED_SPEAKER_2022_10_14_TIGHT,FED_SPEAKER,2022-10-14,12:00:00,America/New_York,TIGHT,-60,10,"MES.v.0,MNQ.v.0,ES.v.0,NQ.v.0,ZN.v.0,ZB.v.0,RTY.v.0",50,Fed,https://www.federalreserve.gov/newsevents/speeches.htm,2018-01-01,FED_SPEAKER from release calendar
FED_SPEAKER_2022_10_20_TIGHT,FED_SPEAKER,2022-10-20,12:00:00,America/New_York,TIGHT,-60,10,"MES.v.0,MNQ.v.0,ES.v.0,NQ.v.0,ZN.v.0,ZB.v.0,RTY.v.0",50,Fed,https://www.federalreserve.gov/newsevents/speeches.htm,2018-01-01,FED_SPEAKER from release calendar
FED_SPEAKER_2022_11_16_TIGHT,FED_SPEAKER,2022-11-16,12:00:00,America/New_York,TIGHT,-60,10,"MES.v.0,MNQ.v.0,ES.v.0,NQ.v.0,ZN.v.0,ZB.v.0,RTY.v.0",50,Fed,https://www.federalreserve.gov/newsevents/speeches.htm,2018-01-01,FED_SPEAKER from release calendar
FED_SPEAKER_2022_11_17_TIGHT,FED_SPEAKER,2022-11-17,12:00:00,America/New_York,TIGHT,-60,10,"MES.v.0,MNQ.v.0,ES.v.0,NQ.v.0,ZN.v.0,ZB.v.0,RTY.v.0",50,Fed,https://www.federalreserve.gov/newsevents/speeches.htm,2018-01-01,FED_SPEAKER from release calendar
FED_SPEAKER_2022_11_28_TIGHT,FED_SPEAKER,2022-11-28,12:00:00,America/New_York,TIGHT,-60,10,"MES.v.0,MNQ.v.0,ES.v.0,NQ.v.0,ZN.v.0,ZB.v.0,RTY.v.0",50,Fed,https://www.federalreserve.gov/newsevents/speeches.htm,2018-01-01,FED_SPEAKER from release calendar
FED_SPEAKER_2022_11_30_TIGHT,FED_SPEAKER,2022-11-30,12:00:00,America/New_York,TIGHT,-60,10,"MES.v.0,MNQ.v.0,ES.v.0,NQ.v.0,ZN.v.0,ZB.v.0,RTY.v.0",50,Fed,https://www.federalreserve.gov/newsevents/speeches.htm,2018-01-01,FED_SPEAKER from release calendar
FED_SPEAKER_2022_12_01_TIGHT,FED_SPEAKER,2022-12-01,12:00:00,America/New_York,TIGHT,-60,10,"MES.v.0,MNQ.v.0,ES.v.0,NQ.v.0,ZN.v.0,ZB.v.0,RTY.v.0",50,Fed,https://www.federalreserve.gov/newsevents/speeches.htm,2018-01-01,FED_SPEAKER from release calendar
FED_SPEAKER_2023_01_06_TIGHT,FED_SPEAKER,2023-01-06,12:00:00,America/New_York,TIGHT,-60,10,"MES.v.0,MNQ.v.0,ES.v.0,NQ.v.0,ZN.v.0,ZB.v.0,RTY.v.0",50,Fed,https://www.federalreserve.gov/newsevents/speeches.htm,2018-01-01,FED_SPEAKER from release calendar
FED_SPEAKER_2023_01_10_TIGHT,FED_SPEAKER,2023-01-10,12:00:00,America/New_York,TIGHT,-60,10,"MES.v.0,MNQ.v.0,ES.v.0,NQ.v.0,ZN.v.0,ZB.v.0,RTY.v.0",50,Fed,https://www.federalreserve.gov/newsevents/speeches.htm,2018-01-01,FED_SPEAKER from release calendar
FED_SPEAKER_2023_01_19_TIGHT,FED_SPEAKER,2023-01-19,12:00:00,America/New_York,TIGHT,-60,10,"MES.v.0,MNQ.v.0,ES.v.0,NQ.v.0,ZN.v.0,ZB.v.0,RTY.v.0",50,Fed,https://www.federalreserve.gov/newsevents/speeches.htm,2018-01-01,FED_SPEAKER from release calendar
FED_SPEAKER_2023_01_20_TIGHT,FED_SPEAKER,2023-01-20,12:00:00,America/New_York,TIGHT,-60,10,"MES.v.0,MNQ.v.0,ES.v.0,NQ.v.0,ZN.v.0,ZB.v.0,RTY.v.0",50,Fed,https://www.federalreserve.gov/newsevents/speeches.htm,2018-01-01,FED_SPEAKER from release calendar
FED_SPEAKER_2023_01_21_TIGHT,FED_SPEAKER,2023-01-21,12:00:00,America/New_York,TIGHT,-60,10,"MES.v.0,MNQ.v.0,ES.v.0,NQ.v.0,ZN.v.0,ZB.v.0,RTY.v.0",50,Fed,https://www.federalreserve.gov/newsevents/speeches.htm,2018-01-01,FED_SPEAKER from release calendar
FED_SPEAKER_2023_02_07_TIGHT,FED_SPEAKER,2023-02-07,12:00:00,America/New_York,TIGHT,-60,10,"MES.v.0,MNQ.v.0,ES.v.0,NQ.v.0,ZN.v.0,ZB.v.0,RTY.v.0",50,Fed,https://www.federalreserve.gov/newsevents/speeches.htm,2018-01-01,FED_SPEAKER from release calendar
FED_SPEAKER_2023_02_08_TIGHT,FED_SPEAKER,2023-02-08,12:00:00,America/New_York,TIGHT,-60,10,"MES.v.0,MNQ.v.0,ES.v.0,NQ.v.0,ZN.v.0,ZB.v.0,RTY.v.0",50,Fed,https://www.federalreserve.gov/newsevents/speeches.htm,2018-01-01,FED_SPEAKER from release calendar
FED_SPEAKER_2023_02_10_TIGHT,FED_SPEAKER,2023-02-10,12:00:00,America/New_York,TIGHT,-60,10,"MES.v.0,MNQ.v.0,ES.v.0,NQ.v.0,ZN.v.0,ZB.v.0,RTY.v.0",50,Fed,https://www.federalreserve.gov/newsevents/speeches.htm,2018-01-01,FED_SPEAKER from release calendar
FED_SPEAKER_2023_02_13_TIGHT,FED_SPEAKER,2023-02-13,12:00:00,America/New_York,TIGHT,-60,10,"MES.v.0,MNQ.v.0,ES.v.0,NQ.v.0,ZN.v.0,ZB.v.0,RTY.v.0",50,Fed,https://www.federalreserve.gov/newsevents/speeches.htm,2018-01-01,FED_SPEAKER from release calendar
FED_SPEAKER_2023_02_15_TIGHT,FED_SPEAKER,2023-02-15,12:00:00,America/New_York,TIGHT,-60,10,"MES.v.0,MNQ.v.0,ES.v.0,NQ.v.0,ZN.v.0,ZB.v.0,RTY.v.0",50,Fed,https://www.federalreserve.gov/newsevents/speeches.htm,2018-01-01,FED_SPEAKER from release calendar
FED_SPEAKER_2023_02_16_TIGHT,FED_SPEAKER,2023-02-16,12:00:00,America/New_York,TIGHT,-60,10,"MES.v.0,MNQ.v.0,ES.v.0,NQ.v.0,ZN.v.0,ZB.v.0,RTY.v.0",50,Fed,https://www.federalreserve.gov/newsevents/speeches.htm,2018-01-01,FED_SPEAKER from release calendar
FED_SPEAKER_2023_02_24_TIGHT,FED_SPEAKER,2023-02-24,12:00:00,America/New_York,TIGHT,-60,10,"MES.v.0,MNQ.v.0,ES.v.0,NQ.v.0,ZN.v.0,ZB.v.0,RTY.v.0",50,Fed,https://www.federalreserve.gov/newsevents/speeches.htm,2018-01-01,FED_SPEAKER from release calendar
FED_SPEAKER_2023_02_27_TIGHT,FED_SPEAKER,2023-02-27,12:00:00,America/New_York,TIGHT,-60,10,"MES.v.0,MNQ.v.0,ES.v.0,NQ.v.0,ZN.v.0,ZB.v.0,RTY.v.0",50,Fed,https://www.federalreserve.gov/newsevents/speeches.htm,2018-01-01,FED_SPEAKER from release calendar
FED_SPEAKER_2023_03_02_TIGHT,FED_SPEAKER,2023-03-02,12:00:00,America/New_York,TIGHT,-60,10,"MES.v.0,MNQ.v.0,ES.v.0,NQ.v.0,ZN.v.0,ZB.v.0,RTY.v.0",50,Fed,https://www.federalreserve.gov/newsevents/speeches.htm,2018-01-01,FED_SPEAKER from release calendar
FED_SPEAKER_2023_03_03_TIGHT,FED_SPEAKER,2023-03-03,12:00:00,America/New_York,TIGHT,-60,10,"MES.v.0,MNQ.v.0,ES.v.0,NQ.v.0,ZN.v.0,ZB.v.0,RTY.v.0",50,Fed,https://www.federalreserve.gov/newsevents/speeches.htm,2018-01-01,FED_SPEAKER from release calendar
FED_SPEAKER_2023_03_09_TIGHT,FED_SPEAKER,2023-03-09,12:00:00,America/New_York,TIGHT,-60,10,"MES.v.0,MNQ.v.0,ES.v.0,NQ.v.0,ZN.v.0,ZB.v.0,RTY.v.0",50,Fed,https://www.federalreserve.gov/newsevents/speeches.htm,2018-01-01,FED_SPEAKER from release calendar
FED_SPEAKER_2023_03_14_TIGHT,FED_SPEAKER,2023-03-14,12:00:00,America/New_York,TIGHT,-60,10,"MES.v.0,MNQ.v.0,ES.v.0,NQ.v.0,ZN.v.0,ZB.v.0,RTY.v.0",50,Fed,https://www.federalreserve.gov/newsevents/speeches.htm,2018-01-01,FED_SPEAKER from release calendar
FED_SPEAKER_2023_03_27_TIGHT,FED_SPEAKER,2023-03-27,12:00:00,America/New_York,TIGHT,-60,10,"MES.v.0,MNQ.v.0,ES.v.0,NQ.v.0,ZN.v.0,ZB.v.0,RTY.v.0",50,Fed,https://www.federalreserve.gov/newsevents/speeches.htm,2018-01-01,FED_SPEAKER from release calendar
FED_SPEAKER_2023_03_29_TIGHT,FED_SPEAKER,2023-03-29,12:00:00,America/New_York,TIGHT,-60,10,"MES.v.0,MNQ.v.0,ES.v.0,NQ.v.0,ZN.v.0,ZB.v.0,RTY.v.0",50,Fed,https://www.federalreserve.gov/newsevents/speeches.htm,2018-01-01,FED_SPEAKER from release calendar
FED_SPEAKER_2023_03_31_TIGHT,FED_SPEAKER,2023-03-31,12:00:00,America/New_York,TIGHT,-60,10,"MES.v.0,MNQ.v.0,ES.v.0,NQ.v.0,ZN.v.0,ZB.v.0,RTY.v.0",50,Fed,https://www.federalreserve.gov/newsevents/speeches.htm,2018-01-01,FED_SPEAKER from release calendar
FED_SPEAKER_2023_04_04_TIGHT,FED_SPEAKER,2023-04-04,12:00:00,America/New_York,TIGHT,-60,10,"MES.v.0,MNQ.v.0,ES.v.0,NQ.v.0,ZN.v.0,ZB.v.0,RTY.v.0",50,Fed,https://www.federalreserve.gov/newsevents/speeches.htm,2018-01-01,FED_SPEAKER from release calendar
FED_SPEAKER_2023_04_14_TIGHT,FED_SPEAKER,2023-04-14,12:00:00,America/New_York,TIGHT,-60,10,"MES.v.0,MNQ.v.0,ES.v.0,NQ.v.0,ZN.v.0,ZB.v.0,RTY.v.0",50,Fed,https://www.federalreserve.gov/newsevents/speeches.htm,2018-01-01,FED_SPEAKER from release calendar
FED_SPEAKER_2023_04_18_TIGHT,FED_SPEAKER,2023-04-18,12:00:00,America/New_York,TIGHT,-60,10,"MES.v.0,MNQ.v.0,ES.v.0,NQ.v.0,ZN.v.0,ZB.v.0,RTY.v.0",50,Fed,https://www.federalreserve.gov/newsevents/speeches.htm,2018-01-01,FED_SPEAKER from release calendar
FED_SPEAKER_2023_04_20_TIGHT,FED_SPEAKER,2023-04-20,12:00:00,America/New_York,TIGHT,-60,10,"MES.v.0,MNQ.v.0,ES.v.0,NQ.v.0,ZN.v.0,ZB.v.0,RTY.v.0",50,Fed,https://www.federalreserve.gov/newsevents/speeches.htm,2018-01-01,FED_SPEAKER from release calendar
FED_SPEAKER_2023_04_21_TIGHT,FED_SPEAKER,2023-04-21,12:00:00,America/New_York,TIGHT,-60,10,"MES.v.0,MNQ.v.0,ES.v.0,NQ.v.0,ZN.v.0,ZB.v.0,RTY.v.0",50,Fed,https://www.federalreserve.gov/newsevents/speeches.htm,2018-01-01,FED_SPEAKER from release calendar
FED_SPEAKER_2023_05_05_TIGHT,FED_SPEAKER,2023-05-05,12:00:00,America/New_York,TIGHT,-60,10,"MES.v.0,MNQ.v.0,ES.v.0,NQ.v.0,ZN.v.0,ZB.v.0,RTY.v.0",50,Fed,https://www.federalreserve.gov/newsevents/speeches.htm,2018-01-01,FED_SPEAKER from release calendar
FED_SPEAKER_2023_05_11_TIGHT,FED_SPEAKER,2023-05-11,12:00:00,America/New_York,TIGHT,-60,10,"MES.v.0,MNQ.v.0,ES.v.0,NQ.v.0,ZN.v.0,ZB.v.0,RTY.v.0",50,Fed,https://www.federalreserve.gov/newsevents/speeches.htm,2018-01-01,FED_SPEAKER from release calendar
FED_SPEAKER_2023_05_12_TIGHT,FED_SPEAKER,2023-05-12,12:00:00,America/New_York,TIGHT,-60,10,"MES.v.0,MNQ.v.0,ES.v.0,NQ.v.0,ZN.v.0,ZB.v.0,RTY.v.0",50,Fed,https://www.federalreserve.gov/newsevents/speeches.htm,2018-01-01,FED_SPEAKER from release calendar
FED_SPEAKER_2023_05_13_TIGHT,FED_SPEAKER,2023-05-13,12:00:00,America/New_York,TIGHT,-60,10,"MES.v.0,MNQ.v.0,ES.v.0,NQ.v.0,ZN.v.0,ZB.v.0,RTY.v.0",50,Fed,https://www.federalreserve.gov/newsevents/speeches.htm,2018-01-01,FED_SPEAKER from release calendar
FED_SPEAKER_2023_05_15_TIGHT,FED_SPEAKER,2023-05-15,12:00:00,America/New_York,TIGHT,-60,10,"MES.v.0,MNQ.v.0,ES.v.0,NQ.v.0,ZN.v.0,ZB.v.0,RTY.v.0",50,Fed,https://www.federalreserve.gov/newsevents/speeches.htm,2018-01-01,FED_SPEAKER from release calendar
FED_SPEAKER_2023_05_18_TIGHT,FED_SPEAKER,2023-05-18,12:00:00,America/New_York,TIGHT,-60,10,"MES.v.0,MNQ.v.0,ES.v.0,NQ.v.0,ZN.v.0,ZB.v.0,RTY.v.0",50,Fed,https://www.federalreserve.gov/newsevents/speeches.htm,2018-01-01,FED_SPEAKER from release calendar
FED_SPEAKER_2023_05_19_TIGHT,FED_SPEAKER,2023-05-19,12:00:00,America/New_York,TIGHT,-60,10,"MES.v.0,MNQ.v.0,ES.v.0,NQ.v.0,ZN.v.0,ZB.v.0,RTY.v.0",50,Fed,https://www.federalreserve.gov/newsevents/speeches.htm,2018-01-01,FED_SPEAKER from release calendar
FED_SPEAKER_2023_05_24_TIGHT,FED_SPEAKER,2023-05-24,12:00:00,America/New_York,TIGHT,-60,10,"MES.v.0,MNQ.v.0,ES.v.0,NQ.v.0,ZN.v.0,ZB.v.0,RTY.v.0",50,Fed,https://www.federalreserve.gov/newsevents/speeches.htm,2018-01-01,FED_SPEAKER from release calendar
FED_SPEAKER_2023_05_31_TIGHT,FED_SPEAKER,2023-05-31,12:00:00,America/New_York,TIGHT,-60,10,"MES.v.0,MNQ.v.0,ES.v.0,NQ.v.0,ZN.v.0,ZB.v.0,RTY.v.0",50,Fed,https://www.federalreserve.gov/newsevents/speeches.htm,2018-01-01,FED_SPEAKER from release calendar
FED_SPEAKER_2023_06_16_TIGHT,FED_SPEAKER,2023-06-16,12:00:00,America/New_York,TIGHT,-60,10,"MES.v.0,MNQ.v.0,ES.v.0,NQ.v.0,ZN.v.0,ZB.v.0,RTY.v.0",50,Fed,https://www.federalreserve.gov/newsevents/speeches.htm,2018-01-01,FED_SPEAKER from release calendar
FED_SPEAKER_2023_06_22_TIGHT,FED_SPEAKER,2023-06-22,12:00:00,America/New_York,TIGHT,-60,10,"MES.v.0,MNQ.v.0,ES.v.0,NQ.v.0,ZN.v.0,ZB.v.0,RTY.v.0",50,Fed,https://www.federalreserve.gov/newsevents/speeches.htm,2018-01-01,FED_SPEAKER from release calendar
FED_SPEAKER_2023_06_25_TIGHT,FED_SPEAKER,2023-06-25,12:00:00,America/New_York,TIGHT,-60,10,"MES.v.0,MNQ.v.0,ES.v.0,NQ.v.0,ZN.v.0,ZB.v.0,RTY.v.0",50,Fed,https://www.federalreserve.gov/newsevents/speeches.htm,2018-01-01,FED_SPEAKER from release calendar
FED_SPEAKER_2023_06_29_TIGHT,FED_SPEAKER,2023-06-29,12:00:00,America/New_York,TIGHT,-60,10,"MES.v.0,MNQ.v.0,ES.v.0,NQ.v.0,ZN.v.0,ZB.v.0,RTY.v.0",50,Fed,https://www.federalreserve.gov/newsevents/speeches.htm,2018-01-01,FED_SPEAKER from release calendar
FED_SPEAKER_2023_07_10_TIGHT,FED_SPEAKER,2023-07-10,12:00:00,America/New_York,TIGHT,-60,10,"MES.v.0,MNQ.v.0,ES.v.0,NQ.v.0,ZN.v.0,ZB.v.0,RTY.v.0",50,Fed,https://www.federalreserve.gov/newsevents/speeches.htm,2018-01-01,FED_SPEAKER from release calendar
FED_SPEAKER_2023_07_13_TIGHT,FED_SPEAKER,2023-07-13,12:00:00,America/New_York,TIGHT,-60,10,"MES.v.0,MNQ.v.0,ES.v.0,NQ.v.0,ZN.v.0,ZB.v.0,RTY.v.0",50,Fed,https://www.federalreserve.gov/newsevents/speeches.htm,2018-01-01,FED_SPEAKER from release calendar
FED_SPEAKER_2023_07_18_TIGHT,FED_SPEAKER,2023-07-18,12:00:00,America/New_York,TIGHT,-60,10,"MES.v.0,MNQ.v.0,ES.v.0,NQ.v.0,ZN.v.0,ZB.v.0,RTY.v.0",50,Fed,https://www.federalreserve.gov/newsevents/speeches.htm,2018-01-01,FED_SPEAKER from release calendar
FED_SPEAKER_2023_08_05_TIGHT,FED_SPEAKER,2023-08-05,12:00:00,America/New_York,TIGHT,-60,10,"MES.v.0,MNQ.v.0,ES.v.0,NQ.v.0,ZN.v.0,ZB.v.0,RTY.v.0",50,Fed,https://www.federalreserve.gov/newsevents/speeches.htm,2018-01-01,FED_SPEAKER from release calendar
FED_SPEAKER_2023_08_07_TIGHT,FED_SPEAKER,2023-08-07,12:00:00,America/New_York,TIGHT,-60,10,"MES.v.0,MNQ.v.0,ES.v.0,NQ.v.0,ZN.v.0,ZB.v.0,RTY.v.0",50,Fed,https://www.federalreserve.gov/newsevents/speeches.htm,2018-01-01,FED_SPEAKER from release calendar
FED_SPEAKER_2023_08_22_TIGHT,FED_SPEAKER,2023-08-22,12:00:00,America/New_York,TIGHT,-60,10,"MES.v.0,MNQ.v.0,ES.v.0,NQ.v.0,ZN.v.0,ZB.v.0,RTY.v.0",50,Fed,https://www.federalreserve.gov/newsevents/speeches.htm,2018-01-01,FED_SPEAKER from release calendar
FED_SPEAKER_2023_08_25_TIGHT,FED_SPEAKER,2023-08-25,12:00:00,America/New_York,TIGHT,-60,10,"MES.v.0,MNQ.v.0,ES.v.0,NQ.v.0,ZN.v.0,ZB.v.0,RTY.v.0",50,Fed,https://www.federalreserve.gov/newsevents/speeches.htm,2018-01-01,FED_SPEAKER from release calendar
FED_SPEAKER_2023_09_08_TIGHT,FED_SPEAKER,2023-09-08,12:00:00,America/New_York,TIGHT,-60,10,"MES.v.0,MNQ.v.0,ES.v.0,NQ.v.0,ZN.v.0,ZB.v.0,RTY.v.0",50,Fed,https://www.federalreserve.gov/newsevents/speeches.htm,2018-01-01,FED_SPEAKER from release calendar
FED_SPEAKER_2023_09_22_TIGHT,FED_SPEAKER,2023-09-22,12:00:00,America/New_York,TIGHT,-60,10,"MES.v.0,MNQ.v.0,ES.v.0,NQ.v.0,ZN.v.0,ZB.v.0,RTY.v.0",50,Fed,https://www.federalreserve.gov/newsevents/speeches.htm,2018-01-01,FED_SPEAKER from release calendar
FED_SPEAKER_2023_09_26_TIGHT,FED_SPEAKER,2023-09-26,12:00:00,America/New_York,TIGHT,-60,10,"MES.v.0,MNQ.v.0,ES.v.0,NQ.v.0,ZN.v.0,ZB.v.0,RTY.v.0",50,Fed,https://www.federalreserve.gov/newsevents/speeches.htm,2018-01-01,FED_SPEAKER from release calendar
FED_SPEAKER_2023_09_27_TIGHT,FED_SPEAKER,2023-09-27,12:00:00,America/New_York,TIGHT,-60,10,"MES.v.0,MNQ.v.0,ES.v.0,NQ.v.0,ZN.v.0,ZB.v.0,RTY.v.0",50,Fed,https://www.federalreserve.gov/newsevents/speeches.htm,2018-01-01,FED_SPEAKER from release calendar
FED_SPEAKER_2023_09_28_TIGHT,FED_SPEAKER,2023-09-28,12:00:00,America/New_York,TIGHT,-60,10,"MES.v.0,MNQ.v.0,ES.v.0,NQ.v.0,ZN.v.0,ZB.v.0,RTY.v.0",50,Fed,https://www.federalreserve.gov/newsevents/speeches.htm,2018-01-01,FED_SPEAKER from release calendar
FED_SPEAKER_2023_10_02_TIGHT,FED_SPEAKER,2023-10-02,12:00:00,America/New_York,TIGHT,-60,10,"MES.v.0,MNQ.v.0,ES.v.0,NQ.v.0,ZN.v.0,ZB.v.0,RTY.v.0",50,Fed,https://www.federalreserve.gov/newsevents/speeches.htm,2018-01-01,FED_SPEAKER from release calendar
FED_SPEAKER_2023_10_04_TIGHT,FED_SPEAKER,2023-10-04,12:00:00,America/New_York,TIGHT,-60,10,"MES.v.0,MNQ.v.0,ES.v.0,NQ.v.0,ZN.v.0,ZB.v.0,RTY.v.0",50,Fed,https://www.federalreserve.gov/newsevents/speeches.htm,2018-01-01,FED_SPEAKER from release calendar
FED_SPEAKER_2023_10_07_TIGHT,FED_SPEAKER,2023-10-07,12:00:00,America/New_York,TIGHT,-60,10,"MES.v.0,MNQ.v.0,ES.v.0,NQ.v.0,ZN.v.0,ZB.v.0,RTY.v.0",50,Fed,https://www.federalreserve.gov/newsevents/speeches.htm,2018-01-01,FED_SPEAKER from release calendar
FED_SPEAKER_2023_10_09_TIGHT,FED_SPEAKER,2023-10-09,12:00:00,America/New_York,TIGHT,-60,10,"MES.v.0,MNQ.v.0,ES.v.0,NQ.v.0,ZN.v.0,ZB.v.0,RTY.v.0",50,Fed,https://www.federalreserve.gov/newsevents/speeches.htm,2018-01-01,FED_SPEAKER from release calendar
FED_SPEAKER_2023_10_10_TIGHT,FED_SPEAKER,2023-10-10,12:00:00,America/New_York,TIGHT,-60,10,"MES.v.0,MNQ.v.0,ES.v.0,NQ.v.0,ZN.v.0,ZB.v.0,RTY.v.0",50,Fed,https://www.federalreserve.gov/newsevents/speeches.htm,2018-01-01,FED_SPEAKER from release calendar
FED_SPEAKER_2023_10_11_TIGHT,FED_SPEAKER,2023-10-11,12:00:00,America/New_York,TIGHT,-60,10,"MES.v.0,MNQ.v.0,ES.v.0,NQ.v.0,ZN.v.0,ZB.v.0,RTY.v.0",50,Fed,https://www.federalreserve.gov/newsevents/speeches.htm,2018-01-01,FED_SPEAKER from release calendar
FED_SPEAKER_2023_10_17_TIGHT,FED_SPEAKER,2023-10-17,12:00:00,America/New_York,TIGHT,-60,10,"MES.v.0,MNQ.v.0,ES.v.0,NQ.v.0,ZN.v.0,ZB.v.0,RTY.v.0",50,Fed,https://www.federalreserve.gov/newsevents/speeches.htm,2018-01-01,FED_SPEAKER from release calendar
FED_SPEAKER_2023_10_18_TIGHT,FED_SPEAKER,2023-10-18,12:00:00,America/New_York,TIGHT,-60,10,"MES.v.0,MNQ.v.0,ES.v.0,NQ.v.0,ZN.v.0,ZB.v.0,RTY.v.0",50,Fed,https://www.federalreserve.gov/newsevents/speeches.htm,2018-01-01,FED_SPEAKER from release calendar
FED_SPEAKER_2023_10_19_TIGHT,FED_SPEAKER,2023-10-19,12:00:00,America/New_York,TIGHT,-60,10,"MES.v.0,MNQ.v.0,ES.v.0,NQ.v.0,ZN.v.0,ZB.v.0,RTY.v.0",50,Fed,https://www.federalreserve.gov/newsevents/speeches.htm,2018-01-01,FED_SPEAKER from release calendar
FED_SPEAKER_2023_10_25_TIGHT,FED_SPEAKER,2023-10-25,12:00:00,America/New_York,TIGHT,-60,10,"MES.v.0,MNQ.v.0,ES.v.0,NQ.v.0,ZN.v.0,ZB.v.0,RTY.v.0",50,Fed,https://www.federalreserve.gov/newsevents/speeches.htm,2018-01-01,FED_SPEAKER from release calendar
FED_SPEAKER_2023_10_26_TIGHT,FED_SPEAKER,2023-10-26,12:00:00,America/New_York,TIGHT,-60,10,"MES.v.0,MNQ.v.0,ES.v.0,NQ.v.0,ZN.v.0,ZB.v.0,RTY.v.0",50,Fed,https://www.federalreserve.gov/newsevents/speeches.htm,2018-01-01,FED_SPEAKER from release calendar
FED_SPEAKER_2023_10_27_TIGHT,FED_SPEAKER,2023-10-27,12:00:00,America/New_York,TIGHT,-60,10,"MES.v.0,MNQ.v.0,ES.v.0,NQ.v.0,ZN.v.0,ZB.v.0,RTY.v.0",50,Fed,https://www.federalreserve.gov/newsevents/speeches.htm,2018-01-01,FED_SPEAKER from release calendar
FED_SPEAKER_2023_11_06_TIGHT,FED_SPEAKER,2023-11-06,12:00:00,America/New_York,TIGHT,-60,10,"MES.v.0,MNQ.v.0,ES.v.0,NQ.v.0,ZN.v.0,ZB.v.0,RTY.v.0",50,Fed,https://www.federalreserve.gov/newsevents/speeches.htm,2018-01-01,FED_SPEAKER from release calendar
FED_SPEAKER_2023_11_07_TIGHT,FED_SPEAKER,2023-11-07,12:00:00,America/New_York,TIGHT,-60,10,"MES.v.0,MNQ.v.0,ES.v.0,NQ.v.0,ZN.v.0,ZB.v.0,RTY.v.0",50,Fed,https://www.federalreserve.gov/newsevents/speeches.htm,2018-01-01,FED_SPEAKER from release calendar
FED_SPEAKER_2023_11_08_TIGHT,FED_SPEAKER,2023-11-08,12:00:00,America/New_York,TIGHT,-60,10,"MES.v.0,MNQ.v.0,ES.v.0,NQ.v.0,ZN.v.0,ZB.v.0,RTY.v.0",50,Fed,https://www.federalreserve.gov/newsevents/speeches.htm,2018-01-01,FED_SPEAKER from release calendar
FED_SPEAKER_2023_11_09_TIGHT,FED_SPEAKER,2023-11-09,12:00:00,America/New_York,TIGHT,-60,10,"MES.v.0,MNQ.v.0,ES.v.0,NQ.v.0,ZN.v.0,ZB.v.0,RTY.v.0",50,Fed,https://www.federalreserve.gov/newsevents/speeches.htm,2018-01-01,FED_SPEAKER from release calendar
FED_SPEAKER_2023_11_13_TIGHT,FED_SPEAKER,2023-11-13,12:00:00,America/New_York,TIGHT,-60,10,"MES.v.0,MNQ.v.0,ES.v.0,NQ.v.0,ZN.v.0,ZB.v.0,RTY.v.0",50,Fed,https://www.federalreserve.gov/newsevents/speeches.htm,2018-01-01,FED_SPEAKER from release calendar
FED_SPEAKER_2023_11_14_TIGHT,FED_SPEAKER,2023-11-14,12:00:00,America/New_York,TIGHT,-60,10,"MES.v.0,MNQ.v.0,ES.v.0,NQ.v.0,ZN.v.0,ZB.v.0,RTY.v.0",50,Fed,https://www.federalreserve.gov/newsevents/speeches.htm,2018-01-01,FED_SPEAKER from release calendar
FED_SPEAKER_2023_11_16_TIGHT,FED_SPEAKER,2023-11-16,12:00:00,America/New_York,TIGHT,-60,10,"MES.v.0,MNQ.v.0,ES.v.0,NQ.v.0,ZN.v.0,ZB.v.0,RTY.v.0",50,Fed,https://www.federalreserve.gov/newsevents/speeches.htm,2018-01-01,FED_SPEAKER from release calendar
FED_SPEAKER_2023_11_28_TIGHT,FED_SPEAKER,2023-11-28,12:00:00,America/New_York,TIGHT,-60,10,"MES.v.0,MNQ.v.0,ES.v.0,NQ.v.0,ZN.v.0,ZB.v.0,RTY.v.0",50,Fed,https://www.federalreserve.gov/newsevents/speeches.htm,2018-01-01,FED_SPEAKER from release calendar
FED_SPEAKER_2023_12_01_TIGHT,FED_SPEAKER,2023-12-01,12:00:00,America/New_York,TIGHT,-60,10,"MES.v.0,MNQ.v.0,ES.v.0,NQ.v.0,ZN.v.0,ZB.v.0,RTY.v.0",50,Fed,https://www.federalreserve.gov/newsevents/speeches.htm,2018-01-01,FED_SPEAKER from release calendar
FED_SPEAKER_2023_12_05_TIGHT,FED_SPEAKER,2023-12-05,12:00:00,America/New_York,TIGHT,-60,10,"MES.v.0,MNQ.v.0,ES.v.0,NQ.v.0,ZN.v.0,ZB.v.0,RTY.v.0",50,Fed,https://www.federalreserve.gov/newsevents/speeches.htm,2018-01-01,FED_SPEAKER from release calendar
FED_SPEAKER_2024_01_08_TIGHT,FED_SPEAKER,2024-01-08,12:00:00,America/New_York,TIGHT,-60,10,"MES.v.0,MNQ.v.0,ES.v.0,NQ.v.0,ZN.v.0,ZB.v.0,RTY.v.0",50,Fed,https://www.federalreserve.gov/newsevents/speeches.htm,2018-01-01,FED_SPEAKER from release calendar
FED_SPEAKER_2024_01_16_TIGHT,FED_SPEAKER,2024-01-16,12:00:00,America/New_York,TIGHT,-60,10,"MES.v.0,MNQ.v.0,ES.v.0,NQ.v.0,ZN.v.0,ZB.v.0,RTY.v.0",50,Fed,https://www.federalreserve.gov/newsevents/speeches.htm,2018-01-01,FED_SPEAKER from release calendar
FED_SPEAKER_2024_01_17_TIGHT,FED_SPEAKER,2024-01-17,12:00:00,America/New_York,TIGHT,-60,10,"MES.v.0,MNQ.v.0,ES.v.0,NQ.v.0,ZN.v.0,ZB.v.0,RTY.v.0",50,Fed,https://www.federalreserve.gov/newsevents/speeches.htm,2018-01-01,FED_SPEAKER from release calendar
FED_SPEAKER_2024_02_02_TIGHT,FED_SPEAKER,2024-02-02,12:00:00,America/New_York,TIGHT,-60,10,"MES.v.0,MNQ.v.0,ES.v.0,NQ.v.0,ZN.v.0,ZB.v.0,RTY.v.0",50,Fed,https://www.federalreserve.gov/newsevents/speeches.htm,2018-01-01,FED_SPEAKER from release calendar
FED_SPEAKER_2024_02_07_TIGHT,FED_SPEAKER,2024-02-07,12:00:00,America/New_York,TIGHT,-60,10,"MES.v.0,MNQ.v.0,ES.v.0,NQ.v.0,ZN.v.0,ZB.v.0,RTY.v.0",50,Fed,https://www.federalreserve.gov/newsevents/speeches.htm,2018-01-01,FED_SPEAKER from release calendar
FED_SPEAKER_2024_02_12_TIGHT,FED_SPEAKER,2024-02-12,12:00:00,America/New_York,TIGHT,-60,10,"MES.v.0,MNQ.v.0,ES.v.0,NQ.v.0,ZN.v.0,ZB.v.0,RTY.v.0",50,Fed,https://www.federalreserve.gov/newsevents/speeches.htm,2018-01-01,FED_SPEAKER from release calendar
FED_SPEAKER_2024_02_14_TIGHT,FED_SPEAKER,2024-02-14,12:00:00,America/New_York,TIGHT,-60,10,"MES.v.0,MNQ.v.0,ES.v.0,NQ.v.0,ZN.v.0,ZB.v.0,RTY.v.0",50,Fed,https://www.federalreserve.gov/newsevents/speeches.htm,2018-01-01,FED_SPEAKER from release calendar
FED_SPEAKER_2024_02_15_TIGHT,FED_SPEAKER,2024-02-15,12:00:00,America/New_York,TIGHT,-60,10,"MES.v.0,MNQ.v.0,ES.v.0,NQ.v.0,ZN.v.0,ZB.v.0,RTY.v.0",50,Fed,https://www.federalreserve.gov/newsevents/speeches.htm,2018-01-01,FED_SPEAKER from release calendar
FED_SPEAKER_2024_02_16_TIGHT,FED_SPEAKER,2024-02-16,12:00:00,America/New_York,TIGHT,-60,10,"MES.v.0,MNQ.v.0,ES.v.0,NQ.v.0,ZN.v.0,ZB.v.0,RTY.v.0",50,Fed,https://www.federalreserve.gov/newsevents/speeches.htm,2018-01-01,FED_SPEAKER from release calendar
FED_SPEAKER_2024_02_22_TIGHT,FED_SPEAKER,2024-02-22,12:00:00,America/New_York,TIGHT,-60,10,"MES.v.0,MNQ.v.0,ES.v.0,NQ.v.0,ZN.v.0,ZB.v.0,RTY.v.0",50,Fed,https://www.federalreserve.gov/newsevents/speeches.htm,2018-01-01,FED_SPEAKER from release calendar
FED_SPEAKER_2024_02_27_TIGHT,FED_SPEAKER,2024-02-27,12:00:00,America/New_York,TIGHT,-60,10,"MES.v.0,MNQ.v.0,ES.v.0,NQ.v.0,ZN.v.0,ZB.v.0,RTY.v.0",50,Fed,https://www.federalreserve.gov/newsevents/speeches.htm,2018-01-01,FED_SPEAKER from release calendar
FED_SPEAKER_2024_03_01_TIGHT,FED_SPEAKER,2024-03-01,12:00:00,America/New_York,TIGHT,-60,10,"MES.v.0,MNQ.v.0,ES.v.0,NQ.v.0,ZN.v.0,ZB.v.0,RTY.v.0",50,Fed,https://www.federalreserve.gov/newsevents/speeches.htm,2018-01-01,FED_SPEAKER from release calendar
FED_SPEAKER_2024_03_05_TIGHT,FED_SPEAKER,2024-03-05,12:00:00,America/New_York,TIGHT,-60,10,"MES.v.0,MNQ.v.0,ES.v.0,NQ.v.0,ZN.v.0,ZB.v.0,RTY.v.0",50,Fed,https://www.federalreserve.gov/newsevents/speeches.htm,2018-01-01,FED_SPEAKER from release calendar
FED_SPEAKER_2024_03_07_TIGHT,FED_SPEAKER,2024-03-07,12:00:00,America/New_York,TIGHT,-60,10,"MES.v.0,MNQ.v.0,ES.v.0,NQ.v.0,ZN.v.0,ZB.v.0,RTY.v.0",50,Fed,https://www.federalreserve.gov/newsevents/speeches.htm,2018-01-01,FED_SPEAKER from release calendar
FED_SPEAKER_2024_03_25_TIGHT,FED_SPEAKER,2024-03-25,12:00:00,America/New_York,TIGHT,-60,10,"MES.v.0,MNQ.v.0,ES.v.0,NQ.v.0,ZN.v.0,ZB.v.0,RTY.v.0",50,Fed,https://www.federalreserve.gov/newsevents/speeches.htm,2018-01-01,FED_SPEAKER from release calendar
FED_SPEAKER_2024_03_27_TIGHT,FED_SPEAKER,2024-03-27,12:00:00,America/New_York,TIGHT,-60,10,"MES.v.0,MNQ.v.0,ES.v.0,NQ.v.0,ZN.v.0,ZB.v.0,RTY.v.0",50,Fed,https://www.federalreserve.gov/newsevents/speeches.htm,2018-01-01,FED_SPEAKER from release calendar
FED_SPEAKER_2024_04_01_TIGHT,FED_SPEAKER,2024-04-01,12:00:00,America/New_York,TIGHT,-60,10,"MES.v.0,MNQ.v.0,ES.v.0,NQ.v.0,ZN.v.0,ZB.v.0,RTY.v.0",50,Fed,https://www.federalreserve.gov/newsevents/speeches.htm,2018-01-01,FED_SPEAKER from release calendar
FED_SPEAKER_2024_04_02_TIGHT,FED_SPEAKER,2024-04-02,12:00:00,America/New_York,TIGHT,-60,10,"MES.v.0,MNQ.v.0,ES.v.0,NQ.v.0,ZN.v.0,ZB.v.0,RTY.v.0",50,Fed,https://www.federalreserve.gov/newsevents/speeches.htm,2018-01-01,FED_SPEAKER from release calendar
FED_SPEAKER_2024_04_03_TIGHT,FED_SPEAKER,2024-04-03,12:00:00,America/New_York,TIGHT,-60,10,"MES.v.0,MNQ.v.0,ES.v.0,NQ.v.0,ZN.v.0,ZB.v.0,RTY.v.0",50,Fed,https://www.federalreserve.gov/newsevents/speeches.htm,2018-01-01,FED_SPEAKER from release calendar
FED_SPEAKER_2024_04_04_TIGHT,FED_SPEAKER,2024-04-04,12:00:00,America/New_York,TIGHT,-60,10,"MES.v.0,MNQ.v.0,ES.v.0,NQ.v.0,ZN.v.0,ZB.v.0,RTY.v.0",50,Fed,https://www.federalreserve.gov/newsevents/speeches.htm,2018-01-01,FED_SPEAKER from release calendar
FED_SPEAKER_2024_04_05_TIGHT,FED_SPEAKER,2024-04-05,12:00:00,America/New_York,TIGHT,-60,10,"MES.v.0,MNQ.v.0,ES.v.0,NQ.v.0,ZN.v.0,ZB.v.0,RTY.v.0",50,Fed,https://www.federalreserve.gov/newsevents/speeches.htm,2018-01-01,FED_SPEAKER from release calendar
FED_SPEAKER_2024_04_16_TIGHT,FED_SPEAKER,2024-04-16,12:00:00,America/New_York,TIGHT,-60,10,"MES.v.0,MNQ.v.0,ES.v.0,NQ.v.0,ZN.v.0,ZB.v.0,RTY.v.0",50,Fed,https://www.federalreserve.gov/newsevents/speeches.htm,2018-01-01,FED_SPEAKER from release calendar
FED_SPEAKER_2024_04_18_TIGHT,FED_SPEAKER,2024-04-18,12:00:00,America/New_York,TIGHT,-60,10,"MES.v.0,MNQ.v.0,ES.v.0,NQ.v.0,ZN.v.0,ZB.v.0,RTY.v.0",50,Fed,https://www.federalreserve.gov/newsevents/speeches.htm,2018-01-01,FED_SPEAKER from release calendar
FED_SPEAKER_2024_05_03_TIGHT,FED_SPEAKER,2024-05-03,12:00:00,America/New_York,TIGHT,-60,10,"MES.v.0,MNQ.v.0,ES.v.0,NQ.v.0,ZN.v.0,ZB.v.0,RTY.v.0",50,Fed,https://www.federalreserve.gov/newsevents/speeches.htm,2018-01-01,FED_SPEAKER from release calendar
FED_SPEAKER_2024_05_04_TIGHT,FED_SPEAKER,2024-05-04,12:00:00,America/New_York,TIGHT,-60,10,"MES.v.0,MNQ.v.0,ES.v.0,NQ.v.0,ZN.v.0,ZB.v.0,RTY.v.0",50,Fed,https://www.federalreserve.gov/newsevents/speeches.htm,2018-01-01,FED_SPEAKER from release calendar
FED_SPEAKER_2024_05_08_TIGHT,FED_SPEAKER,2024-05-08,12:00:00,America/New_York,TIGHT,-60,10,"MES.v.0,MNQ.v.0,ES.v.0,NQ.v.0,ZN.v.0,ZB.v.0,RTY.v.0",50,Fed,https://www.federalreserve.gov/newsevents/speeches.htm,2018-01-01,FED_SPEAKER from release calendar
FED_SPEAKER_2024_05_10_TIGHT,FED_SPEAKER,2024-05-10,12:00:00,America/New_York,TIGHT,-60,10,"MES.v.0,MNQ.v.0,ES.v.0,NQ.v.0,ZN.v.0,ZB.v.0,RTY.v.0",50,Fed,https://www.federalreserve.gov/newsevents/speeches.htm,2018-01-01,FED_SPEAKER from release calendar
FED_SPEAKER_2024_05_13_TIGHT,FED_SPEAKER,2024-05-13,12:00:00,America/New_York,TIGHT,-60,10,"MES.v.0,MNQ.v.0,ES.v.0,NQ.v.0,ZN.v.0,ZB.v.0,RTY.v.0",50,Fed,https://www.federalreserve.gov/newsevents/speeches.htm,2018-01-01,FED_SPEAKER from release calendar
FED_SPEAKER_2024_05_14_TIGHT,FED_SPEAKER,2024-05-14,12:00:00,America/New_York,TIGHT,-60,10,"MES.v.0,MNQ.v.0,ES.v.0,NQ.v.0,ZN.v.0,ZB.v.0,RTY.v.0",50,Fed,https://www.federalreserve.gov/newsevents/speeches.htm,2018-01-01,FED_SPEAKER from release calendar
FED_SPEAKER_2024_05_15_TIGHT,FED_SPEAKER,2024-05-15,12:00:00,America/New_York,TIGHT,-60,10,"MES.v.0,MNQ.v.0,ES.v.0,NQ.v.0,ZN.v.0,ZB.v.0,RTY.v.0",50,Fed,https://www.federalreserve.gov/newsevents/speeches.htm,2018-01-01,FED_SPEAKER from release calendar
FED_SPEAKER_2024_05_17_TIGHT,FED_SPEAKER,2024-05-17,12:00:00,America/New_York,TIGHT,-60,10,"MES.v.0,MNQ.v.0,ES.v.0,NQ.v.0,ZN.v.0,ZB.v.0,RTY.v.0",50,Fed,https://www.federalreserve.gov/newsevents/speeches.htm,2018-01-01,FED_SPEAKER from release calendar
FED_SPEAKER_2024_05_18_TIGHT,FED_SPEAKER,2024-05-18,12:00:00,America/New_York,TIGHT,-60,10,"MES.v.0,MNQ.v.0,ES.v.0,NQ.v.0,ZN.v.0,ZB.v.0,RTY.v.0",50,Fed,https://www.federalreserve.gov/newsevents/speeches.htm,2018-01-01,FED_SPEAKER from release calendar
FED_SPEAKER_2024_05_19_TIGHT,FED_SPEAKER,2024-05-19,12:00:00,America/New_York,TIGHT,-60,10,"MES.v.0,MNQ.v.0,ES.v.0,NQ.v.0,ZN.v.0,ZB.v.0,RTY.v.0",50,Fed,https://www.federalreserve.gov/newsevents/speeches.htm,2018-01-01,FED_SPEAKER from release calendar
FED_SPEAKER_2024_05_20_TIGHT,FED_SPEAKER,2024-05-20,12:00:00,America/New_York,TIGHT,-60,10,"MES.v.0,MNQ.v.0,ES.v.0,NQ.v.0,ZN.v.0,ZB.v.0,RTY.v.0",50,Fed,https://www.federalreserve.gov/newsevents/speeches.htm,2018-01-01,FED_SPEAKER from release calendar
FED_SPEAKER_2024_05_21_TIGHT,FED_SPEAKER,2024-05-21,12:00:00,America/New_York,TIGHT,-60,10,"MES.v.0,MNQ.v.0,ES.v.0,NQ.v.0,ZN.v.0,ZB.v.0,RTY.v.0",50,Fed,https://www.federalreserve.gov/newsevents/speeches.htm,2018-01-01,FED_SPEAKER from release calendar
FED_SPEAKER_2024_05_24_TIGHT,FED_SPEAKER,2024-05-24,12:00:00,America/New_York,TIGHT,-60,10,"MES.v.0,MNQ.v.0,ES.v.0,NQ.v.0,ZN.v.0,ZB.v.0,RTY.v.0",50,Fed,https://www.federalreserve.gov/newsevents/speeches.htm,2018-01-01,FED_SPEAKER from release calendar
FED_SPEAKER_2024_05_28_TIGHT,FED_SPEAKER,2024-05-28,12:00:00,America/New_York,TIGHT,-60,10,"MES.v.0,MNQ.v.0,ES.v.0,NQ.v.0,ZN.v.0,ZB.v.0,RTY.v.0",50,Fed,https://www.federalreserve.gov/newsevents/speeches.htm,2018-01-01,FED_SPEAKER from release calendar
FED_SPEAKER_2024_06_07_TIGHT,FED_SPEAKER,2024-06-07,12:00:00,America/New_York,TIGHT,-60,10,"MES.v.0,MNQ.v.0,ES.v.0,NQ.v.0,ZN.v.0,ZB.v.0,RTY.v.0",50,Fed,https://www.federalreserve.gov/newsevents/speeches.htm,2018-01-01,FED_SPEAKER from release calendar
FED_SPEAKER_2024_06_14_TIGHT,FED_SPEAKER,2024-06-14,12:00:00,America/New_York,TIGHT,-60,10,"MES.v.0,MNQ.v.0,ES.v.0,NQ.v.0,ZN.v.0,ZB.v.0,RTY.v.0",50,Fed,https://www.federalreserve.gov/newsevents/speeches.htm,2018-01-01,FED_SPEAKER from release calendar
FED_SPEAKER_2024_06_17_TIGHT,FED_SPEAKER,2024-06-17,12:00:00,America/New_York,TIGHT,-60,10,"MES.v.0,MNQ.v.0,ES.v.0,NQ.v.0,ZN.v.0,ZB.v.0,RTY.v.0",50,Fed,https://www.federalreserve.gov/newsevents/speeches.htm,2018-01-01,FED_SPEAKER from release calendar
FED_SPEAKER_2024_06_18_TIGHT,FED_SPEAKER,2024-06-18,12:00:00,America/New_York,TIGHT,-60,10,"MES.v.0,MNQ.v.0,ES.v.0,NQ.v.0,ZN.v.0,ZB.v.0,RTY.v.0",50,Fed,https://www.federalreserve.gov/newsevents/speeches.htm,2018-01-01,FED_SPEAKER from release calendar
FED_SPEAKER_2024_06_24_TIGHT,FED_SPEAKER,2024-06-24,12:00:00,America/New_York,TIGHT,-60,10,"MES.v.0,MNQ.v.0,ES.v.0,NQ.v.0,ZN.v.0,ZB.v.0,RTY.v.0",50,Fed,https://www.federalreserve.gov/newsevents/speeches.htm,2018-01-01,FED_SPEAKER from release calendar
FED_SPEAKER_2024_06_25_TIGHT,FED_SPEAKER,2024-06-25,12:00:00,America/New_York,TIGHT,-60,10,"MES.v.0,MNQ.v.0,ES.v.0,NQ.v.0,ZN.v.0,ZB.v.0,RTY.v.0",50,Fed,https://www.federalreserve.gov/newsevents/speeches.htm,2018-01-01,FED_SPEAKER from release calendar
FED_SPEAKER_2024_06_26_TIGHT,FED_SPEAKER,2024-06-26,12:00:00,America/New_York,TIGHT,-60,10,"MES.v.0,MNQ.v.0,ES.v.0,NQ.v.0,ZN.v.0,ZB.v.0,RTY.v.0",50,Fed,https://www.federalreserve.gov/newsevents/speeches.htm,2018-01-01,FED_SPEAKER from release calendar
FED_SPEAKER_2024_06_27_TIGHT,FED_SPEAKER,2024-06-27,12:00:00,America/New_York,TIGHT,-60,10,"MES.v.0,MNQ.v.0,ES.v.0,NQ.v.0,ZN.v.0,ZB.v.0,RTY.v.0",50,Fed,https://www.federalreserve.gov/newsevents/speeches.htm,2018-01-01,FED_SPEAKER from release calendar
FED_SPEAKER_2024_07_09_TIGHT,FED_SPEAKER,2024-07-09,12:00:00,America/New_York,TIGHT,-60,10,"MES.v.0,MNQ.v.0,ES.v.0,NQ.v.0,ZN.v.0,ZB.v.0,RTY.v.0",50,Fed,https://www.federalreserve.gov/newsevents/speeches.htm,2018-01-01,FED_SPEAKER from release calendar
FED_SPEAKER_2024_07_10_TIGHT,FED_SPEAKER,2024-07-10,12:00:00,America/New_York,TIGHT,-60,10,"MES.v.0,MNQ.v.0,ES.v.0,NQ.v.0,ZN.v.0,ZB.v.0,RTY.v.0",50,Fed,https://www.federalreserve.gov/newsevents/speeches.htm,2018-01-01,FED_SPEAKER from release calendar
FED_SPEAKER_2024_07_16_TIGHT,FED_SPEAKER,2024-07-16,12:00:00,America/New_York,TIGHT,-60,10,"MES.v.0,MNQ.v.0,ES.v.0,NQ.v.0,ZN.v.0,ZB.v.0,RTY.v.0",50,Fed,https://www.federalreserve.gov/newsevents/speeches.htm,2018-01-01,FED_SPEAKER from release calendar
FED_SPEAKER_2024_07_17_TIGHT,FED_SPEAKER,2024-07-17,12:00:00,America/New_York,TIGHT,-60,10,"MES.v.0,MNQ.v.0,ES.v.0,NQ.v.0,ZN.v.0,ZB.v.0,RTY.v.0",50,Fed,https://www.federalreserve.gov/newsevents/speeches.htm,2018-01-01,FED_SPEAKER from release calendar
FED_SPEAKER_2024_07_18_TIGHT,FED_SPEAKER,2024-07-18,12:00:00,America/New_York,TIGHT,-60,10,"MES.v.0,MNQ.v.0,ES.v.0,NQ.v.0,ZN.v.0,ZB.v.0,RTY.v.0",50,Fed,https://www.federalreserve.gov/newsevents/speeches.htm,2018-01-01,FED_SPEAKER from release calendar
FED_SPEAKER_2024_07_24_TIGHT,FED_SPEAKER,2024-07-24,12:00:00,America/New_York,TIGHT,-60,10,"MES.v.0,MNQ.v.0,ES.v.0,NQ.v.0,ZN.v.0,ZB.v.0,RTY.v.0",50,Fed,https://www.federalreserve.gov/newsevents/speeches.htm,2018-01-01,FED_SPEAKER from release calendar
FED_SPEAKER_2024_08_10_TIGHT,FED_SPEAKER,2024-08-10,12:00:00,America/New_York,TIGHT,-60,10,"MES.v.0,MNQ.v.0,ES.v.0,NQ.v.0,ZN.v.0,ZB.v.0,RTY.v.0",50,Fed,https://www.federalreserve.gov/newsevents/speeches.htm,2018-01-01,FED_SPEAKER from release calendar
FED_SPEAKER_2024_08_19_TIGHT,FED_SPEAKER,2024-08-19,12:00:00,America/New_York,TIGHT,-60,10,"MES.v.0,MNQ.v.0,ES.v.0,NQ.v.0,ZN.v.0,ZB.v.0,RTY.v.0",50,Fed,https://www.federalreserve.gov/newsevents/speeches.htm,2018-01-01,FED_SPEAKER from release calendar
FED_SPEAKER_2024_08_20_TIGHT,FED_SPEAKER,2024-08-20,12:00:00,America/New_York,TIGHT,-60,10,"MES.v.0,MNQ.v.0,ES.v.0,NQ.v.0,ZN.v.0,ZB.v.0,RTY.v.0",50,Fed,https://www.federalreserve.gov/newsevents/speeches.htm,2018-01-01,FED_SPEAKER from release calendar
FED_SPEAKER_2024_08_23_TIGHT,FED_SPEAKER,2024-08-23,12:00:00,America/New_York,TIGHT,-60,10,"MES.v.0,MNQ.v.0,ES.v.0,NQ.v.0,ZN.v.0,ZB.v.0,RTY.v.0",50,Fed,https://www.federalreserve.gov/newsevents/speeches.htm,2018-01-01,FED_SPEAKER from release calendar
FED_SPEAKER_2024_08_28_TIGHT,FED_SPEAKER,2024-08-28,12:00:00,America/New_York,TIGHT,-60,10,"MES.v.0,MNQ.v.0,ES.v.0,NQ.v.0,ZN.v.0,ZB.v.0,RTY.v.0",50,Fed,https://www.federalreserve.gov/newsevents/speeches.htm,2018-01-01,FED_SPEAKER from release calendar
FED_SPEAKER_2024_09_06_TIGHT,FED_SPEAKER,2024-09-06,12:00:00,America/New_York,TIGHT,-60,10,"MES.v.0,MNQ.v.0,ES.v.0,NQ.v.0,ZN.v.0,ZB.v.0,RTY.v.0",50,Fed,https://www.federalreserve.gov/newsevents/speeches.htm,2018-01-01,FED_SPEAKER from release calendar
FED_SPEAKER_2024_09_10_TIGHT,FED_SPEAKER,2024-09-10,12:00:00,America/New_York,TIGHT,-60,10,"MES.v.0,MNQ.v.0,ES.v.0,NQ.v.0,ZN.v.0,ZB.v.0,RTY.v.0",50,Fed,https://www.federalreserve.gov/newsevents/speeches.htm,2018-01-01,FED_SPEAKER from release calendar
FED_SPEAKER_2024_09_20_TIGHT,FED_SPEAKER,2024-09-20,12:00:00,America/New_York,TIGHT,-60,10,"MES.v.0,MNQ.v.0,ES.v.0,NQ.v.0,ZN.v.0,ZB.v.0,RTY.v.0",50,Fed,https://www.federalreserve.gov/newsevents/speeches.htm,2018-01-01,FED_SPEAKER from release calendar
FED_SPEAKER_2024_09_24_TIGHT,FED_SPEAKER,2024-09-24,12:00:00,America/New_York,TIGHT,-60,10,"MES.v.0,MNQ.v.0,ES.v.0,NQ.v.0,ZN.v.0,ZB.v.0,RTY.v.0",50,Fed,https://www.federalreserve.gov/newsevents/speeches.htm,2018-01-01,FED_SPEAKER from release calendar
FED_SPEAKER_2024_09_25_TIGHT,FED_SPEAKER,2024-09-25,12:00:00,America/New_York,TIGHT,-60,10,"MES.v.0,MNQ.v.0,ES.v.0,NQ.v.0,ZN.v.0,ZB.v.0,RTY.v.0",50,Fed,https://www.federalreserve.gov/newsevents/speeches.htm,2018-01-01,FED_SPEAKER from release calendar
FED_SPEAKER_2024_09_26_TIGHT,FED_SPEAKER,2024-09-26,12:00:00,America/New_York,TIGHT,-60,10,"MES.v.0,MNQ.v.0,ES.v.0,NQ.v.0,ZN.v.0,ZB.v.0,RTY.v.0",50,Fed,https://www.federalreserve.gov/newsevents/speeches.htm,2018-01-01,FED_SPEAKER from release calendar
FED_SPEAKER_2024_09_30_TIGHT,FED_SPEAKER,2024-09-30,12:00:00,America/New_York,TIGHT,-60,10,"MES.v.0,MNQ.v.0,ES.v.0,NQ.v.0,ZN.v.0,ZB.v.0,RTY.v.0",50,Fed,https://www.federalreserve.gov/newsevents/speeches.htm,2018-01-01,FED_SPEAKER from release calendar
FED_SPEAKER_2024_10_01_TIGHT,FED_SPEAKER,2024-10-01,12:00:00,America/New_York,TIGHT,-60,10,"MES.v.0,MNQ.v.0,ES.v.0,NQ.v.0,ZN.v.0,ZB.v.0,RTY.v.0",50,Fed,https://www.federalreserve.gov/newsevents/speeches.htm,2018-01-01,FED_SPEAKER from release calendar
FED_SPEAKER_2024_10_02_TIGHT,FED_SPEAKER,2024-10-02,12:00:00,America/New_York,TIGHT,-60,10,"MES.v.0,MNQ.v.0,ES.v.0,NQ.v.0,ZN.v.0,ZB.v.0,RTY.v.0",50,Fed,https://www.federalreserve.gov/newsevents/speeches.htm,2018-01-01,FED_SPEAKER from release calendar
FED_SPEAKER_2024_10_08_TIGHT,FED_SPEAKER,2024-10-08,12:00:00,America/New_York,TIGHT,-60,10,"MES.v.0,MNQ.v.0,ES.v.0,NQ.v.0,ZN.v.0,ZB.v.0,RTY.v.0",50,Fed,https://www.federalreserve.gov/newsevents/speeches.htm,2018-01-01,FED_SPEAKER from release calendar
FED_SPEAKER_2024_10_09_TIGHT,FED_SPEAKER,2024-10-09,12:00:00,America/New_York,TIGHT,-60,10,"MES.v.0,MNQ.v.0,ES.v.0,NQ.v.0,ZN.v.0,ZB.v.0,RTY.v.0",50,Fed,https://www.federalreserve.gov/newsevents/speeches.htm,2018-01-01,FED_SPEAKER from release calendar
FED_SPEAKER_2024_10_10_TIGHT,FED_SPEAKER,2024-10-10,12:00:00,America/New_York,TIGHT,-60,10,"MES.v.0,MNQ.v.0,ES.v.0,NQ.v.0,ZN.v.0,ZB.v.0,RTY.v.0",50,Fed,https://www.federalreserve.gov/newsevents/speeches.htm,2018-01-01,FED_SPEAKER from release calendar
FED_SPEAKER_2024_10_11_TIGHT,FED_SPEAKER,2024-10-11,12:00:00,America/New_York,TIGHT,-60,10,"MES.v.0,MNQ.v.0,ES.v.0,NQ.v.0,ZN.v.0,ZB.v.0,RTY.v.0",50,Fed,https://www.federalreserve.gov/newsevents/speeches.htm,2018-01-01,FED_SPEAKER from release calendar
FED_SPEAKER_2024_10_14_TIGHT,FED_SPEAKER,2024-10-14,12:00:00,America/New_York,TIGHT,-60,10,"MES.v.0,MNQ.v.0,ES.v.0,NQ.v.0,ZN.v.0,ZB.v.0,RTY.v.0",50,Fed,https://www.federalreserve.gov/newsevents/speeches.htm,2018-01-01,FED_SPEAKER from release calendar
FED_SPEAKER_2024_10_18_TIGHT,FED_SPEAKER,2024-10-18,12:00:00,America/New_York,TIGHT,-60,10,"MES.v.0,MNQ.v.0,ES.v.0,NQ.v.0,ZN.v.0,ZB.v.0,RTY.v.0",50,Fed,https://www.federalreserve.gov/newsevents/speeches.htm,2018-01-01,FED_SPEAKER from release calendar
FED_SPEAKER_2024_10_23_TIGHT,FED_SPEAKER,2024-10-23,12:00:00,America/New_York,TIGHT,-60,10,"MES.v.0,MNQ.v.0,ES.v.0,NQ.v.0,ZN.v.0,ZB.v.0,RTY.v.0",50,Fed,https://www.federalreserve.gov/newsevents/speeches.htm,2018-01-01,FED_SPEAKER from release calendar
FED_SPEAKER_2024_11_12_TIGHT,FED_SPEAKER,2024-11-12,12:00:00,America/New_York,TIGHT,-60,10,"MES.v.0,MNQ.v.0,ES.v.0,NQ.v.0,ZN.v.0,ZB.v.0,RTY.v.0",50,Fed,https://www.federalreserve.gov/newsevents/speeches.htm,2018-01-01,FED_SPEAKER from release calendar
FED_SPEAKER_2024_11_14_TIGHT,FED_SPEAKER,2024-11-14,12:00:00,America/New_York,TIGHT,-60,10,"MES.v.0,MNQ.v.0,ES.v.0,NQ.v.0,ZN.v.0,ZB.v.0,RTY.v.0",50,Fed,https://www.federalreserve.gov/newsevents/speeches.htm,2018-01-01,FED_SPEAKER from release calendar
FED_SPEAKER_2024_11_20_TIGHT,FED_SPEAKER,2024-11-20,12:00:00,America/New_York,TIGHT,-60,10,"MES.v.0,MNQ.v.0,ES.v.0,NQ.v.0,ZN.v.0,ZB.v.0,RTY.v.0",50,Fed,https://www.federalreserve.gov/newsevents/speeches.htm,2018-01-01,FED_SPEAKER from release calendar
FED_SPEAKER_2024_11_22_TIGHT,FED_SPEAKER,2024-11-22,12:00:00,America/New_York,TIGHT,-60,10,"MES.v.0,MNQ.v.0,ES.v.0,NQ.v.0,ZN.v.0,ZB.v.0,RTY.v.0",50,Fed,https://www.federalreserve.gov/newsevents/speeches.htm,2018-01-01,FED_SPEAKER from release calendar
FED_SPEAKER_2024_12_02_TIGHT,FED_SPEAKER,2024-12-02,12:00:00,America/New_York,TIGHT,-60,10,"MES.v.0,MNQ.v.0,ES.v.0,NQ.v.0,ZN.v.0,ZB.v.0,RTY.v.0",50,Fed,https://www.federalreserve.gov/newsevents/speeches.htm,2018-01-01,FED_SPEAKER from release calendar
FED_SPEAKER_2024_12_03_TIGHT,FED_SPEAKER,2024-12-03,12:00:00,America/New_York,TIGHT,-60,10,"MES.v.0,MNQ.v.0,ES.v.0,NQ.v.0,ZN.v.0,ZB.v.0,RTY.v.0",50,Fed,https://www.federalreserve.gov/newsevents/speeches.htm,2018-01-01,FED_SPEAKER from release calendar
FED_SPEAKER_2025_01_06_TIGHT,FED_SPEAKER,2025-01-06,12:00:00,America/New_York,TIGHT,-60,10,"MES.v.0,MNQ.v.0,ES.v.0,NQ.v.0,ZN.v.0,ZB.v.0,RTY.v.0",50,Fed,https://www.federalreserve.gov/newsevents/speeches.htm,2018-01-01,FED_SPEAKER from release calendar
FED_SPEAKER_2025_01_08_TIGHT,FED_SPEAKER,2025-01-08,12:00:00,America/New_York,TIGHT,-60,10,"MES.v.0,MNQ.v.0,ES.v.0,NQ.v.0,ZN.v.0,ZB.v.0,RTY.v.0",50,Fed,https://www.federalreserve.gov/newsevents/speeches.htm,2018-01-01,FED_SPEAKER from release calendar
FED_SPEAKER_2025_01_09_TIGHT,FED_SPEAKER,2025-01-09,12:00:00,America/New_York,TIGHT,-60,10,"MES.v.0,MNQ.v.0,ES.v.0,NQ.v.0,ZN.v.0,ZB.v.0,RTY.v.0",50,Fed,https://www.federalreserve.gov/newsevents/speeches.htm,2018-01-01,FED_SPEAKER from release calendar
FED_SPEAKER_2025_01_31_TIGHT,FED_SPEAKER,2025-01-31,12:00:00,America/New_York,TIGHT,-60,10,"MES.v.0,MNQ.v.0,ES.v.0,NQ.v.0,ZN.v.0,ZB.v.0,RTY.v.0",50,Fed,https://www.federalreserve.gov/newsevents/speeches.htm,2018-01-01,FED_SPEAKER from release calendar
FED_SPEAKER_2025_02_04_TIGHT,FED_SPEAKER,2025-02-04,12:00:00,America/New_York,TIGHT,-60,10,"MES.v.0,MNQ.v.0,ES.v.0,NQ.v.0,ZN.v.0,ZB.v.0,RTY.v.0",50,Fed,https://www.federalreserve.gov/newsevents/speeches.htm,2018-01-01,FED_SPEAKER from release calendar
FED_SPEAKER_2025_02_05_TIGHT,FED_SPEAKER,2025-02-05,12:00:00,America/New_York,TIGHT,-60,10,"MES.v.0,MNQ.v.0,ES.v.0,NQ.v.0,ZN.v.0,ZB.v.0,RTY.v.0",50,Fed,https://www.federalreserve.gov/newsevents/speeches.htm,2018-01-01,FED_SPEAKER from release calendar
FED_SPEAKER_2025_02_07_TIGHT,FED_SPEAKER,2025-02-07,12:00:00,America/New_York,TIGHT,-60,10,"MES.v.0,MNQ.v.0,ES.v.0,NQ.v.0,ZN.v.0,ZB.v.0,RTY.v.0",50,Fed,https://www.federalreserve.gov/newsevents/speeches.htm,2018-01-01,FED_SPEAKER from release calendar
FED_SPEAKER_2025_02_12_TIGHT,FED_SPEAKER,2025-02-12,12:00:00,America/New_York,TIGHT,-60,10,"MES.v.0,MNQ.v.0,ES.v.0,NQ.v.0,ZN.v.0,ZB.v.0,RTY.v.0",50,Fed,https://www.federalreserve.gov/newsevents/speeches.htm,2018-01-01,FED_SPEAKER from release calendar
FED_SPEAKER_2025_02_17_TIGHT,FED_SPEAKER,2025-02-17,12:00:00,America/New_York,TIGHT,-60,10,"MES.v.0,MNQ.v.0,ES.v.0,NQ.v.0,ZN.v.0,ZB.v.0,RTY.v.0",50,Fed,https://www.federalreserve.gov/newsevents/speeches.htm,2018-01-01,FED_SPEAKER from release calendar
FED_SPEAKER_2025_02_18_TIGHT,FED_SPEAKER,2025-02-18,12:00:00,America/New_York,TIGHT,-60,10,"MES.v.0,MNQ.v.0,ES.v.0,NQ.v.0,ZN.v.0,ZB.v.0,RTY.v.0",50,Fed,https://www.federalreserve.gov/newsevents/speeches.htm,2018-01-01,FED_SPEAKER from release calendar
FED_SPEAKER_2025_02_19_TIGHT,FED_SPEAKER,2025-02-19,12:00:00,America/New_York,TIGHT,-60,10,"MES.v.0,MNQ.v.0,ES.v.0,NQ.v.0,ZN.v.0,ZB.v.0,RTY.v.0",50,Fed,https://www.federalreserve.gov/newsevents/speeches.htm,2018-01-01,FED_SPEAKER from release calendar
FED_SPEAKER_2025_02_20_TIGHT,FED_SPEAKER,2025-02-20,12:00:00,America/New_York,TIGHT,-60,10,"MES.v.0,MNQ.v.0,ES.v.0,NQ.v.0,ZN.v.0,ZB.v.0,RTY.v.0",50,Fed,https://www.federalreserve.gov/newsevents/speeches.htm,2018-01-01,FED_SPEAKER from release calendar
FED_SPEAKER_2025_02_21_TIGHT,FED_SPEAKER,2025-02-21,12:00:00,America/New_York,TIGHT,-60,10,"MES.v.0,MNQ.v.0,ES.v.0,NQ.v.0,ZN.v.0,ZB.v.0,RTY.v.0",50,Fed,https://www.federalreserve.gov/newsevents/speeches.htm,2018-01-01,FED_SPEAKER from release calendar
FED_SPEAKER_2025_02_25_TIGHT,FED_SPEAKER,2025-02-25,12:00:00,America/New_York,TIGHT,-60,10,"MES.v.0,MNQ.v.0,ES.v.0,NQ.v.0,ZN.v.0,ZB.v.0,RTY.v.0",50,Fed,https://www.federalreserve.gov/newsevents/speeches.htm,2018-01-01,FED_SPEAKER from release calendar
FED_SPEAKER_2025_02_27_TIGHT,FED_SPEAKER,2025-02-27,12:00:00,America/New_York,TIGHT,-60,10,"MES.v.0,MNQ.v.0,ES.v.0,NQ.v.0,ZN.v.0,ZB.v.0,RTY.v.0",50,Fed,https://www.federalreserve.gov/newsevents/speeches.htm,2018-01-01,FED_SPEAKER from release calendar
FED_SPEAKER_2025_03_07_TIGHT,FED_SPEAKER,2025-03-07,12:00:00,America/New_York,TIGHT,-60,10,"MES.v.0,MNQ.v.0,ES.v.0,NQ.v.0,ZN.v.0,ZB.v.0,RTY.v.0",50,Fed,https://www.federalreserve.gov/newsevents/speeches.htm,2018-01-01,FED_SPEAKER from release calendar
FED_SPEAKER_2025_03_21_TIGHT,FED_SPEAKER,2025-03-21,12:00:00,America/New_York,TIGHT,-60,10,"MES.v.0,MNQ.v.0,ES.v.0,NQ.v.0,ZN.v.0,ZB.v.0,RTY.v.0",50,Fed,https://www.federalreserve.gov/newsevents/speeches.htm,2018-01-01,FED_SPEAKER from release calendar
FED_SPEAKER_2025_03_24_TIGHT,FED_SPEAKER,2025-03-24,12:00:00,America/New_York,TIGHT,-60,10,"MES.v.0,MNQ.v.0,ES.v.0,NQ.v.0,ZN.v.0,ZB.v.0,RTY.v.0",50,Fed,https://www.federalreserve.gov/newsevents/speeches.htm,2018-01-01,FED_SPEAKER from release calendar
FED_SPEAKER_2025_03_25_TIGHT,FED_SPEAKER,2025-03-25,12:00:00,America/New_York,TIGHT,-60,10,"MES.v.0,MNQ.v.0,ES.v.0,NQ.v.0,ZN.v.0,ZB.v.0,RTY.v.0",50,Fed,https://www.federalreserve.gov/newsevents/speeches.htm,2018-01-01,FED_SPEAKER from release calendar
FED_SPEAKER_2025_04_02_TIGHT,FED_SPEAKER,2025-04-02,12:00:00,America/New_York,TIGHT,-60,10,"MES.v.0,MNQ.v.0,ES.v.0,NQ.v.0,ZN.v.0,ZB.v.0,RTY.v.0",50,Fed,https://www.federalreserve.gov/newsevents/speeches.htm,2018-01-01,FED_SPEAKER from release calendar
FED_SPEAKER_2025_04_03_TIGHT,FED_SPEAKER,2025-04-03,12:00:00,America/New_York,TIGHT,-60,10,"MES.v.0,MNQ.v.0,ES.v.0,NQ.v.0,ZN.v.0,ZB.v.0,RTY.v.0",50,Fed,https://www.federalreserve.gov/newsevents/speeches.htm,2018-01-01,FED_SPEAKER from release calendar
FED_SPEAKER_2025_04_04_TIGHT,FED_SPEAKER,2025-04-04,12:00:00,America/New_York,TIGHT,-60,10,"MES.v.0,MNQ.v.0,ES.v.0,NQ.v.0,ZN.v.0,ZB.v.0,RTY.v.0",50,Fed,https://www.federalreserve.gov/newsevents/speeches.htm,2018-01-01,FED_SPEAKER from release calendar
FED_SPEAKER_2025_04_07_TIGHT,FED_SPEAKER,2025-04-07,12:00:00,America/New_York,TIGHT,-60,10,"MES.v.0,MNQ.v.0,ES.v.0,NQ.v.0,ZN.v.0,ZB.v.0,RTY.v.0",50,Fed,https://www.federalreserve.gov/newsevents/speeches.htm,2018-01-01,FED_SPEAKER from release calendar
FED_SPEAKER_2025_04_14_TIGHT,FED_SPEAKER,2025-04-14,12:00:00,America/New_York,TIGHT,-60,10,"MES.v.0,MNQ.v.0,ES.v.0,NQ.v.0,ZN.v.0,ZB.v.0,RTY.v.0",50,Fed,https://www.federalreserve.gov/newsevents/speeches.htm,2018-01-01,FED_SPEAKER from release calendar
FED_SPEAKER_2025_04_15_TIGHT,FED_SPEAKER,2025-04-15,12:00:00,America/New_York,TIGHT,-60,10,"MES.v.0,MNQ.v.0,ES.v.0,NQ.v.0,ZN.v.0,ZB.v.0,RTY.v.0",50,Fed,https://www.federalreserve.gov/newsevents/speeches.htm,2018-01-01,FED_SPEAKER from release calendar
FED_SPEAKER_2025_04_16_TIGHT,FED_SPEAKER,2025-04-16,12:00:00,America/New_York,TIGHT,-60,10,"MES.v.0,MNQ.v.0,ES.v.0,NQ.v.0,ZN.v.0,ZB.v.0,RTY.v.0",50,Fed,https://www.federalreserve.gov/newsevents/speeches.htm,2018-01-01,FED_SPEAKER from release calendar
FED_SPEAKER_2025_04_17_TIGHT,FED_SPEAKER,2025-04-17,12:00:00,America/New_York,TIGHT,-60,10,"MES.v.0,MNQ.v.0,ES.v.0,NQ.v.0,ZN.v.0,ZB.v.0,RTY.v.0",50,Fed,https://www.federalreserve.gov/newsevents/speeches.htm,2018-01-01,FED_SPEAKER from release calendar
FED_SPEAKER_2025_04_22_TIGHT,FED_SPEAKER,2025-04-22,12:00:00,America/New_York,TIGHT,-60,10,"MES.v.0,MNQ.v.0,ES.v.0,NQ.v.0,ZN.v.0,ZB.v.0,RTY.v.0",50,Fed,https://www.federalreserve.gov/newsevents/speeches.htm,2018-01-01,FED_SPEAKER from release calendar
FED_SPEAKER_2025_04_23_TIGHT,FED_SPEAKER,2025-04-23,12:00:00,America/New_York,TIGHT,-60,10,"MES.v.0,MNQ.v.0,ES.v.0,NQ.v.0,ZN.v.0,ZB.v.0,RTY.v.0",50,Fed,https://www.federalreserve.gov/newsevents/speeches.htm,2018-01-01,FED_SPEAKER from release calendar
FED_SPEAKER_2025_05_03_TIGHT,FED_SPEAKER,2025-05-03,12:00:00,America/New_York,TIGHT,-60,10,"MES.v.0,MNQ.v.0,ES.v.0,NQ.v.0,ZN.v.0,ZB.v.0,RTY.v.0",50,Fed,https://www.federalreserve.gov/newsevents/speeches.htm,2018-01-01,FED_SPEAKER from release calendar
FED_SPEAKER_2025_05_09_TIGHT,FED_SPEAKER,2025-05-09,12:00:00,America/New_York,TIGHT,-60,10,"MES.v.0,MNQ.v.0,ES.v.0,NQ.v.0,ZN.v.0,ZB.v.0,RTY.v.0",50,Fed,https://www.federalreserve.gov/newsevents/speeches.htm,2018-01-01,FED_SPEAKER from release calendar
FED_SPEAKER_2025_05_12_TIGHT,FED_SPEAKER,2025-05-12,12:00:00,America/New_York,TIGHT,-60,10,"MES.v.0,MNQ.v.0,ES.v.0,NQ.v.0,ZN.v.0,ZB.v.0,RTY.v.0",50,Fed,https://www.federalreserve.gov/newsevents/speeches.htm,2018-01-01,FED_SPEAKER from release calendar
FED_SPEAKER_2025_05_14_TIGHT,FED_SPEAKER,2025-05-14,12:00:00,America/New_York,TIGHT,-60,10,"MES.v.0,MNQ.v.0,ES.v.0,NQ.v.0,ZN.v.0,ZB.v.0,RTY.v.0",50,Fed,https://www.federalreserve.gov/newsevents/speeches.htm,2018-01-01,FED_SPEAKER from release calendar
FED_SPEAKER_2025_05_15_TIGHT,FED_SPEAKER,2025-05-15,12:00:00,America/New_York,TIGHT,-60,10,"MES.v.0,MNQ.v.0,ES.v.0,NQ.v.0,ZN.v.0,ZB.v.0,RTY.v.0",50,Fed,https://www.federalreserve.gov/newsevents/speeches.htm,2018-01-01,FED_SPEAKER from release calendar
FED_SPEAKER_2025_05_19_TIGHT,FED_SPEAKER,2025-05-19,12:00:00,America/New_York,TIGHT,-60,10,"MES.v.0,MNQ.v.0,ES.v.0,NQ.v.0,ZN.v.0,ZB.v.0,RTY.v.0",50,Fed,https://www.federalreserve.gov/newsevents/speeches.htm,2018-01-01,FED_SPEAKER from release calendar
FED_SPEAKER_2025_05_20_TIGHT,FED_SPEAKER,2025-05-20,12:00:00,America/New_York,TIGHT,-60,10,"MES.v.0,MNQ.v.0,ES.v.0,NQ.v.0,ZN.v.0,ZB.v.0,RTY.v.0",50,Fed,https://www.federalreserve.gov/newsevents/speeches.htm,2018-01-01,FED_SPEAKER from release calendar
FED_SPEAKER_2025_05_23_TIGHT,FED_SPEAKER,2025-05-23,12:00:00,America/New_York,TIGHT,-60,10,"MES.v.0,MNQ.v.0,ES.v.0,NQ.v.0,ZN.v.0,ZB.v.0,RTY.v.0",50,Fed,https://www.federalreserve.gov/newsevents/speeches.htm,2018-01-01,FED_SPEAKER from release calendar
FED_SPEAKER_2025_05_25_TIGHT,FED_SPEAKER,2025-05-25,12:00:00,America/New_York,TIGHT,-60,10,"MES.v.0,MNQ.v.0,ES.v.0,NQ.v.0,ZN.v.0,ZB.v.0,RTY.v.0",50,Fed,https://www.federalreserve.gov/newsevents/speeches.htm,2018-01-01,FED_SPEAKER from release calendar
FED_SPEAKER_2025_05_29_TIGHT,FED_SPEAKER,2025-05-29,12:00:00,America/New_York,TIGHT,-60,10,"MES.v.0,MNQ.v.0,ES.v.0,NQ.v.0,ZN.v.0,ZB.v.0,RTY.v.0",50,Fed,https://www.federalreserve.gov/newsevents/speeches.htm,2018-01-01,FED_SPEAKER from release calendar
FED_SPEAKER_2025_06_01_TIGHT,FED_SPEAKER,2025-06-01,12:00:00,America/New_York,TIGHT,-60,10,"MES.v.0,MNQ.v.0,ES.v.0,NQ.v.0,ZN.v.0,ZB.v.0,RTY.v.0",50,Fed,https://www.federalreserve.gov/newsevents/speeches.htm,2018-01-01,FED_SPEAKER from release calendar
FED_SPEAKER_2025_06_02_TIGHT,FED_SPEAKER,2025-06-02,12:00:00,America/New_York,TIGHT,-60,10,"MES.v.0,MNQ.v.0,ES.v.0,NQ.v.0,ZN.v.0,ZB.v.0,RTY.v.0",50,Fed,https://www.federalreserve.gov/newsevents/speeches.htm,2018-01-01,FED_SPEAKER from release calendar
FED_SPEAKER_2025_06_03_TIGHT,FED_SPEAKER,2025-06-03,12:00:00,America/New_York,TIGHT,-60,10,"MES.v.0,MNQ.v.0,ES.v.0,NQ.v.0,ZN.v.0,ZB.v.0,RTY.v.0",50,Fed,https://www.federalreserve.gov/newsevents/speeches.htm,2018-01-01,FED_SPEAKER from release calendar
FED_SPEAKER_2025_06_04_TIGHT,FED_SPEAKER,2025-06-04,12:00:00,America/New_York,TIGHT,-60,10,"MES.v.0,MNQ.v.0,ES.v.0,NQ.v.0,ZN.v.0,ZB.v.0,RTY.v.0",50,Fed,https://www.federalreserve.gov/newsevents/speeches.htm,2018-01-01,FED_SPEAKER from release calendar
FED_SPEAKER_2025_06_05_TIGHT,FED_SPEAKER,2025-06-05,12:00:00,America/New_York,TIGHT,-60,10,"MES.v.0,MNQ.v.0,ES.v.0,NQ.v.0,ZN.v.0,ZB.v.0,RTY.v.0",50,Fed,https://www.federalreserve.gov/newsevents/speeches.htm,2018-01-01,FED_SPEAKER from release calendar
FED_SPEAKER_2025_06_06_TIGHT,FED_SPEAKER,2025-06-06,12:00:00,America/New_York,TIGHT,-60,10,"MES.v.0,MNQ.v.0,ES.v.0,NQ.v.0,ZN.v.0,ZB.v.0,RTY.v.0",50,Fed,https://www.federalreserve.gov/newsevents/speeches.htm,2018-01-01,FED_SPEAKER from release calendar
FED_SPEAKER_2025_06_23_TIGHT,FED_SPEAKER,2025-06-23,12:00:00,America/New_York,TIGHT,-60,10,"MES.v.0,MNQ.v.0,ES.v.0,NQ.v.0,ZN.v.0,ZB.v.0,RTY.v.0",50,Fed,https://www.federalreserve.gov/newsevents/speeches.htm,2018-01-01,FED_SPEAKER from release calendar
FED_SPEAKER_2025_06_24_TIGHT,FED_SPEAKER,2025-06-24,12:00:00,America/New_York,TIGHT,-60,10,"MES.v.0,MNQ.v.0,ES.v.0,NQ.v.0,ZN.v.0,ZB.v.0,RTY.v.0",50,Fed,https://www.federalreserve.gov/newsevents/speeches.htm,2018-01-01,FED_SPEAKER from release calendar
FED_SPEAKER_2025_06_26_TIGHT,FED_SPEAKER,2025-06-26,12:00:00,America/New_York,TIGHT,-60,10,"MES.v.0,MNQ.v.0,ES.v.0,NQ.v.0,ZN.v.0,ZB.v.0,RTY.v.0",50,Fed,https://www.federalreserve.gov/newsevents/speeches.htm,2018-01-01,FED_SPEAKER from release calendar
FED_SPEAKER_2025_07_10_TIGHT,FED_SPEAKER,2025-07-10,12:00:00,America/New_York,TIGHT,-60,10,"MES.v.0,MNQ.v.0,ES.v.0,NQ.v.0,ZN.v.0,ZB.v.0,RTY.v.0",50,Fed,https://www.federalreserve.gov/newsevents/speeches.htm,2018-01-01,FED_SPEAKER from release calendar
FED_SPEAKER_2025_07_15_TIGHT,FED_SPEAKER,2025-07-15,12:00:00,America/New_York,TIGHT,-60,10,"MES.v.0,MNQ.v.0,ES.v.0,NQ.v.0,ZN.v.0,ZB.v.0,RTY.v.0",50,Fed,https://www.federalreserve.gov/newsevents/speeches.htm,2018-01-01,FED_SPEAKER from release calendar
FED_SPEAKER_2025_07_16_TIGHT,FED_SPEAKER,2025-07-16,12:00:00,America/New_York,TIGHT,-60,10,"MES.v.0,MNQ.v.0,ES.v.0,NQ.v.0,ZN.v.0,ZB.v.0,RTY.v.0",50,Fed,https://www.federalreserve.gov/newsevents/speeches.htm,2018-01-01,FED_SPEAKER from release calendar
FED_SPEAKER_2025_07_17_TIGHT,FED_SPEAKER,2025-07-17,12:00:00,America/New_York,TIGHT,-60,10,"MES.v.0,MNQ.v.0,ES.v.0,NQ.v.0,ZN.v.0,ZB.v.0,RTY.v.0",50,Fed,https://www.federalreserve.gov/newsevents/speeches.htm,2018-01-01,FED_SPEAKER from release calendar
FED_SPEAKER_2025_07_22_TIGHT,FED_SPEAKER,2025-07-22,12:00:00,America/New_York,TIGHT,-60,10,"MES.v.0,MNQ.v.0,ES.v.0,NQ.v.0,ZN.v.0,ZB.v.0,RTY.v.0",50,Fed,https://www.federalreserve.gov/newsevents/speeches.htm,2018-01-01,FED_SPEAKER from release calendar
FED_SPEAKER_2025_08_01_TIGHT,FED_SPEAKER,2025-08-01,12:00:00,America/New_York,TIGHT,-60,10,"MES.v.0,MNQ.v.0,ES.v.0,NQ.v.0,ZN.v.0,ZB.v.0,RTY.v.0",50,Fed,https://www.federalreserve.gov/newsevents/speeches.htm,2018-01-01,FED_SPEAKER from release calendar
FED_SPEAKER_2025_08_09_TIGHT,FED_SPEAKER,2025-08-09,12:00:00,America/New_York,TIGHT,-60,10,"MES.v.0,MNQ.v.0,ES.v.0,NQ.v.0,ZN.v.0,ZB.v.0,RTY.v.0",50,Fed,https://www.federalreserve.gov/newsevents/speeches.htm,2018-01-01,FED_SPEAKER from release calendar
FED_SPEAKER_2025_08_19_TIGHT,FED_SPEAKER,2025-08-19,12:00:00,America/New_York,TIGHT,-60,10,"MES.v.0,MNQ.v.0,ES.v.0,NQ.v.0,ZN.v.0,ZB.v.0,RTY.v.0",50,Fed,https://www.federalreserve.gov/newsevents/speeches.htm,2018-01-01,FED_SPEAKER from release calendar
FED_SPEAKER_2025_08_20_TIGHT,FED_SPEAKER,2025-08-20,12:00:00,America/New_York,TIGHT,-60,10,"MES.v.0,MNQ.v.0,ES.v.0,NQ.v.0,ZN.v.0,ZB.v.0,RTY.v.0",50,Fed,https://www.federalreserve.gov/newsevents/speeches.htm,2018-01-01,FED_SPEAKER from release calendar
FED_SPEAKER_2025_08_22_TIGHT,FED_SPEAKER,2025-08-22,12:00:00,America/New_York,TIGHT,-60,10,"MES.v.0,MNQ.v.0,ES.v.0,NQ.v.0,ZN.v.0,ZB.v.0,RTY.v.0",50,Fed,https://www.federalreserve.gov/newsevents/speeches.htm,2018-01-01,FED_SPEAKER from release calendar
FED_SPEAKER_2025_08_28_TIGHT,FED_SPEAKER,2025-08-28,12:00:00,America/New_York,TIGHT,-60,10,"MES.v.0,MNQ.v.0,ES.v.0,NQ.v.0,ZN.v.0,ZB.v.0,RTY.v.0",50,Fed,https://www.federalreserve.gov/newsevents/speeches.htm,2018-01-01,FED_SPEAKER from release calendar
FED_SPEAKER_2025_09_22_TIGHT,FED_SPEAKER,2025-09-22,12:00:00,America/New_York,TIGHT,-60,10,"MES.v.0,MNQ.v.0,ES.v.0,NQ.v.0,ZN.v.0,ZB.v.0,RTY.v.0",50,Fed,https://www.federalreserve.gov/newsevents/speeches.htm,2018-01-01,FED_SPEAKER from release calendar
FED_SPEAKER_2025_09_23_TIGHT,FED_SPEAKER,2025-09-23,12:00:00,America/New_York,TIGHT,-60,10,"MES.v.0,MNQ.v.0,ES.v.0,NQ.v.0,ZN.v.0,ZB.v.0,RTY.v.0",50,Fed,https://www.federalreserve.gov/newsevents/speeches.htm,2018-01-01,FED_SPEAKER from release calendar
FED_SPEAKER_2025_09_25_TIGHT,FED_SPEAKER,2025-09-25,12:00:00,America/New_York,TIGHT,-60,10,"MES.v.0,MNQ.v.0,ES.v.0,NQ.v.0,ZN.v.0,ZB.v.0,RTY.v.0",50,Fed,https://www.federalreserve.gov/newsevents/speeches.htm,2018-01-01,FED_SPEAKER from release calendar
FED_SPEAKER_2025_09_26_TIGHT,FED_SPEAKER,2025-09-26,12:00:00,America/New_York,TIGHT,-60,10,"MES.v.0,MNQ.v.0,ES.v.0,NQ.v.0,ZN.v.0,ZB.v.0,RTY.v.0",50,Fed,https://www.federalreserve.gov/newsevents/speeches.htm,2018-01-01,FED_SPEAKER from release calendar
FED_SPEAKER_2025_09_29_TIGHT,FED_SPEAKER,2025-09-29,12:00:00,America/New_York,TIGHT,-60,10,"MES.v.0,MNQ.v.0,ES.v.0,NQ.v.0,ZN.v.0,ZB.v.0,RTY.v.0",50,Fed,https://www.federalreserve.gov/newsevents/speeches.htm,2018-01-01,FED_SPEAKER from release calendar
FED_SPEAKER_2025_09_30_TIGHT,FED_SPEAKER,2025-09-30,12:00:00,America/New_York,TIGHT,-60,10,"MES.v.0,MNQ.v.0,ES.v.0,NQ.v.0,ZN.v.0,ZB.v.0,RTY.v.0",50,Fed,https://www.federalreserve.gov/newsevents/speeches.htm,2018-01-01,FED_SPEAKER from release calendar
FED_SPEAKER_2025_10_03_TIGHT,FED_SPEAKER,2025-10-03,12:00:00,America/New_York,TIGHT,-60,10,"MES.v.0,MNQ.v.0,ES.v.0,NQ.v.0,ZN.v.0,ZB.v.0,RTY.v.0",50,Fed,https://www.federalreserve.gov/newsevents/speeches.htm,2018-01-01,FED_SPEAKER from release calendar
FED_SPEAKER_2025_10_07_TIGHT,FED_SPEAKER,2025-10-07,12:00:00,America/New_York,TIGHT,-60,10,"MES.v.0,MNQ.v.0,ES.v.0,NQ.v.0,ZN.v.0,ZB.v.0,RTY.v.0",50,Fed,https://www.federalreserve.gov/newsevents/speeches.htm,2018-01-01,FED_SPEAKER from release calendar
FED_SPEAKER_2025_10_08_TIGHT,FED_SPEAKER,2025-10-08,12:00:00,America/New_York,TIGHT,-60,10,"MES.v.0,MNQ.v.0,ES.v.0,NQ.v.0,ZN.v.0,ZB.v.0,RTY.v.0",50,Fed,https://www.federalreserve.gov/newsevents/speeches.htm,2018-01-01,FED_SPEAKER from release calendar
FED_SPEAKER_2025_10_09_TIGHT,FED_SPEAKER,2025-10-09,12:00:00,America/New_York,TIGHT,-60,10,"MES.v.0,MNQ.v.0,ES.v.0,NQ.v.0,ZN.v.0,ZB.v.0,RTY.v.0",50,Fed,https://www.federalreserve.gov/newsevents/speeches.htm,2018-01-01,FED_SPEAKER from release calendar
FED_SPEAKER_2025_10_14_TIGHT,FED_SPEAKER,2025-10-14,12:00:00,America/New_York,TIGHT,-60,10,"MES.v.0,MNQ.v.0,ES.v.0,NQ.v.0,ZN.v.0,ZB.v.0,RTY.v.0",50,Fed,https://www.federalreserve.gov/newsevents/speeches.htm,2018-01-01,FED_SPEAKER from release calendar
FED_SPEAKER_2025_10_15_TIGHT,FED_SPEAKER,2025-10-15,12:00:00,America/New_York,TIGHT,-60,10,"MES.v.0,MNQ.v.0,ES.v.0,NQ.v.0,ZN.v.0,ZB.v.0,RTY.v.0",50,Fed,https://www.federalreserve.gov/newsevents/speeches.htm,2018-01-01,FED_SPEAKER from release calendar
FED_SPEAKER_2025_10_16_TIGHT,FED_SPEAKER,2025-10-16,12:00:00,America/New_York,TIGHT,-60,10,"MES.v.0,MNQ.v.0,ES.v.0,NQ.v.0,ZN.v.0,ZB.v.0,RTY.v.0",50,Fed,https://www.federalreserve.gov/newsevents/speeches.htm,2018-01-01,FED_SPEAKER from release calendar
FED_SPEAKER_2025_10_21_TIGHT,FED_SPEAKER,2025-10-21,12:00:00,America/New_York,TIGHT,-60,10,"MES.v.0,MNQ.v.0,ES.v.0,NQ.v.0,ZN.v.0,ZB.v.0,RTY.v.0",50,Fed,https://www.federalreserve.gov/newsevents/speeches.htm,2018-01-01,FED_SPEAKER from release calendar
FED_SPEAKER_2025_10_22_TIGHT,FED_SPEAKER,2025-10-22,12:00:00,America/New_York,TIGHT,-60,10,"MES.v.0,MNQ.v.0,ES.v.0,NQ.v.0,ZN.v.0,ZB.v.0,RTY.v.0",50,Fed,https://www.federalreserve.gov/newsevents/speeches.htm,2018-01-01,FED_SPEAKER from release calendar
FED_SPEAKER_2025_10_23_TIGHT,FED_SPEAKER,2025-10-23,12:00:00,America/New_York,TIGHT,-60,10,"MES.v.0,MNQ.v.0,ES.v.0,NQ.v.0,ZN.v.0,ZB.v.0,RTY.v.0",50,Fed,https://www.federalreserve.gov/newsevents/speeches.htm,2018-01-01,FED_SPEAKER from release calendar
FED_SPEAKER_2025_10_30_TIGHT,FED_SPEAKER,2025-10-30,12:00:00,America/New_York,TIGHT,-60,10,"MES.v.0,MNQ.v.0,ES.v.0,NQ.v.0,ZN.v.0,ZB.v.0,RTY.v.0",50,Fed,https://www.federalreserve.gov/newsevents/speeches.htm,2018-01-01,FED_SPEAKER from release calendar
FED_SPEAKER_2025_11_03_TIGHT,FED_SPEAKER,2025-11-03,12:00:00,America/New_York,TIGHT,-60,10,"MES.v.0,MNQ.v.0,ES.v.0,NQ.v.0,ZN.v.0,ZB.v.0,RTY.v.0",50,Fed,https://www.federalreserve.gov/newsevents/speeches.htm,2018-01-01,FED_SPEAKER from release calendar
FED_SPEAKER_2025_11_07_TIGHT,FED_SPEAKER,2025-11-07,12:00:00,America/New_York,TIGHT,-60,10,"MES.v.0,MNQ.v.0,ES.v.0,NQ.v.0,ZN.v.0,ZB.v.0,RTY.v.0",50,Fed,https://www.federalreserve.gov/newsevents/speeches.htm,2018-01-01,FED_SPEAKER from release calendar
FED_SPEAKER_2025_11_11_TIGHT,FED_SPEAKER,2025-11-11,12:00:00,America/New_York,TIGHT,-60,10,"MES.v.0,MNQ.v.0,ES.v.0,NQ.v.0,ZN.v.0,ZB.v.0,RTY.v.0",50,Fed,https://www.federalreserve.gov/newsevents/speeches.htm,2018-01-01,FED_SPEAKER from release calendar
FED_SPEAKER_2025_11_17_TIGHT,FED_SPEAKER,2025-11-17,12:00:00,America/New_York,TIGHT,-60,10,"MES.v.0,MNQ.v.0,ES.v.0,NQ.v.0,ZN.v.0,ZB.v.0,RTY.v.0",50,Fed,https://www.federalreserve.gov/newsevents/speeches.htm,2018-01-01,FED_SPEAKER from release calendar
FED_SPEAKER_2025_11_18_TIGHT,FED_SPEAKER,2025-11-18,12:00:00,America/New_York,TIGHT,-60,10,"MES.v.0,MNQ.v.0,ES.v.0,NQ.v.0,ZN.v.0,ZB.v.0,RTY.v.0",50,Fed,https://www.federalreserve.gov/newsevents/speeches.htm,2018-01-01,FED_SPEAKER from release calendar
FED_SPEAKER_2025_11_19_TIGHT,FED_SPEAKER,2025-11-19,12:00:00,America/New_York,TIGHT,-60,10,"MES.v.0,MNQ.v.0,ES.v.0,NQ.v.0,ZN.v.0,ZB.v.0,RTY.v.0",50,Fed,https://www.federalreserve.gov/newsevents/speeches.htm,2018-01-01,FED_SPEAKER from release calendar
FED_SPEAKER_2025_11_20_TIGHT,FED_SPEAKER,2025-11-20,12:00:00,America/New_York,TIGHT,-60,10,"MES.v.0,MNQ.v.0,ES.v.0,NQ.v.0,ZN.v.0,ZB.v.0,RTY.v.0",50,Fed,https://www.federalreserve.gov/newsevents/speeches.htm,2018-01-01,FED_SPEAKER from release calendar
FED_SPEAKER_2025_11_21_TIGHT,FED_SPEAKER,2025-11-21,12:00:00,America/New_York,TIGHT,-60,10,"MES.v.0,MNQ.v.0,ES.v.0,NQ.v.0,ZN.v.0,ZB.v.0,RTY.v.0",50,Fed,https://www.federalreserve.gov/newsevents/speeches.htm,2018-01-01,FED_SPEAKER from release calendar
FED_SPEAKER_2025_12_01_TIGHT,FED_SPEAKER,2025-12-01,12:00:00,America/New_York,TIGHT,-60,10,"MES.v.0,MNQ.v.0,ES.v.0,NQ.v.0,ZN.v.0,ZB.v.0,RTY.v.0",50,Fed,https://www.federalreserve.gov/newsevents/speeches.htm,2018-01-01,FED_SPEAKER from release calendar
FED_SPEAKER_2025_12_15_TIGHT,FED_SPEAKER,2025-12-15,12:00:00,America/New_York,TIGHT,-60,10,"MES.v.0,MNQ.v.0,ES.v.0,NQ.v.0,ZN.v.0,ZB.v.0,RTY.v.0",50,Fed,https://www.federalreserve.gov/newsevents/speeches.htm,2018-01-01,FED_SPEAKER from release calendar
FOMC_MINUTES_2021_01_27_TIGHT,FOMC_MINUTES,2021-01-27,14:00:00,America/New_York,TIGHT,-60,10,"MES.v.0,MNQ.v.0,ES.v.0,NQ.v.0,ZN.v.0,ZB.v.0,RTY.v.0",30,Fed,https://www.federalreserve.gov/monetarypolicy/fomccalendars.htm,2018-01-01,FOMC_MINUTES from release calendar
FOMC_MINUTES_2021_03_17_TIGHT,FOMC_MINUTES,2021-03-17,14:00:00,America/New_York,TIGHT,-60,10,"MES.v.0,MNQ.v.0,ES.v.0,NQ.v.0,ZN.v.0,ZB.v.0,RTY.v.0",30,Fed,https://www.federalreserve.gov/monetarypolicy/fomccalendars.htm,2018-01-01,FOMC_MINUTES from release calendar
FOMC_MINUTES_2021_04_28_TIGHT,FOMC_MINUTES,2021-04-28,14:00:00,America/New_York,TIGHT,-60,10,"MES.v.0,MNQ.v.0,ES.v.0,NQ.v.0,ZN.v.0,ZB.v.0,RTY.v.0",30,Fed,https://www.federalreserve.gov/monetarypolicy/fomccalendars.htm,2018-01-01,FOMC_MINUTES from release calendar
FOMC_MINUTES_2021_06_16_TIGHT,FOMC_MINUTES,2021-06-16,14:00:00,America/New_York,TIGHT,-60,10,"MES.v.0,MNQ.v.0,ES.v.0,NQ.v.0,ZN.v.0,ZB.v.0,RTY.v.0",30,Fed,https://www.federalreserve.gov/monetarypolicy/fomccalendars.htm,2018-01-01,FOMC_MINUTES from release calendar
FOMC_MINUTES_2021_07_28_TIGHT,FOMC_MINUTES,2021-07-28,14:00:00,America/New_York,TIGHT,-60,10,"MES.v.0,MNQ.v.0,ES.v.0,NQ.v.0,ZN.v.0,ZB.v.0,RTY.v.0",30,Fed,https://www.federalreserve.gov/monetarypolicy/fomccalendars.htm,2018-01-01,FOMC_MINUTES from release calendar
FOMC_MINUTES_2021_09_22_TIGHT,FOMC_MINUTES,2021-09-22,14:00:00,America/New_York,TIGHT,-60,10,"MES.v.0,MNQ.v.0,ES.v.0,NQ.v.0,ZN.v.0,ZB.v.0,RTY.v.0",30,Fed,https://www.federalreserve.gov/monetarypolicy/fomccalendars.htm,2018-01-01,FOMC_MINUTES from release calendar
FOMC_MINUTES_2021_11_03_TIGHT,FOMC_MINUTES,2021-11-03,14:00:00,America/New_York,TIGHT,-60,10,"MES.v.0,MNQ.v.0,ES.v.0,NQ.v.0,ZN.v.0,ZB.v.0,RTY.v.0",30,Fed,https://www.federalreserve.gov/monetarypolicy/fomccalendars.htm,2018-01-01,FOMC_MINUTES from release calendar
FOMC_MINUTES_2021_12_15_TIGHT,FOMC_MINUTES,2021-12-15,14:00:00,America/New_York,TIGHT,-60,10,"MES.v.0,MNQ.v.0,ES.v.0,NQ.v.0,ZN.v.0,ZB.v.0,RTY.v.0",30,Fed,https://www.federalreserve.gov/monetarypolicy/fomccalendars.htm,2018-01-01,FOMC_MINUTES from release calendar
FOMC_MINUTES_2022_01_26_TIGHT,FOMC_MINUTES,2022-01-26,14:00:00,America/New_York,TIGHT,-60,10,"MES.v.0,MNQ.v.0,ES.v.0,NQ.v.0,ZN.v.0,ZB.v.0,RTY.v.0",30,Fed,https://www.federalreserve.gov/monetarypolicy/fomccalendars.htm,2018-01-01,FOMC_MINUTES from release calendar
FOMC_MINUTES_2022_03_16_TIGHT,FOMC_MINUTES,2022-03-16,14:00:00,America/New_York,TIGHT,-60,10,"MES.v.0,MNQ.v.0,ES.v.0,NQ.v.0,ZN.v.0,ZB.v.0,RTY.v.0",30,Fed,https://www.federalreserve.gov/monetarypolicy/fomccalendars.htm,2018-01-01,FOMC_MINUTES from release calendar
FOMC_MINUTES_2022_05_04_TIGHT,FOMC_MINUTES,2022-05-04,14:00:00,America/New_York,TIGHT,-60,10,"MES.v.0,MNQ.v.0,ES.v.0,NQ.v.0,ZN.v.0,ZB.v.0,RTY.v.0",30,Fed,https://www.federalreserve.gov/monetarypolicy/fomccalendars.htm,2018-01-01,FOMC_MINUTES from release calendar
FOMC_MINUTES_2022_06_15_TIGHT,FOMC_MINUTES,2022-06-15,14:00:00,America/New_York,TIGHT,-60,10,"MES.v.0,MNQ.v.0,ES.v.0,NQ.v.0,ZN.v.0,ZB.v.0,RTY.v.0",30,Fed,https://www.federalreserve.gov/monetarypolicy/fomccalendars.htm,2018-01-01,FOMC_MINUTES from release calendar
FOMC_MINUTES_2022_07_27_TIGHT,FOMC_MINUTES,2022-07-27,14:00:00,America/New_York,TIGHT,-60,10,"MES.v.0,MNQ.v.0,ES.v.0,NQ.v.0,ZN.v.0,ZB.v.0,RTY.v.0",30,Fed,https://www.federalreserve.gov/monetarypolicy/fomccalendars.htm,2018-01-01,FOMC_MINUTES from release calendar
FOMC_MINUTES_2022_09_21_TIGHT,FOMC_MINUTES,2022-09-21,14:00:00,America/New_York,TIGHT,-60,10,"MES.v.0,MNQ.v.0,ES.v.0,NQ.v.0,ZN.v.0,ZB.v.0,RTY.v.0",30,Fed,https://www.federalreserve.gov/monetarypolicy/fomccalendars.htm,2018-01-01,FOMC_MINUTES from release calendar
FOMC_MINUTES_2022_11_02_TIGHT,FOMC_MINUTES,2022-11-02,14:00:00,America/New_York,TIGHT,-60,10,"MES.v.0,MNQ.v.0,ES.v.0,NQ.v.0,ZN.v.0,ZB.v.0,RTY.v.0",30,Fed,https://www.federalreserve.gov/monetarypolicy/fomccalendars.htm,2018-01-01,FOMC_MINUTES from release calendar
FOMC_MINUTES_2022_12_14_TIGHT,FOMC_MINUTES,2022-12-14,14:00:00,America/New_York,TIGHT,-60,10,"MES.v.0,MNQ.v.0,ES.v.0,NQ.v.0,ZN.v.0,ZB.v.0,RTY.v.0",30,Fed,https://www.federalreserve.gov/monetarypolicy/fomccalendars.htm,2018-01-01,FOMC_MINUTES from release calendar
FOMC_MINUTES_2023_02_01_TIGHT,FOMC_MINUTES,2023-02-01,14:00:00,America/New_York,TIGHT,-60,10,"MES.v.0,MNQ.v.0,ES.v.0,NQ.v.0,ZN.v.0,ZB.v.0,RTY.v.0",30,Fed,https://www.federalreserve.gov/monetarypolicy/fomccalendars.htm,2018-01-01,FOMC_MINUTES from release calendar
FOMC_MINUTES_2023_03_22_TIGHT,FOMC_MINUTES,2023-03-22,14:00:00,America/New_York,TIGHT,-60,10,"MES.v.0,MNQ.v.0,ES.v.0,NQ.v.0,ZN.v.0,ZB.v.0,RTY.v.0",30,Fed,https://www.federalreserve.gov/monetarypolicy/fomccalendars.htm,2018-01-01,FOMC_MINUTES from release calendar
FOMC_MINUTES_2023_05_03_TIGHT,FOMC_MINUTES,2023-05-03,14:00:00,America/New_York,TIGHT,-60,10,"MES.v.0,MNQ.v.0,ES.v.0,NQ.v.0,ZN.v.0,ZB.v.0,RTY.v.0",30,Fed,https://www.federalreserve.gov/monetarypolicy/fomccalendars.htm,2018-01-01,FOMC_MINUTES from release calendar
FOMC_MINUTES_2023_06_14_TIGHT,FOMC_MINUTES,2023-06-14,14:00:00,America/New_York,TIGHT,-60,10,"MES.v.0,MNQ.v.0,ES.v.0,NQ.v.0,ZN.v.0,ZB.v.0,RTY.v.0",30,Fed,https://www.federalreserve.gov/monetarypolicy/fomccalendars.htm,2018-01-01,FOMC_MINUTES from release calendar
FOMC_MINUTES_2023_07_26_TIGHT,FOMC_MINUTES,2023-07-26,14:00:00,America/New_York,TIGHT,-60,10,"MES.v.0,MNQ.v.0,ES.v.0,NQ.v.0,ZN.v.0,ZB.v.0,RTY.v.0",30,Fed,https://www.federalreserve.gov/monetarypolicy/fomccalendars.htm,2018-01-01,FOMC_MINUTES from release calendar
FOMC_MINUTES_2023_09_20_TIGHT,FOMC_MINUTES,2023-09-20,14:00:00,America/New_York,TIGHT,-60,10,"MES.v.0,MNQ.v.0,ES.v.0,NQ.v.0,ZN.v.0,ZB.v.0,RTY.v.0",30,Fed,https://www.federalreserve.gov/monetarypolicy/fomccalendars.htm,2018-01-01,FOMC_MINUTES from release calendar
FOMC_MINUTES_2023_11_01_TIGHT,FOMC_MINUTES,2023-11-01,14:00:00,America/New_York,TIGHT,-60,10,"MES.v.0,MNQ.v.0,ES.v.0,NQ.v.0,ZN.v.0,ZB.v.0,RTY.v.0",30,Fed,https://www.federalreserve.gov/monetarypolicy/fomccalendars.htm,2018-01-01,FOMC_MINUTES from release calendar
FOMC_MINUTES_2023_12_13_TIGHT,FOMC_MINUTES,2023-12-13,14:00:00,America/New_York,TIGHT,-60,10,"MES.v.0,MNQ.v.0,ES.v.0,NQ.v.0,ZN.v.0,ZB.v.0,RTY.v.0",30,Fed,https://www.federalreserve.gov/monetarypolicy/fomccalendars.htm,2018-01-01,FOMC_MINUTES from release calendar
FOMC_MINUTES_2024_01_31_TIGHT,FOMC_MINUTES,2024-01-31,14:00:00,America/New_York,TIGHT,-60,10,"MES.v.0,MNQ.v.0,ES.v.0,NQ.v.0,ZN.v.0,ZB.v.0,RTY.v.0",30,Fed,https://www.federalreserve.gov/monetarypolicy/fomccalendars.htm,2018-01-01,FOMC_MINUTES from release calendar
FOMC_MINUTES_2024_03_20_TIGHT,FOMC_MINUTES,2024-03-20,14:00:00,America/New_York,TIGHT,-60,10,"MES.v.0,MNQ.v.0,ES.v.0,NQ.v.0,ZN.v.0,ZB.v.0,RTY.v.0",30,Fed,https://www.federalreserve.gov/monetarypolicy/fomccalendars.htm,2018-01-01,FOMC_MINUTES from release calendar
FOMC_MINUTES_2024_05_01_TIGHT,FOMC_MINUTES,2024-05-01,14:00:00,America/New_York,TIGHT,-60,10,"MES.v.0,MNQ.v.0,ES.v.0,NQ.v.0,ZN.v.0,ZB.v.0,RTY.v.0",30,Fed,https://www.federalreserve.gov/monetarypolicy/fomccalendars.htm,2018-01-01,FOMC_MINUTES from release calendar
FOMC_MINUTES_2024_06_12_TIGHT,FOMC_MINUTES,2024-06-12,14:00:00,America/New_York,TIGHT,-60,10,"MES.v.0,MNQ.v.0,ES.v.0,NQ.v.0,ZN.v.0,ZB.v.0,RTY.v.0",30,Fed,https://www.federalreserve.gov/monetarypolicy/fomccalendars.htm,2018-01-01,FOMC_MINUTES from release calendar
FOMC_MINUTES_2024_07_31_TIGHT,FOMC_MINUTES,2024-07-31,14:00:00,America/New_York,TIGHT,-60,10,"MES.v.0,MNQ.v.0,ES.v.0,NQ.v.0,ZN.v.0,ZB.v.0,RTY.v.0",30,Fed,https://www.federalreserve.gov/monetarypolicy/fomccalendars.htm,2018-01-01,FOMC_MINUTES from release calendar
FOMC_MINUTES_2024_09_18_TIGHT,FOMC_MINUTES,2024-09-18,14:00:00,America/New_York,TIGHT,-60,10,"MES.v.0,MNQ.v.0,ES.v.0,NQ.v.0,ZN.v.0,ZB.v.0,RTY.v.0",30,Fed,https://www.federalreserve.gov/monetarypolicy/fomccalendars.htm,2018-01-01,FOMC_MINUTES from release calendar
FOMC_MINUTES_2024_11_07_TIGHT,FOMC_MINUTES,2024-11-07,14:00:00,America/New_York,TIGHT,-60,10,"MES.v.0,MNQ.v.0,ES.v.0,NQ.v.0,ZN.v.0,ZB.v.0,RTY.v.0",30,Fed,https://www.federalreserve.gov/monetarypolicy/fomccalendars.htm,2018-01-01,FOMC_MINUTES from release calendar
FOMC_MINUTES_2024_12_18_TIGHT,FOMC_MINUTES,2024-12-18,14:00:00,America/New_York,TIGHT,-60,10,"MES.v.0,MNQ.v.0,ES.v.0,NQ.v.0,ZN.v.0,ZB.v.0,RTY.v.0",30,Fed,https://www.federalreserve.gov/monetarypolicy/fomccalendars.htm,2018-01-01,FOMC_MINUTES from release calendar
FOMC_MINUTES_2025_01_29_TIGHT,FOMC_MINUTES,2025-01-29,14:00:00,America/New_York,TIGHT,-60,10,"MES.v.0,MNQ.v.0,ES.v.0,NQ.v.0,ZN.v.0,ZB.v.0,RTY.v.0",30,Fed,https://www.federalreserve.gov/monetarypolicy/fomccalendars.htm,2018-01-01,FOMC_MINUTES from release calendar
FOMC_MINUTES_2025_03_19_TIGHT,FOMC_MINUTES,2025-03-19,14:00:00,America/New_York,TIGHT,-60,10,"MES.v.0,MNQ.v.0,ES.v.0,NQ.v.0,ZN.v.0,ZB.v.0,RTY.v.0",30,Fed,https://www.federalreserve.gov/monetarypolicy/fomccalendars.htm,2018-01-01,FOMC_MINUTES from release calendar
FOMC_MINUTES_2025_05_07_TIGHT,FOMC_MINUTES,2025-05-07,14:00:00,America/New_York,TIGHT,-60,10,"MES.v.0,MNQ.v.0,ES.v.0,NQ.v.0,ZN.v.0,ZB.v.0,RTY.v.0",30,Fed,https://www.federalreserve.gov/monetarypolicy/fomccalendars.htm,2018-01-01,FOMC_MINUTES from release calendar
FOMC_MINUTES_2025_06_18_TIGHT,FOMC_MINUTES,2025-06-18,14:00:00,America/New_York,TIGHT,-60,10,"MES.v.0,MNQ.v.0,ES.v.0,NQ.v.0,ZN.v.0,ZB.v.0,RTY.v.0",30,Fed,https://www.federalreserve.gov/monetarypolicy/fomccalendars.htm,2018-01-01,FOMC_MINUTES from release calendar
FOMC_MINUTES_2025_07_30_TIGHT,FOMC_MINUTES,2025-07-30,14:00:00,America/New_York,TIGHT,-60,10,"MES.v.0,MNQ.v.0,ES.v.0,NQ.v.0,ZN.v.0,ZB.v.0,RTY.v.0",30,Fed,https://www.federalreserve.gov/monetarypolicy/fomccalendars.htm,2018-01-01,FOMC_MINUTES from release calendar
FOMC_MINUTES_2025_09_17_TIGHT,FOMC_MINUTES,2025-09-17,14:00:00,America/New_York,TIGHT,-60,10,"MES.v.0,MNQ.v.0,ES.v.0,NQ.v.0,ZN.v.0,ZB.v.0,RTY.v.0",30,Fed,https://www.federalreserve.gov/monetarypolicy/fomccalendars.htm,2018-01-01,FOMC_MINUTES from release calendar
FOMC_MINUTES_2025_10_29_TIGHT,FOMC_MINUTES,2025-10-29,14:00:00,America/New_York,TIGHT,-60,10,"MES.v.0,MNQ.v.0,ES.v.0,NQ.v.0,ZN.v.0,ZB.v.0,RTY.v.0",30,Fed,https://www.federalreserve.gov/monetarypolicy/fomccalendars.htm,2018-01-01,FOMC_MINUTES from release calendar
FOMC_MINUTES_2025_12_10_TIGHT,FOMC_MINUTES,2025-12-10,14:00:00,America/New_York,TIGHT,-60,10,"MES.v.0,MNQ.v.0,ES.v.0,NQ.v.0,ZN.v.0,ZB.v.0,RTY.v.0",30,Fed,https://www.federalreserve.gov/monetarypolicy/fomccalendars.htm,2018-01-01,FOMC_MINUTES from release calendar
FOMC_PRESS_2021_01_27_TIGHT,FOMC_PRESS,2021-01-27,14:30:00,America/New_York,TIGHT,-60,10,"MES.v.0,MNQ.v.0,ES.v.0,NQ.v.0,ZN.v.0,ZB.v.0,RTY.v.0",5,Fed,https://www.federalreserve.gov/monetarypolicy/fomccalendars.htm,2018-01-01,FOMC_PRESS from release calendar
FOMC_PRESS_2021_04_28_TIGHT,FOMC_PRESS,2021-04-28,14:30:00,America/New_York,TIGHT,-60,10,"MES.v.0,MNQ.v.0,ES.v.0,NQ.v.0,ZN.v.0,ZB.v.0,RTY.v.0",5,Fed,https://www.federalreserve.gov/monetarypolicy/fomccalendars.htm,2018-01-01,FOMC_PRESS from release calendar
FOMC_PRESS_2021_07_28_TIGHT,FOMC_PRESS,2021-07-28,14:30:00,America/New_York,TIGHT,-60,10,"MES.v.0,MNQ.v.0,ES.v.0,NQ.v.0,ZN.v.0,ZB.v.0,RTY.v.0",5,Fed,https://www.federalreserve.gov/monetarypolicy/fomccalendars.htm,2018-01-01,FOMC_PRESS from release calendar
FOMC_PRESS_2021_11_03_TIGHT,FOMC_PRESS,2021-11-03,14:30:00,America/New_York,TIGHT,-60,10,"MES.v.0,MNQ.v.0,ES.v.0,NQ.v.0,ZN.v.0,ZB.v.0,RTY.v.0",5,Fed,https://www.federalreserve.gov/monetarypolicy/fomccalendars.htm,2018-01-01,FOMC_PRESS from release calendar
FOMC_PRESS_2022_01_26_TIGHT,FOMC_PRESS,2022-01-26,14:30:00,America/New_York,TIGHT,-60,10,"MES.v.0,MNQ.v.0,ES.v.0,NQ.v.0,ZN.v.0,ZB.v.0,RTY.v.0",5,Fed,https://www.federalreserve.gov/monetarypolicy/fomccalendars.htm,2018-01-01,FOMC_PRESS from release calendar
FOMC_PRESS_2022_05_04_TIGHT,FOMC_PRESS,2022-05-04,14:30:00,America/New_York,TIGHT,-60,10,"MES.v.0,MNQ.v.0,ES.v.0,NQ.v.0,ZN.v.0,ZB.v.0,RTY.v.0",5,Fed,https://www.federalreserve.gov/monetarypolicy/fomccalendars.htm,2018-01-01,FOMC_PRESS from release calendar
FOMC_PRESS_2022_07_27_TIGHT,FOMC_PRESS,2022-07-27,14:30:00,America/New_York,TIGHT,-60,10,"MES.v.0,MNQ.v.0,ES.v.0,NQ.v.0,ZN.v.0,ZB.v.0,RTY.v.0",5,Fed,https://www.federalreserve.gov/monetarypolicy/fomccalendars.htm,2018-01-01,FOMC_PRESS from release calendar
FOMC_PRESS_2022_11_02_TIGHT,FOMC_PRESS,2022-11-02,14:30:00,America/New_York,TIGHT,-60,10,"MES.v.0,MNQ.v.0,ES.v.0,NQ.v.0,ZN.v.0,ZB.v.0,RTY.v.0",5,Fed,https://www.federalreserve.gov/monetarypolicy/fomccalendars.htm,2018-01-01,FOMC_PRESS from release calendar
FOMC_PRESS_2023_02_01_TIGHT,FOMC_PRESS,2023-02-01,14:30:00,America/New_York,TIGHT,-60,10,"MES.v.0,MNQ.v.0,ES.v.0,NQ.v.0,ZN.v.0,ZB.v.0,RTY.v.0",5,Fed,https://www.federalreserve.gov/monetarypolicy/fomccalendars.htm,2018-01-01,FOMC_PRESS from release calendar
FOMC_PRESS_2023_05_03_TIGHT,FOMC_PRESS,2023-05-03,14:30:00,America/New_York,TIGHT,-60,10,"MES.v.0,MNQ.v.0,ES.v.0,NQ.v.0,ZN.v.0,ZB.v.0,RTY.v.0",5,Fed,https://www.federalreserve.gov/monetarypolicy/fomccalendars.htm,2018-01-01,FOMC_PRESS from release calendar
FOMC_PRESS_2023_07_26_TIGHT,FOMC_PRESS,2023-07-26,14:30:00,America/New_York,TIGHT,-60,10,"MES.v.0,MNQ.v.0,ES.v.0,NQ.v.0,ZN.v.0,ZB.v.0,RTY.v.0",5,Fed,https://www.federalreserve.gov/monetarypolicy/fomccalendars.htm,2018-01-01,FOMC_PRESS from release calendar
FOMC_PRESS_2023_11_01_TIGHT,FOMC_PRESS,2023-11-01,14:30:00,America/New_York,TIGHT,-60,10,"MES.v.0,MNQ.v.0,ES.v.0,NQ.v.0,ZN.v.0,ZB.v.0,RTY.v.0",5,Fed,https://www.federalreserve.gov/monetarypolicy/fomccalendars.htm,2018-01-01,FOMC_PRESS from release calendar
FOMC_PRESS_2024_01_31_TIGHT,FOMC_PRESS,2024-01-31,14:30:00,America/New_York,TIGHT,-60,10,"MES.v.0,MNQ.v.0,ES.v.0,NQ.v.0,ZN.v.0,ZB.v.0,RTY.v.0",5,Fed,https://www.federalreserve.gov/monetarypolicy/fomccalendars.htm,2018-01-01,FOMC_PRESS from release calendar
FOMC_PRESS_2024_05_01_TIGHT,FOMC_PRESS,2024-05-01,14:30:00,America/New_York,TIGHT,-60,10,"MES.v.0,MNQ.v.0,ES.v.0,NQ.v.0,ZN.v.0,ZB.v.0,RTY.v.0",5,Fed,https://www.federalreserve.gov/monetarypolicy/fomccalendars.htm,2018-01-01,FOMC_PRESS from release calendar
FOMC_PRESS_2024_07_31_TIGHT,FOMC_PRESS,2024-07-31,14:30:00,America/New_York,TIGHT,-60,10,"MES.v.0,MNQ.v.0,ES.v.0,NQ.v.0,ZN.v.0,ZB.v.0,RTY.v.0",5,Fed,https://www.federalreserve.gov/monetarypolicy/fomccalendars.htm,2018-01-01,FOMC_PRESS from release calendar
FOMC_PRESS_2024_11_07_TIGHT,FOMC_PRESS,2024-11-07,14:30:00,America/New_York,TIGHT,-60,10,"MES.v.0,MNQ.v.0,ES.v.0,NQ.v.0,ZN.v.0,ZB.v.0,RTY.v.0",5,Fed,https://www.federalreserve.gov/monetarypolicy/fomccalendars.htm,2018-01-01,FOMC_PRESS from release calendar
FOMC_PRESS_2025_01_29_TIGHT,FOMC_PRESS,2025-01-29,14:30:00,America/New_York,TIGHT,-60,10,"MES.v.0,MNQ.v.0,ES.v.0,NQ.v.0,ZN.v.0,ZB.v.0,RTY.v.0",5,Fed,https://www.federalreserve.gov/monetarypolicy/fomccalendars.htm,2018-01-01,FOMC_PRESS from release calendar
FOMC_PRESS_2025_05_07_TIGHT,FOMC_PRESS,2025-05-07,14:30:00,America/New_York,TIGHT,-60,10,"MES.v.0,MNQ.v.0,ES.v.0,NQ.v.0,ZN.v.0,ZB.v.0,RTY.v.0",5,Fed,https://www.federalreserve.gov/monetarypolicy/fomccalendars.htm,2018-01-01,FOMC_PRESS from release calendar
FOMC_PRESS_2025_07_30_TIGHT,FOMC_PRESS,2025-07-30,14:30:00,America/New_York,TIGHT,-60,10,"MES.v.0,MNQ.v.0,ES.v.0,NQ.v.0,ZN.v.0,ZB.v.0,RTY.v.0",5,Fed,https://www.federalreserve.gov/monetarypolicy/fomccalendars.htm,2018-01-01,FOMC_PRESS from release calendar
FOMC_PRESS_2025_09_17_TIGHT,FOMC_PRESS,2025-09-17,14:30:00,America/New_York,TIGHT,-60,10,"MES.v.0,MNQ.v.0,ES.v.0,NQ.v.0,ZN.v.0,ZB.v.0,RTY.v.0",5,Fed,https://www.federalreserve.gov/monetarypolicy/fomccalendars.htm,2018-01-01,FOMC_PRESS from release calendar
FOMC_PRESS_2025_12_10_TIGHT,FOMC_PRESS,2025-12-10,14:30:00,America/New_York,TIGHT,-60,10,"MES.v.0,MNQ.v.0,ES.v.0,NQ.v.0,ZN.v.0,ZB.v.0,RTY.v.0",5,Fed,https://www.federalreserve.gov/monetarypolicy/fomccalendars.htm,2018-01-01,FOMC_PRESS from release calendar
FOMC_STATEMENT_2021_01_27_TIGHT,FOMC_STATEMENT,2021-01-27,14:00:00,America/New_York,TIGHT,-60,10,"MES.v.0,MNQ.v.0,ES.v.0,NQ.v.0,ZN.v.0,ZB.v.0,RTY.v.0",10,Fed,https://www.federalreserve.gov/monetarypolicy/fomccalendars.htm,2018-01-01,FOMC_STATEMENT from release calendar
FOMC_STATEMENT_2021_03_17_TIGHT,FOMC_STATEMENT,2021-03-17,14:00:00,America/New_York,TIGHT,-60,10,"MES.v.0,MNQ.v.0,ES.v.0,NQ.v.0,ZN.v.0,ZB.v.0,RTY.v.0",10,Fed,https://www.federalreserve.gov/monetarypolicy/fomccalendars.htm,2018-01-01,FOMC_STATEMENT from release calendar
FOMC_STATEMENT_2021_04_28_TIGHT,FOMC_STATEMENT,2021-04-28,14:00:00,America/New_York,TIGHT,-60,10,"MES.v.0,MNQ.v.0,ES.v.0,NQ.v.0,ZN.v.0,ZB.v.0,RTY.v.0",10,Fed,https://www.federalreserve.gov/monetarypolicy/fomccalendars.htm,2018-01-01,FOMC_STATEMENT from release calendar
FOMC_STATEMENT_2021_06_16_TIGHT,FOMC_STATEMENT,2021-06-16,14:00:00,America/New_York,TIGHT,-60,10,"MES.v.0,MNQ.v.0,ES.v.0,NQ.v.0,ZN.v.0,ZB.v.0,RTY.v.0",10,Fed,https://www.federalreserve.gov/monetarypolicy/fomccalendars.htm,2018-01-01,FOMC_STATEMENT from release calendar
FOMC_STATEMENT_2021_07_28_TIGHT,FOMC_STATEMENT,2021-07-28,14:00:00,America/New_York,TIGHT,-60,10,"MES.v.0,MNQ.v.0,ES.v.0,NQ.v.0,ZN.v.0,ZB.v.0,RTY.v.0",10,Fed,https://www.federalreserve.gov/monetarypolicy/fomccalendars.htm,2018-01-01,FOMC_STATEMENT from release calendar
FOMC_STATEMENT_2021_09_22_TIGHT,FOMC_STATEMENT,2021-09-22,14:00:00,America/New_York,TIGHT,-60,10,"MES.v.0,MNQ.v.0,ES.v.0,NQ.v.0,ZN.v.0,ZB.v.0,RTY.v.0",10,Fed,https://www.federalreserve.gov/monetarypolicy/fomccalendars.htm,2018-01-01,FOMC_STATEMENT from release calendar
FOMC_STATEMENT_2021_11_03_TIGHT,FOMC_STATEMENT,2021-11-03,14:00:00,America/New_York,TIGHT,-60,10,"MES.v.0,MNQ.v.0,ES.v.0,NQ.v.0,ZN.v.0,ZB.v.0,RTY.v.0",10,Fed,https://www.federalreserve.gov/monetarypolicy/fomccalendars.htm,2018-01-01,FOMC_STATEMENT from release calendar
FOMC_STATEMENT_2021_12_15_TIGHT,FOMC_STATEMENT,2021-12-15,14:00:00,America/New_York,TIGHT,-60,10,"MES.v.0,MNQ.v.0,ES.v.0,NQ.v.0,ZN.v.0,ZB.v.0,RTY.v.0",10,Fed,https://www.federalreserve.gov/monetarypolicy/fomccalendars.htm,2018-01-01,FOMC_STATEMENT from release calendar
FOMC_STATEMENT_2022_01_26_TIGHT,FOMC_STATEMENT,2022-01-26,14:00:00,America/New_York,TIGHT,-60,10,"MES.v.0,MNQ.v.0,ES.v.0,NQ.v.0,ZN.v.0,ZB.v.0,RTY.v.0",10,Fed,https://www.federalreserve.gov/monetarypolicy/fomccalendars.htm,2018-01-01,FOMC_STATEMENT from release calendar
FOMC_STATEMENT_2022_03_16_TIGHT,FOMC_STATEMENT,2022-03-16,14:00:00,America/New_York,TIGHT,-60,10,"MES.v.0,MNQ.v.0,ES.v.0,NQ.v.0,ZN.v.0,ZB.v.0,RTY.v.0",10,Fed,https://www.federalreserve.gov/monetarypolicy/fomccalendars.htm,2018-01-01,FOMC_STATEMENT from release calendar
FOMC_STATEMENT_2022_05_04_TIGHT,FOMC_STATEMENT,2022-05-04,14:00:00,America/New_York,TIGHT,-60,10,"MES.v.0,MNQ.v.0,ES.v.0,NQ.v.0,ZN.v.0,ZB.v.0,RTY.v.0",10,Fed,https://www.federalreserve.gov/monetarypolicy/fomccalendars.htm,2018-01-01,FOMC_STATEMENT from release calendar
FOMC_STATEMENT_2022_06_15_TIGHT,FOMC_STATEMENT,2022-06-15,14:00:00,America/New_York,TIGHT,-60,10,"MES.v.0,MNQ.v.0,ES.v.0,NQ.v.0,ZN.v.0,ZB.v.0,RTY.v.0",10,Fed,https://www.federalreserve.gov/monetarypolicy/fomccalendars.htm,2018-01-01,FOMC_STATEMENT from release calendar
FOMC_STATEMENT_2022_07_27_TIGHT,FOMC_STATEMENT,2022-07-27,14:00:00,America/New_York,TIGHT,-60,10,"MES.v.0,MNQ.v.0,ES.v.0,NQ.v.0,ZN.v.0,ZB.v.0,RTY.v.0",10,Fed,https://www.federalreserve.gov/monetarypolicy/fomccalendars.htm,2018-01-01,FOMC_STATEMENT from release calendar
FOMC_STATEMENT_2022_09_21_TIGHT,FOMC_STATEMENT,2022-09-21,14:00:00,America/New_York,TIGHT,-60,10,"MES.v.0,MNQ.v.0,ES.v.0,NQ.v.0,ZN.v.0,ZB.v.0,RTY.v.0",10,Fed,https://www.federalreserve.gov/monetarypolicy/fomccalendars.htm,2018-01-01,FOMC_STATEMENT from release calendar
FOMC_STATEMENT_2022_11_02_TIGHT,FOMC_STATEMENT,2022-11-02,14:00:00,America/New_York,TIGHT,-60,10,"MES.v.0,MNQ.v.0,ES.v.0,NQ.v.0,ZN.v.0,ZB.v.0,RTY.v.0",10,Fed,https://www.federalreserve.gov/monetarypolicy/fomccalendars.htm,2018-01-01,FOMC_STATEMENT from release calendar
FOMC_STATEMENT_2022_12_14_TIGHT,FOMC_STATEMENT,2022-12-14,14:00:00,America/New_York,TIGHT,-60,10,"MES.v.0,MNQ.v.0,ES.v.0,NQ.v.0,ZN.v.0,ZB.v.0,RTY.v.0",10,Fed,https://www.federalreserve.gov/monetarypolicy/fomccalendars.htm,2018-01-01,FOMC_STATEMENT from release calendar
FOMC_STATEMENT_2023_02_01_TIGHT,FOMC_STATEMENT,2023-02-01,14:00:00,America/New_York,TIGHT,-60,10,"MES.v.0,MNQ.v.0,ES.v.0,NQ.v.0,ZN.v.0,ZB.v.0,RTY.v.0",10,Fed,https://www.federalreserve.gov/monetarypolicy/fomccalendars.htm,2018-01-01,FOMC_STATEMENT from release calendar
FOMC_STATEMENT_2023_03_22_TIGHT,FOMC_STATEMENT,2023-03-22,14:00:00,America/New_York,TIGHT,-60,10,"MES.v.0,MNQ.v.0,ES.v.0,NQ.v.0,ZN.v.0,ZB.v.0,RTY.v.0",10,Fed,https://www.federalreserve.gov/monetarypolicy/fomccalendars.htm,2018-01-01,FOMC_STATEMENT from release calendar
FOMC_STATEMENT_2023_05_03_TIGHT,FOMC_STATEMENT,2023-05-03,14:00:00,America/New_York,TIGHT,-60,10,"MES.v.0,MNQ.v.0,ES.v.0,NQ.v.0,ZN.v.0,ZB.v.0,RTY.v.0",10,Fed,https://www.federalreserve.gov/monetarypolicy/fomccalendars.htm,2018-01-01,FOMC_STATEMENT from release calendar
FOMC_STATEMENT_2023_06_14_TIGHT,FOMC_STATEMENT,2023-06-14,14:00:00,America/New_York,TIGHT,-60,10,"MES.v.0,MNQ.v.0,ES.v.0,NQ.v.0,ZN.v.0,ZB.v.0,RTY.v.0",10,Fed,https://www.federalreserve.gov/monetarypolicy/fomccalendars.htm,2018-01-01,FOMC_STATEMENT from release calendar
FOMC_STATEMENT_2023_07_26_TIGHT,FOMC_STATEMENT,2023-07-26,14:00:00,America/New_York,TIGHT,-60,10,"MES.v.0,MNQ.v.0,ES.v.0,NQ.v.0,ZN.v.0,ZB.v.0,RTY.v.0",10,Fed,https://www.federalreserve.gov/monetarypolicy/fomccalendars.htm,2018-01-01,FOMC_STATEMENT from release calendar
FOMC_STATEMENT_2023_09_20_TIGHT,FOMC_STATEMENT,2023-09-20,14:00:00,America/New_York,TIGHT,-60,10,"MES.v.0,MNQ.v.0,ES.v.0,NQ.v.0,ZN.v.0,ZB.v.0,RTY.v.0",10,Fed,https://www.federalreserve.gov/monetarypolicy/fomccalendars.htm,2018-01-01,FOMC_STATEMENT from release calendar
FOMC_STATEMENT_2023_11_01_TIGHT,FOMC_STATEMENT,2023-11-01,14:00:00,America/New_York,TIGHT,-60,10,"MES.v.0,MNQ.v.0,ES.v.0,NQ.v.0,ZN.v.0,ZB.v.0,RTY.v.0",10,Fed,https://www.federalreserve.gov/monetarypolicy/fomccalendars.htm,2018-01-01,FOMC_STATEMENT from release calendar
FOMC_STATEMENT_2023_12_13_TIGHT,FOMC_STATEMENT,2023-12-13,14:00:00,America/New_York,TIGHT,-60,10,"MES.v.0,MNQ.v.0,ES.v.0,NQ.v.0,ZN.v.0,ZB.v.0,RTY.v.0",10,Fed,https://www.federalreserve.gov/monetarypolicy/fomccalendars.htm,2018-01-01,FOMC_STATEMENT from release calendar
FOMC_STATEMENT_2024_01_31_TIGHT,FOMC_STATEMENT,2024-01-31,14:00:00,America/New_York,TIGHT,-60,10,"MES.v.0,MNQ.v.0,ES.v.0,NQ.v.0,ZN.v.0,ZB.v.0,RTY.v.0",10,Fed,https://www.federalreserve.gov/monetarypolicy/fomccalendars.htm,2018-01-01,FOMC_STATEMENT from release calendar
FOMC_STATEMENT_2024_03_20_TIGHT,FOMC_STATEMENT,2024-03-20,14:00:00,America/New_York,TIGHT,-60,10,"MES.v.0,MNQ.v.0,ES.v.0,NQ.v.0,ZN.v.0,ZB.v.0,RTY.v.0",10,Fed,https://www.federalreserve.gov/monetarypolicy/fomccalendars.htm,2018-01-01,FOMC_STATEMENT from release calendar
FOMC_STATEMENT_2024_05_01_TIGHT,FOMC_STATEMENT,2024-05-01,14:00:00,America/New_York,TIGHT,-60,10,"MES.v.0,MNQ.v.0,ES.v.0,NQ.v.0,ZN.v.0,ZB.v.0,RTY.v.0",10,Fed,https://www.federalreserve.gov/monetarypolicy/fomccalendars.htm,2018-01-01,FOMC_STATEMENT from release calendar
FOMC_STATEMENT_2024_06_12_TIGHT,FOMC_STATEMENT,2024-06-12,14:00:00,America/New_York,TIGHT,-60,10,"MES.v.0,MNQ.v.0,ES.v.0,NQ.v.0,ZN.v.0,ZB.v.0,RTY.v.0",10,Fed,https://www.federalreserve.gov/monetarypolicy/fomccalendars.htm,2018-01-01,FOMC_STATEMENT from release calendar
FOMC_STATEMENT_2024_07_31_TIGHT,FOMC_STATEMENT,2024-07-31,14:00:00,America/New_York,TIGHT,-60,10,"MES.v.0,MNQ.v.0,ES.v.0,NQ.v.0,ZN.v.0,ZB.v.0,RTY.v.0",10,Fed,https://www.federalreserve.gov/monetarypolicy/fomccalendars.htm,2018-01-01,FOMC_STATEMENT from release calendar
FOMC_STATEMENT_2024_09_18_TIGHT,FOMC_STATEMENT,2024-09-18,14:00:00,America/New_York,TIGHT,-60,10,"MES.v.0,MNQ.v.0,ES.v.0,NQ.v.0,ZN.v.0,ZB.v.0,RTY.v.0",10,Fed,https://www.federalreserve.gov/monetarypolicy/fomccalendars.htm,2018-01-01,FOMC_STATEMENT from release calendar
FOMC_STATEMENT_2024_11_07_TIGHT,FOMC_STATEMENT,2024-11-07,14:00:00,America/New_York,TIGHT,-60,10,"MES.v.0,MNQ.v.0,ES.v.0,NQ.v.0,ZN.v.0,ZB.v.0,RTY.v.0",10,Fed,https://www.federalreserve.gov/monetarypolicy/fomccalendars.htm,2018-01-01,FOMC_STATEMENT from release calendar
FOMC_STATEMENT_2024_12_18_TIGHT,FOMC_STATEMENT,2024-12-18,14:00:00,America/New_York,TIGHT,-60,10,"MES.v.0,MNQ.v.0,ES.v.0,NQ.v.0,ZN.v.0,ZB.v.0,RTY.v.0",10,Fed,https://www.federalreserve.gov/monetarypolicy/fomccalendars.htm,2018-01-01,FOMC_STATEMENT from release calendar
FOMC_STATEMENT_2025_01_29_TIGHT,FOMC_STATEMENT,2025-01-29,14:00:00,America/New_York,TIGHT,-60,10,"MES.v.0,MNQ.v.0,ES.v.0,NQ.v.0,ZN.v.0,ZB.v.0,RTY.v.0",10,Fed,https://www.federalreserve.gov/monetarypolicy/fomccalendars.htm,2018-01-01,FOMC_STATEMENT from release calendar
FOMC_STATEMENT_2025_03_19_TIGHT,FOMC_STATEMENT,2025-03-19,14:00:00,America/New_York,TIGHT,-60,10,"MES.v.0,MNQ.v.0,ES.v.0,NQ.v.0,ZN.v.0,ZB.v.0,RTY.v.0",10,Fed,https://www.federalreserve.gov/monetarypolicy/fomccalendars.htm,2018-01-01,FOMC_STATEMENT from release calendar
FOMC_STATEMENT_2025_05_07_TIGHT,FOMC_STATEMENT,2025-05-07,14:00:00,America/New_York,TIGHT,-60,10,"MES.v.0,MNQ.v.0,ES.v.0,NQ.v.0,ZN.v.0,ZB.v.0,RTY.v.0",10,Fed,https://www.federalreserve.gov/monetarypolicy/fomccalendars.htm,2018-01-01,FOMC_STATEMENT from release calendar
FOMC_STATEMENT_2025_06_18_TIGHT,FOMC_STATEMENT,2025-06-18,14:00:00,America/New_York,TIGHT,-60,10,"MES.v.0,MNQ.v.0,ES.v.0,NQ.v.0,ZN.v.0,ZB.v.0,RTY.v.0",10,Fed,https://www.federalreserve.gov/monetarypolicy/fomccalendars.htm,2018-01-01,FOMC_STATEMENT from release calendar
FOMC_STATEMENT_2025_07_30_TIGHT,FOMC_STATEMENT,2025-07-30,14:00:00,America/New_York,TIGHT,-60,10,"MES.v.0,MNQ.v.0,ES.v.0,NQ.v.0,ZN.v.0,ZB.v.0,RTY.v.0",10,Fed,https://www.federalreserve.gov/monetarypolicy/fomccalendars.htm,2018-01-01,FOMC_STATEMENT from release calendar
FOMC_STATEMENT_2025_09_17_TIGHT,FOMC_STATEMENT,2025-09-17,14:00:00,America/New_York,TIGHT,-60,10,"MES.v.0,MNQ.v.0,ES.v.0,NQ.v.0,ZN.v.0,ZB.v.0,RTY.v.0",10,Fed,https://www.federalreserve.gov/monetarypolicy/fomccalendars.htm,2018-01-01,FOMC_STATEMENT from release calendar
FOMC_STATEMENT_2025_10_29_TIGHT,FOMC_STATEMENT,2025-10-29,14:00:00,America/New_York,TIGHT,-60,10,"MES.v.0,MNQ.v.0,ES.v.0,NQ.v.0,ZN.v.0,ZB.v.0,RTY.v.0",10,Fed,https://www.federalreserve.gov/monetarypolicy/fomccalendars.htm,2018-01-01,FOMC_STATEMENT from release calendar
FOMC_STATEMENT_2025_12_10_TIGHT,FOMC_STATEMENT,2025-12-10,14:00:00,America/New_York,TIGHT,-60,10,"MES.v.0,MNQ.v.0,ES.v.0,NQ.v.0,ZN.v.0,ZB.v.0,RTY.v.0",10,Fed,https://www.federalreserve.gov/monetarypolicy/fomccalendars.htm,2018-01-01,FOMC_STATEMENT from release calendar
INDUSTRIAL_PRODUCTION_2018_01_17_TIGHT,INDUSTRIAL_PRODUCTION,2018-01-17,09:15:00,America/New_York,TIGHT,-60,10,"MES.v.0,MNQ.v.0,ES.v.0,NQ.v.0,ZN.v.0,ZB.v.0,RTY.v.0",50,Fed,https://www.federalreserve.gov/releases/g17/,2018-01-01,INDUSTRIAL_PRODUCTION from release calendar
INDUSTRIAL_PRODUCTION_2018_02_15_TIGHT,INDUSTRIAL_PRODUCTION,2018-02-15,09:15:00,America/New_York,TIGHT,-60,10,"MES.v.0,MNQ.v.0,ES.v.0,NQ.v.0,ZN.v.0,ZB.v.0,RTY.v.0",50,Fed,https://www.federalreserve.gov/releases/g17/,2018-01-01,INDUSTRIAL_PRODUCTION from release calendar
INDUSTRIAL_PRODUCTION_2018_03_16_TIGHT,INDUSTRIAL_PRODUCTION,2018-03-16,09:15:00,America/New_York,TIGHT,-60,10,"MES.v.0,MNQ.v.0,ES.v.0,NQ.v.0,ZN.v.0,ZB.v.0,RTY.v.0",50,Fed,https://www.federalreserve.gov/releases/g17/,2018-01-01,INDUSTRIAL_PRODUCTION from release calendar
INDUSTRIAL_PRODUCTION_2018_03_23_TIGHT,INDUSTRIAL_PRODUCTION,2018-03-23,09:15:00,America/New_York,TIGHT,-60,10,"MES.v.0,MNQ.v.0,ES.v.0,NQ.v.0,ZN.v.0,ZB.v.0,RTY.v.0",50,Fed,https://www.federalreserve.gov/releases/g17/,2018-01-01,INDUSTRIAL_PRODUCTION from release calendar
INDUSTRIAL_PRODUCTION_2018_04_17_TIGHT,INDUSTRIAL_PRODUCTION,2018-04-17,09:15:00,America/New_York,TIGHT,-60,10,"MES.v.0,MNQ.v.0,ES.v.0,NQ.v.0,ZN.v.0,ZB.v.0,RTY.v.0",50,Fed,https://www.federalreserve.gov/releases/g17/,2018-01-01,INDUSTRIAL_PRODUCTION from release calendar
INDUSTRIAL_PRODUCTION_2018_05_16_TIGHT,INDUSTRIAL_PRODUCTION,2018-05-16,09:15:00,America/New_York,TIGHT,-60,10,"MES.v.0,MNQ.v.0,ES.v.0,NQ.v.0,ZN.v.0,ZB.v.0,RTY.v.0",50,Fed,https://www.federalreserve.gov/releases/g17/,2018-01-01,INDUSTRIAL_PRODUCTION from release calendar
INDUSTRIAL_PRODUCTION_2018_06_15_TIGHT,INDUSTRIAL_PRODUCTION,2018-06-15,09:15:00,America/New_York,TIGHT,-60,10,"MES.v.0,MNQ.v.0,ES.v.0,NQ.v.0,ZN.v.0,ZB.v.0,RTY.v.0",50,Fed,https://www.federalreserve.gov/releases/g17/,2018-01-01,INDUSTRIAL_PRODUCTION from release calendar
INDUSTRIAL_PRODUCTION_2018_07_17_TIGHT,INDUSTRIAL_PRODUCTION,2018-07-17,09:15:00,America/New_York,TIGHT,-60,10,"MES.v.0,MNQ.v.0,ES.v.0,NQ.v.0,ZN.v.0,ZB.v.0,RTY.v.0",50,Fed,https://www.federalreserve.gov/releases/g17/,2018-01-01,INDUSTRIAL_PRODUCTION from release calendar
INDUSTRIAL_PRODUCTION_2018_08_15_TIGHT,INDUSTRIAL_PRODUCTION,2018-08-15,09:15:00,America/New_York,TIGHT,-60,10,"MES.v.0,MNQ.v.0,ES.v.0,NQ.v.0,ZN.v.0,ZB.v.0,RTY.v.0",50,Fed,https://www.federalreserve.gov/releases/g17/,2018-01-01,INDUSTRIAL_PRODUCTION from release calendar
INDUSTRIAL_PRODUCTION_2018_09_14_TIGHT,INDUSTRIAL_PRODUCTION,2018-09-14,09:15:00,America/New_York,TIGHT,-60,10,"MES.v.0,MNQ.v.0,ES.v.0,NQ.v.0,ZN.v.0,ZB.v.0,RTY.v.0",50,Fed,https://www.federalreserve.gov/releases/g17/,2018-01-01,INDUSTRIAL_PRODUCTION from release calendar
INDUSTRIAL_PRODUCTION_2018_10_16_TIGHT,INDUSTRIAL_PRODUCTION,2018-10-16,09:15:00,America/New_York,TIGHT,-60,10,"MES.v.0,MNQ.v.0,ES.v.0,NQ.v.0,ZN.v.0,ZB.v.0,RTY.v.0",50,Fed,https://www.federalreserve.gov/releases/g17/,2018-01-01,INDUSTRIAL_PRODUCTION from release calendar
INDUSTRIAL_PRODUCTION_2018_11_16_TIGHT,INDUSTRIAL_PRODUCTION,2018-11-16,09:15:00,America/New_York,TIGHT,-60,10,"MES.v.0,MNQ.v.0,ES.v.0,NQ.v.0,ZN.v.0,ZB.v.0,RTY.v.0",50,Fed,https://www.federalreserve.gov/releases/g17/,2018-01-01,INDUSTRIAL_PRODUCTION from release calendar
INDUSTRIAL_PRODUCTION_2018_12_14_TIGHT,INDUSTRIAL_PRODUCTION,2018-12-14,09:15:00,America/New_York,TIGHT,-60,10,"MES.v.0,MNQ.v.0,ES.v.0,NQ.v.0,ZN.v.0,ZB.v.0,RTY.v.0",50,Fed,https://www.federalreserve.gov/releases/g17/,2018-01-01,INDUSTRIAL_PRODUCTION from release calendar
INDUSTRIAL_PRODUCTION_2019_01_18_TIGHT,INDUSTRIAL_PRODUCTION,2019-01-18,09:15:00,America/New_York,TIGHT,-60,10,"MES.v.0,MNQ.v.0,ES.v.0,NQ.v.0,ZN.v.0,ZB.v.0,RTY.v.0",50,Fed,https://www.federalreserve.gov/releases/g17/,2018-01-01,INDUSTRIAL_PRODUCTION from release calendar
INDUSTRIAL_PRODUCTION_2019_02_15_TIGHT,INDUSTRIAL_PRODUCTION,2019-02-15,09:15:00,America/New_York,TIGHT,-60,10,"MES.v.0,MNQ.v.0,ES.v.0,NQ.v.0,ZN.v.0,ZB.v.0,RTY.v.0",50,Fed,https://www.federalreserve.gov/releases/g17/,2018-01-01,INDUSTRIAL_PRODUCTION from release calendar
INDUSTRIAL_PRODUCTION_2019_03_15_TIGHT,INDUSTRIAL_PRODUCTION,2019-03-15,09:15:00,America/New_York,TIGHT,-60,10,"MES.v.0,MNQ.v.0,ES.v.0,NQ.v.0,ZN.v.0,ZB.v.0,RTY.v.0",50,Fed,https://www.federalreserve.gov/releases/g17/,2018-01-01,INDUSTRIAL_PRODUCTION from release calendar
INDUSTRIAL_PRODUCTION_2019_03_27_TIGHT,INDUSTRIAL_PRODUCTION,2019-03-27,09:15:00,America/New_York,TIGHT,-60,10,"MES.v.0,MNQ.v.0,ES.v.0,NQ.v.0,ZN.v.0,ZB.v.0,RTY.v.0",50,Fed,https://www.federalreserve.gov/releases/g17/,2018-01-01,INDUSTRIAL_PRODUCTION from release calendar
INDUSTRIAL_PRODUCTION_2019_04_16_TIGHT,INDUSTRIAL_PRODUCTION,2019-04-16,09:15:00,America/New_York,TIGHT,-60,10,"MES.v.0,MNQ.v.0,ES.v.0,NQ.v.0,ZN.v.0,ZB.v.0,RTY.v.0",50,Fed,https://www.federalreserve.gov/releases/g17/,2018-01-01,INDUSTRIAL_PRODUCTION from release calendar
INDUSTRIAL_PRODUCTION_2019_05_15_TIGHT,INDUSTRIAL_PRODUCTION,2019-05-15,09:15:00,America/New_York,TIGHT,-60,10,"MES.v.0,MNQ.v.0,ES.v.0,NQ.v.0,ZN.v.0,ZB.v.0,RTY.v.0",50,Fed,https://www.federalreserve.gov/releases/g17/,2018-01-01,INDUSTRIAL_PRODUCTION from release calendar
INDUSTRIAL_PRODUCTION_2019_06_14_TIGHT,INDUSTRIAL_PRODUCTION,2019-06-14,09:15:00,America/New_York,TIGHT,-60,10,"MES.v.0,MNQ.v.0,ES.v.0,NQ.v.0,ZN.v.0,ZB.v.0,RTY.v.0",50,Fed,https://www.federalreserve.gov/releases/g17/,2018-01-01,INDUSTRIAL_PRODUCTION from release calendar
INDUSTRIAL_PRODUCTION_2019_07_16_TIGHT,INDUSTRIAL_PRODUCTION,2019-07-16,09:15:00,America/New_York,TIGHT,-60,10,"MES.v.0,MNQ.v.0,ES.v.0,NQ.v.0,ZN.v.0,ZB.v.0,RTY.v.0",50,Fed,https://www.federalreserve.gov/releases/g17/,2018-01-01,INDUSTRIAL_PRODUCTION from release calendar
INDUSTRIAL_PRODUCTION_2019_08_15_TIGHT,INDUSTRIAL_PRODUCTION,2019-08-15,09:15:00,America/New_York,TIGHT,-60,10,"MES.v.0,MNQ.v.0,ES.v.0,NQ.v.0,ZN.v.0,ZB.v.0,RTY.v.0",50,Fed,https://www.federalreserve.gov/releases/g17/,2018-01-01,INDUSTRIAL_PRODUCTION from release calendar
INDUSTRIAL_PRODUCTION_2019_09_17_TIGHT,INDUSTRIAL_PRODUCTION,2019-09-17,09:15:00,America/New_York,TIGHT,-60,10,"MES.v.0,MNQ.v.0,ES.v.0,NQ.v.0,ZN.v.0,ZB.v.0,RTY.v.0",50,Fed,https://www.federalreserve.gov/releases/g17/,2018-01-01,INDUSTRIAL_PRODUCTION from release calendar
INDUSTRIAL_PRODUCTION_2019_10_17_TIGHT,INDUSTRIAL_PRODUCTION,2019-10-17,09:15:00,America/New_York,TIGHT,-60,10,"MES.v.0,MNQ.v.0,ES.v.0,NQ.v.0,ZN.v.0,ZB.v.0,RTY.v.0",50,Fed,https://www.federalreserve.gov/releases/g17/,2018-01-01,INDUSTRIAL_PRODUCTION from release calendar
INDUSTRIAL_PRODUCTION_2019_11_15_TIGHT,INDUSTRIAL_PRODUCTION,2019-11-15,09:15:00,America/New_York,TIGHT,-60,10,"MES.v.0,MNQ.v.0,ES.v.0,NQ.v.0,ZN.v.0,ZB.v.0,RTY.v.0",50,Fed,https://www.federalreserve.gov/releases/g17/,2018-01-01,INDUSTRIAL_PRODUCTION from release calendar
INDUSTRIAL_PRODUCTION_2019_12_17_TIGHT,INDUSTRIAL_PRODUCTION,2019-12-17,09:15:00,America/New_York,TIGHT,-60,10,"MES.v.0,MNQ.v.0,ES.v.0,NQ.v.0,ZN.v.0,ZB.v.0,RTY.v.0",50,Fed,https://www.federalreserve.gov/releases/g17/,2018-01-01,INDUSTRIAL_PRODUCTION from release calendar
INDUSTRIAL_PRODUCTION_2020_01_17_TIGHT,INDUSTRIAL_PRODUCTION,2020-01-17,09:15:00,America/New_York,TIGHT,-60,10,"MES.v.0,MNQ.v.0,ES.v.0,NQ.v.0,ZN.v.0,ZB.v.0,RTY.v.0",50,Fed,https://www.federalreserve.gov/releases/g17/,2018-01-01,INDUSTRIAL_PRODUCTION from release calendar
INDUSTRIAL_PRODUCTION_2020_02_14_TIGHT,INDUSTRIAL_PRODUCTION,2020-02-14,09:15:00,America/New_York,TIGHT,-60,10,"MES.v.0,MNQ.v.0,ES.v.0,NQ.v.0,ZN.v.0,ZB.v.0,RTY.v.0",50,Fed,https://www.federalreserve.gov/releases/g17/,2018-01-01,INDUSTRIAL_PRODUCTION from release calendar
INDUSTRIAL_PRODUCTION_2020_03_17_TIGHT,INDUSTRIAL_PRODUCTION,2020-03-17,09:15:00,America/New_York,TIGHT,-60,10,"MES.v.0,MNQ.v.0,ES.v.0,NQ.v.0,ZN.v.0,ZB.v.0,RTY.v.0",50,Fed,https://www.federalreserve.gov/releases/g17/,2018-01-01,INDUSTRIAL_PRODUCTION from release calendar
INDUSTRIAL_PRODUCTION_2020_04_15_TIGHT,INDUSTRIAL_PRODUCTION,2020-04-15,09:15:00,America/New_York,TIGHT,-60,10,"MES.v.0,MNQ.v.0,ES.v.0,NQ.v.0,ZN.v.0,ZB.v.0,RTY.v.0",50,Fed,https://www.federalreserve.gov/releases/g17/,2018-01-01,INDUSTRIAL_PRODUCTION from release calendar
INDUSTRIAL_PRODUCTION_2020_05_15_TIGHT,INDUSTRIAL_PRODUCTION,2020-05-15,09:15:00,America/New_York,TIGHT,-60,10,"MES.v.0,MNQ.v.0,ES.v.0,NQ.v.0,ZN.v.0,ZB.v.0,RTY.v.0",50,Fed,https://www.federalreserve.gov/releases/g17/,2018-01-01,INDUSTRIAL_PRODUCTION from release calendar
INDUSTRIAL_PRODUCTION_2020_06_16_TIGHT,INDUSTRIAL_PRODUCTION,2020-06-16,09:15:00,America/New_York,TIGHT,-60,10,"MES.v.0,MNQ.v.0,ES.v.0,NQ.v.0,ZN.v.0,ZB.v.0,RTY.v.0",50,Fed,https://www.federalreserve.gov/releases/g17/,2018-01-01,INDUSTRIAL_PRODUCTION from release calendar
INDUSTRIAL_PRODUCTION_2020_07_15_TIGHT,INDUSTRIAL_PRODUCTION,2020-07-15,09:15:00,America/New_York,TIGHT,-60,10,"MES.v.0,MNQ.v.0,ES.v.0,NQ.v.0,ZN.v.0,ZB.v.0,RTY.v.0",50,Fed,https://www.federalreserve.gov/releases/g17/,2018-01-01,INDUSTRIAL_PRODUCTION from release calendar
INDUSTRIAL_PRODUCTION_2020_08_14_TIGHT,INDUSTRIAL_PRODUCTION,2020-08-14,09:15:00,America/New_York,TIGHT,-60,10,"MES.v.0,MNQ.v.0,ES.v.0,NQ.v.0,ZN.v.0,ZB.v.0,RTY.v.0",50,Fed,https://www.federalreserve.gov/releases/g17/,2018-01-01,INDUSTRIAL_PRODUCTION from release calendar
INDUSTRIAL_PRODUCTION_2020_09_15_TIGHT,INDUSTRIAL_PRODUCTION,2020-09-15,09:15:00,America/New_York,TIGHT,-60,10,"MES.v.0,MNQ.v.0,ES.v.0,NQ.v.0,ZN.v.0,ZB.v.0,RTY.v.0",50,Fed,https://www.federalreserve.gov/releases/g17/,2018-01-01,INDUSTRIAL_PRODUCTION from release calendar
INDUSTRIAL_PRODUCTION_2020_10_16_TIGHT,INDUSTRIAL_PRODUCTION,2020-10-16,09:15:00,America/New_York,TIGHT,-60,10,"MES.v.0,MNQ.v.0,ES.v.0,NQ.v.0,ZN.v.0,ZB.v.0,RTY.v.0",50,Fed,https://www.federalreserve.gov/releases/g17/,2018-01-01,INDUSTRIAL_PRODUCTION from release calendar
INDUSTRIAL_PRODUCTION_2020_11_17_TIGHT,INDUSTRIAL_PRODUCTION,2020-11-17,09:15:00,America/New_York,TIGHT,-60,10,"MES.v.0,MNQ.v.0,ES.v.0,NQ.v.0,ZN.v.0,ZB.v.0,RTY.v.0",50,Fed,https://www.federalreserve.gov/releases/g17/,2018-01-01,INDUSTRIAL_PRODUCTION from release calendar
INDUSTRIAL_PRODUCTION_2020_12_15_TIGHT,INDUSTRIAL_PRODUCTION,2020-12-15,09:15:00,America/New_York,TIGHT,-60,10,"MES.v.0,MNQ.v.0,ES.v.0,NQ.v.0,ZN.v.0,ZB.v.0,RTY.v.0",50,Fed,https://www.federalreserve.gov/releases/g17/,2018-01-01,INDUSTRIAL_PRODUCTION from release calendar
INDUSTRIAL_PRODUCTION_2021_01_15_TIGHT,INDUSTRIAL_PRODUCTION,2021-01-15,09:15:00,America/New_York,TIGHT,-60,10,"MES.v.0,MNQ.v.0,ES.v.0,NQ.v.0,ZN.v.0,ZB.v.0,RTY.v.0",50,Fed,https://www.federalreserve.gov/releases/g17/,2018-01-01,INDUSTRIAL_PRODUCTION from release calendar
INDUSTRIAL_PRODUCTION_2021_02_17_TIGHT,INDUSTRIAL_PRODUCTION,2021-02-17,09:15:00,America/New_York,TIGHT,-60,10,"MES.v.0,MNQ.v.0,ES.v.0,NQ.v.0,ZN.v.0,ZB.v.0,RTY.v.0",50,Fed,https://www.federalreserve.gov/releases/g17/,2018-01-01,INDUSTRIAL_PRODUCTION from release calendar
INDUSTRIAL_PRODUCTION_2021_03_16_TIGHT,INDUSTRIAL_PRODUCTION,2021-03-16,09:15:00,America/New_York,TIGHT,-60,10,"MES.v.0,MNQ.v.0,ES.v.0,NQ.v.0,ZN.v.0,ZB.v.0,RTY.v.0",50,Fed,https://www.federalreserve.gov/releases/g17/,2018-01-01,INDUSTRIAL_PRODUCTION from release calendar
INDUSTRIAL_PRODUCTION_2021_04_15_TIGHT,INDUSTRIAL_PRODUCTION,2021-04-15,09:15:00,America/New_York,TIGHT,-60,10,"MES.v.0,MNQ.v.0,ES.v.0,NQ.v.0,ZN.v.0,ZB.v.0,RTY.v.0",50,Fed,https://www.federalreserve.gov/releases/g17/,2018-01-01,INDUSTRIAL_PRODUCTION from release calendar
INDUSTRIAL_PRODUCTION_2021_05_14_TIGHT,INDUSTRIAL_PRODUCTION,2021-05-14,09:15:00,America/New_York,TIGHT,-60,10,"MES.v.0,MNQ.v.0,ES.v.0,NQ.v.0,ZN.v.0,ZB.v.0,RTY.v.0",50,Fed,https://www.federalreserve.gov/releases/g17/,2018-01-01,INDUSTRIAL_PRODUCTION from release calendar
INDUSTRIAL_PRODUCTION_2021_05_28_TIGHT,INDUSTRIAL_PRODUCTION,2021-05-28,09:15:00,America/New_York,TIGHT,-60,10,"MES.v.0,MNQ.v.0,ES.v.0,NQ.v.0,ZN.v.0,ZB.v.0,RTY.v.0",50,Fed,https://www.federalreserve.gov/releases/g17/,2018-01-01,INDUSTRIAL_PRODUCTION from release calendar
INDUSTRIAL_PRODUCTION_2021_06_15_TIGHT,INDUSTRIAL_PRODUCTION,2021-06-15,09:15:00,America/New_York,TIGHT,-60,10,"MES.v.0,MNQ.v.0,ES.v.0,NQ.v.0,ZN.v.0,ZB.v.0,RTY.v.0",50,Fed,https://www.federalreserve.gov/releases/g17/,2018-01-01,INDUSTRIAL_PRODUCTION from release calendar
INDUSTRIAL_PRODUCTION_2021_07_15_TIGHT,INDUSTRIAL_PRODUCTION,2021-07-15,09:15:00,America/New_York,TIGHT,-60,10,"MES.v.0,MNQ.v.0,ES.v.0,NQ.v.0,ZN.v.0,ZB.v.0,RTY.v.0",50,Fed,https://www.federalreserve.gov/releases/g17/,2018-01-01,INDUSTRIAL_PRODUCTION from release calendar
INDUSTRIAL_PRODUCTION_2021_08_17_TIGHT,INDUSTRIAL_PRODUCTION,2021-08-17,09:15:00,America/New_York,TIGHT,-60,10,"MES.v.0,MNQ.v.0,ES.v.0,NQ.v.0,ZN.v.0,ZB.v.0,RTY.v.0",50,Fed,https://www.federalreserve.gov/releases/g17/,2018-01-01,INDUSTRIAL_PRODUCTION from release calendar
INDUSTRIAL_PRODUCTION_2021_09_15_TIGHT,INDUSTRIAL_PRODUCTION,2021-09-15,09:15:00,America/New_York,TIGHT,-60,10,"MES.v.0,MNQ.v.0,ES.v.0,NQ.v.0,ZN.v.0,ZB.v.0,RTY.v.0",50,Fed,https://www.federalreserve.gov/releases/g17/,2018-01-01,INDUSTRIAL_PRODUCTION from release calendar
INDUSTRIAL_PRODUCTION_2021_10_18_TIGHT,INDUSTRIAL_PRODUCTION,2021-10-18,09:15:00,America/New_York,TIGHT,-60,10,"MES.v.0,MNQ.v.0,ES.v.0,NQ.v.0,ZN.v.0,ZB.v.0,RTY.v.0",50,Fed,https://www.federalreserve.gov/releases/g17/,2018-01-01,INDUSTRIAL_PRODUCTION from release calendar
INDUSTRIAL_PRODUCTION_2021_11_16_TIGHT,INDUSTRIAL_PRODUCTION,2021-11-16,09:15:00,America/New_York,TIGHT,-60,10,"MES.v.0,MNQ.v.0,ES.v.0,NQ.v.0,ZN.v.0,ZB.v.0,RTY.v.0",50,Fed,https://www.federalreserve.gov/releases/g17/,2018-01-01,INDUSTRIAL_PRODUCTION from release calendar
INDUSTRIAL_PRODUCTION_2021_12_16_TIGHT,INDUSTRIAL_PRODUCTION,2021-12-16,09:15:00,America/New_York,TIGHT,-60,10,"MES.v.0,MNQ.v.0,ES.v.0,NQ.v.0,ZN.v.0,ZB.v.0,RTY.v.0",50,Fed,https://www.federalreserve.gov/releases/g17/,2018-01-01,INDUSTRIAL_PRODUCTION from release calendar
INDUSTRIAL_PRODUCTION_2022_01_14_TIGHT,INDUSTRIAL_PRODUCTION,2022-01-14,09:15:00,America/New_York,TIGHT,-60,10,"MES.v.0,MNQ.v.0,ES.v.0,NQ.v.0,ZN.v.0,ZB.v.0,RTY.v.0",50,Fed,https://www.federalreserve.gov/releases/g17/,2018-01-01,INDUSTRIAL_PRODUCTION from release calendar
INDUSTRIAL_PRODUCTION_2022_02_16_TIGHT,INDUSTRIAL_PRODUCTION,2022-02-16,09:15:00,America/New_York,TIGHT,-60,10,"MES.v.0,MNQ.v.0,ES.v.0,NQ.v.0,ZN.v.0,ZB.v.0,RTY.v.0",50,Fed,https://www.federalreserve.gov/releases/g17/,2018-01-01,INDUSTRIAL_PRODUCTION from release calendar
INDUSTRIAL_PRODUCTION_2022_03_17_TIGHT,INDUSTRIAL_PRODUCTION,2022-03-17,09:15:00,America/New_York,TIGHT,-60,10,"MES.v.0,MNQ.v.0,ES.v.0,NQ.v.0,ZN.v.0,ZB.v.0,RTY.v.0",50,Fed,https://www.federalreserve.gov/releases/g17/,2018-01-01,INDUSTRIAL_PRODUCTION from release calendar
INDUSTRIAL_PRODUCTION_2022_04_15_TIGHT,INDUSTRIAL_PRODUCTION,2022-04-15,09:15:00,America/New_York,TIGHT,-60,10,"MES.v.0,MNQ.v.0,ES.v.0,NQ.v.0,ZN.v.0,ZB.v.0,RTY.v.0",50,Fed,https://www.federalreserve.gov/releases/g17/,2018-01-01,INDUSTRIAL_PRODUCTION from release calendar
INDUSTRIAL_PRODUCTION_2022_05_17_TIGHT,INDUSTRIAL_PRODUCTION,2022-05-17,09:15:00,America/New_York,TIGHT,-60,10,"MES.v.0,MNQ.v.0,ES.v.0,NQ.v.0,ZN.v.0,ZB.v.0,RTY.v.0",50,Fed,https://www.federalreserve.gov/releases/g17/,2018-01-01,INDUSTRIAL_PRODUCTION from release calendar
INDUSTRIAL_PRODUCTION_2022_06_17_TIGHT,INDUSTRIAL_PRODUCTION,2022-06-17,09:15:00,America/New_York,TIGHT,-60,10,"MES.v.0,MNQ.v.0,ES.v.0,NQ.v.0,ZN.v.0,ZB.v.0,RTY.v.0",50,Fed,https://www.federalreserve.gov/releases/g17/,2018-01-01,INDUSTRIAL_PRODUCTION from release calendar
INDUSTRIAL_PRODUCTION_2022_06_28_TIGHT,INDUSTRIAL_PRODUCTION,2022-06-28,09:15:00,America/New_York,TIGHT,-60,10,"MES.v.0,MNQ.v.0,ES.v.0,NQ.v.0,ZN.v.0,ZB.v.0,RTY.v.0",50,Fed,https://www.federalreserve.gov/releases/g17/,2018-01-01,INDUSTRIAL_PRODUCTION from release calendar
INDUSTRIAL_PRODUCTION_2022_07_15_TIGHT,INDUSTRIAL_PRODUCTION,2022-07-15,09:15:00,America/New_York,TIGHT,-60,10,"MES.v.0,MNQ.v.0,ES.v.0,NQ.v.0,ZN.v.0,ZB.v.0,RTY.v.0",50,Fed,https://www.federalreserve.gov/releases/g17/,2018-01-01,INDUSTRIAL_PRODUCTION from release calendar
INDUSTRIAL_PRODUCTION_2022_08_16_TIGHT,INDUSTRIAL_PRODUCTION,2022-08-16,09:15:00,America/New_York,TIGHT,-60,10,"MES.v.0,MNQ.v.0,ES.v.0,NQ.v.0,ZN.v.0,ZB.v.0,RTY.v.0",50,Fed,https://www.federalreserve.gov/releases/g17/,2018-01-01,INDUSTRIAL_PRODUCTION from release calendar
INDUSTRIAL_PRODUCTION_2022_09_15_TIGHT,INDUSTRIAL_PRODUCTION,2022-09-15,09:15:00,America/New_York,TIGHT,-60,10,"MES.v.0,MNQ.v.0,ES.v.0,NQ.v.0,ZN.v.0,ZB.v.0,RTY.v.0",50,Fed,https://www.federalreserve.gov/releases/g17/,2018-01-01,INDUSTRIAL_PRODUCTION from release calendar
INDUSTRIAL_PRODUCTION_2022_10_18_TIGHT,INDUSTRIAL_PRODUCTION,2022-10-18,09:15:00,America/New_York,TIGHT,-60,10,"MES.v.0,MNQ.v.0,ES.v.0,NQ.v.0,ZN.v.0,ZB.v.0,RTY.v.0",50,Fed,https://www.federalreserve.gov/releases/g17/,2018-01-01,INDUSTRIAL_PRODUCTION from release calendar
INDUSTRIAL_PRODUCTION_2022_11_16_TIGHT,INDUSTRIAL_PRODUCTION,2022-11-16,09:15:00,America/New_York,TIGHT,-60,10,"MES.v.0,MNQ.v.0,ES.v.0,NQ.v.0,ZN.v.0,ZB.v.0,RTY.v.0",50,Fed,https://www.federalreserve.gov/releases/g17/,2018-01-01,INDUSTRIAL_PRODUCTION from release calendar
INDUSTRIAL_PRODUCTION_2022_12_15_TIGHT,INDUSTRIAL_PRODUCTION,2022-12-15,09:15:00,America/New_York,TIGHT,-60,10,"MES.v.0,MNQ.v.0,ES.v.0,NQ.v.0,ZN.v.0,ZB.v.0,RTY.v.0",50,Fed,https://www.federalreserve.gov/releases/g17/,2018-01-01,INDUSTRIAL_PRODUCTION from release calendar
INDUSTRIAL_PRODUCTION_2023_01_18_TIGHT,INDUSTRIAL_PRODUCTION,2023-01-18,09:15:00,America/New_York,TIGHT,-60,10,"MES.v.0,MNQ.v.0,ES.v.0,NQ.v.0,ZN.v.0,ZB.v.0,RTY.v.0",50,Fed,https://www.federalreserve.gov/releases/g17/,2018-01-01,INDUSTRIAL_PRODUCTION from release calendar
INDUSTRIAL_PRODUCTION_2023_02_15_TIGHT,INDUSTRIAL_PRODUCTION,2023-02-15,09:15:00,America/New_York,TIGHT,-60,10,"MES.v.0,MNQ.v.0,ES.v.0,NQ.v.0,ZN.v.0,ZB.v.0,RTY.v.0",50,Fed,https://www.federalreserve.gov/releases/g17/,2018-01-01,INDUSTRIAL_PRODUCTION from release calendar
INDUSTRIAL_PRODUCTION_2023_03_17_TIGHT,INDUSTRIAL_PRODUCTION,2023-03-17,09:15:00,America/New_York,TIGHT,-60,10,"MES.v.0,MNQ.v.0,ES.v.0,NQ.v.0,ZN.v.0,ZB.v.0,RTY.v.0",50,Fed,https://www.federalreserve.gov/releases/g17/,2018-01-01,INDUSTRIAL_PRODUCTION from release calendar
INDUSTRIAL_PRODUCTION_2023_03_28_TIGHT,INDUSTRIAL_PRODUCTION,2023-03-28,09:15:00,America/New_York,TIGHT,-60,10,"MES.v.0,MNQ.v.0,ES.v.0,NQ.v.0,ZN.v.0,ZB.v.0,RTY.v.0",50,Fed,https://www.federalreserve.gov/releases/g17/,2018-01-01,INDUSTRIAL_PRODUCTION from release calendar
INDUSTRIAL_PRODUCTION_2023_04_14_TIGHT,INDUSTRIAL_PRODUCTION,2023-04-14,09:15:00,America/New_York,TIGHT,-60,10,"MES.v.0,MNQ.v.0,ES.v.0,NQ.v.0,ZN.v.0,ZB.v.0,RTY.v.0",50,Fed,https://www.federalreserve.gov/releases/g17/,2018-01-01,INDUSTRIAL_PRODUCTION from release calendar
INDUSTRIAL_PRODUCTION_2023_05_16_TIGHT,INDUSTRIAL_PRODUCTION,2023-05-16,09:15:00,America/New_York,TIGHT,-60,10,"MES.v.0,MNQ.v.0,ES.v.0,NQ.v.0,ZN.v.0,ZB.v.0,RTY.v.0",50,Fed,https://www.federalreserve.gov/releases/g17/,2018-01-01,INDUSTRIAL_PRODUCTION from release calendar
INDUSTRIAL_PRODUCTION_2023_06_15_TIGHT,INDUSTRIAL_PRODUCTION,2023-06-15,09:15:00,America/New_York,TIGHT,-60,10,"MES.v.0,MNQ.v.0,ES.v.0,NQ.v.0,ZN.v.0,ZB.v.0,RTY.v.0",50,Fed,https://www.federalreserve.gov/releases/g17/,2018-01-01,INDUSTRIAL_PRODUCTION from release calendar
INDUSTRIAL_PRODUCTION_2023_07_18_TIGHT,INDUSTRIAL_PRODUCTION,2023-07-18,09:15:00,America/New_York,TIGHT,-60,10,"MES.v.0,MNQ.v.0,ES.v.0,NQ.v.0,ZN.v.0,ZB.v.0,RTY.v.0",50,Fed,https://www.federalreserve.gov/releases/g17/,2018-01-01,INDUSTRIAL_PRODUCTION from release calendar
INDUSTRIAL_PRODUCTION_2023_08_16_TIGHT,INDUSTRIAL_PRODUCTION,2023-08-16,09:15:00,America/New_York,TIGHT,-60,10,"MES.v.0,MNQ.v.0,ES.v.0,NQ.v.0,ZN.v.0,ZB.v.0,RTY.v.0",50,Fed,https://www.federalreserve.gov/releases/g17/,2018-01-01,INDUSTRIAL_PRODUCTION from release calendar
INDUSTRIAL_PRODUCTION_2023_09_15_TIGHT,INDUSTRIAL_PRODUCTION,2023-09-15,09:15:00,America/New_York,TIGHT,-60,10,"MES.v.0,MNQ.v.0,ES.v.0,NQ.v.0,ZN.v.0,ZB.v.0,RTY.v.0",50,Fed,https://www.federalreserve.gov/releases/g17/,2018-01-01,INDUSTRIAL_PRODUCTION from release calendar
INDUSTRIAL_PRODUCTION_2023_10_17_TIGHT,INDUSTRIAL_PRODUCTION,2023-10-17,09:15:00,America/New_York,TIGHT,-60,10,"MES.v.0,MNQ.v.0,ES.v.0,NQ.v.0,ZN.v.0,ZB.v.0,RTY.v.0",50,Fed,https://www.federalreserve.gov/releases/g17/,2018-01-01,INDUSTRIAL_PRODUCTION from release calendar
INDUSTRIAL_PRODUCTION_2023_11_16_TIGHT,INDUSTRIAL_PRODUCTION,2023-11-16,09:15:00,America/New_York,TIGHT,-60,10,"MES.v.0,MNQ.v.0,ES.v.0,NQ.v.0,ZN.v.0,ZB.v.0,RTY.v.0",50,Fed,https://www.federalreserve.gov/releases/g17/,2018-01-01,INDUSTRIAL_PRODUCTION from release calendar
INDUSTRIAL_PRODUCTION_2023_12_15_TIGHT,INDUSTRIAL_PRODUCTION,2023-12-15,09:15:00,America/New_York,TIGHT,-60,10,"MES.v.0,MNQ.v.0,ES.v.0,NQ.v.0,ZN.v.0,ZB.v.0,RTY.v.0",50,Fed,https://www.federalreserve.gov/releases/g17/,2018-01-01,INDUSTRIAL_PRODUCTION from release calendar
INDUSTRIAL_PRODUCTION_2024_01_17_TIGHT,INDUSTRIAL_PRODUCTION,2024-01-17,09:15:00,America/New_York,TIGHT,-60,10,"MES.v.0,MNQ.v.0,ES.v.0,NQ.v.0,ZN.v.0,ZB.v.0,RTY.v.0",50,Fed,https://www.federalreserve.gov/releases/g17/,2018-01-01,INDUSTRIAL_PRODUCTION from release calendar
INDUSTRIAL_PRODUCTION_2024_02_15_TIGHT,INDUSTRIAL_PRODUCTION,2024-02-15,09:15:00,America/New_York,TIGHT,-60,10,"MES.v.0,MNQ.v.0,ES.v.0,NQ.v.0,ZN.v.0,ZB.v.0,RTY.v.0",50,Fed,https://www.federalreserve.gov/releases/g17/,2018-01-01,INDUSTRIAL_PRODUCTION from release calendar
INDUSTRIAL_PRODUCTION_2024_03_15_TIGHT,INDUSTRIAL_PRODUCTION,2024-03-15,09:15:00,America/New_York,TIGHT,-60,10,"MES.v.0,MNQ.v.0,ES.v.0,NQ.v.0,ZN.v.0,ZB.v.0,RTY.v.0",50,Fed,https://www.federalreserve.gov/releases/g17/,2018-01-01,INDUSTRIAL_PRODUCTION from release calendar
INDUSTRIAL_PRODUCTION_2024_04_16_TIGHT,INDUSTRIAL_PRODUCTION,2024-04-16,09:15:00,America/New_York,TIGHT,-60,10,"MES.v.0,MNQ.v.0,ES.v.0,NQ.v.0,ZN.v.0,ZB.v.0,RTY.v.0",50,Fed,https://www.federalreserve.gov/releases/g17/,2018-01-01,INDUSTRIAL_PRODUCTION from release calendar
INDUSTRIAL_PRODUCTION_2024_05_16_TIGHT,INDUSTRIAL_PRODUCTION,2024-05-16,09:15:00,America/New_York,TIGHT,-60,10,"MES.v.0,MNQ.v.0,ES.v.0,NQ.v.0,ZN.v.0,ZB.v.0,RTY.v.0",50,Fed,https://www.federalreserve.gov/releases/g17/,2018-01-01,INDUSTRIAL_PRODUCTION from release calendar
INDUSTRIAL_PRODUCTION_2024_06_18_TIGHT,INDUSTRIAL_PRODUCTION,2024-06-18,09:15:00,America/New_York,TIGHT,-60,10,"MES.v.0,MNQ.v.0,ES.v.0,NQ.v.0,ZN.v.0,ZB.v.0,RTY.v.0",50,Fed,https://www.federalreserve.gov/releases/g17/,2018-01-01,INDUSTRIAL_PRODUCTION from release calendar
INDUSTRIAL_PRODUCTION_2024_06_28_TIGHT,INDUSTRIAL_PRODUCTION,2024-06-28,09:15:00,America/New_York,TIGHT,-60,10,"MES.v.0,MNQ.v.0,ES.v.0,NQ.v.0,ZN.v.0,ZB.v.0,RTY.v.0",50,Fed,https://www.federalreserve.gov/releases/g17/,2018-01-01,INDUSTRIAL_PRODUCTION from release calendar
INDUSTRIAL_PRODUCTION_2024_07_17_TIGHT,INDUSTRIAL_PRODUCTION,2024-07-17,09:15:00,America/New_York,TIGHT,-60,10,"MES.v.0,MNQ.v.0,ES.v.0,NQ.v.0,ZN.v.0,ZB.v.0,RTY.v.0",50,Fed,https://www.federalreserve.gov/releases/g17/,2018-01-01,INDUSTRIAL_PRODUCTION from release calendar
INDUSTRIAL_PRODUCTION_2024_08_15_TIGHT,INDUSTRIAL_PRODUCTION,2024-08-15,09:15:00,America/New_York,TIGHT,-60,10,"MES.v.0,MNQ.v.0,ES.v.0,NQ.v.0,ZN.v.0,ZB.v.0,RTY.v.0",50,Fed,https://www.federalreserve.gov/releases/g17/,2018-01-01,INDUSTRIAL_PRODUCTION from release calendar
INDUSTRIAL_PRODUCTION_2024_09_17_TIGHT,INDUSTRIAL_PRODUCTION,2024-09-17,09:15:00,America/New_York,TIGHT,-60,10,"MES.v.0,MNQ.v.0,ES.v.0,NQ.v.0,ZN.v.0,ZB.v.0,RTY.v.0",50,Fed,https://www.federalreserve.gov/releases/g17/,2018-01-01,INDUSTRIAL_PRODUCTION from release calendar
INDUSTRIAL_PRODUCTION_2024_10_17_TIGHT,INDUSTRIAL_PRODUCTION,2024-10-17,09:15:00,America/New_York,TIGHT,-60,10,"MES.v.0,MNQ.v.0,ES.v.0,NQ.v.0,ZN.v.0,ZB.v.0,RTY.v.0",50,Fed,https://www.federalreserve.gov/releases/g17/,2018-01-01,INDUSTRIAL_PRODUCTION from release calendar
INDUSTRIAL_PRODUCTION_2024_11_15_TIGHT,INDUSTRIAL_PRODUCTION,2024-11-15,09:15:00,America/New_York,TIGHT,-60,10,"MES.v.0,MNQ.v.0,ES.v.0,NQ.v.0,ZN.v.0,ZB.v.0,RTY.v.0",50,Fed,https://www.federalreserve.gov/releases/g17/,2018-01-01,INDUSTRIAL_PRODUCTION from release calendar
INDUSTRIAL_PRODUCTION_2024_12_17_TIGHT,INDUSTRIAL_PRODUCTION,2024-12-17,09:15:00,America/New_York,TIGHT,-60,10,"MES.v.0,MNQ.v.0,ES.v.0,NQ.v.0,ZN.v.0,ZB.v.0,RTY.v.0",50,Fed,https://www.federalreserve.gov/releases/g17/,2018-01-01,INDUSTRIAL_PRODUCTION from release calendar
INDUSTRIAL_PRODUCTION_2025_01_17_TIGHT,INDUSTRIAL_PRODUCTION,2025-01-17,09:15:00,America/New_York,TIGHT,-60,10,"MES.v.0,MNQ.v.0,ES.v.0,NQ.v.0,ZN.v.0,ZB.v.0,RTY.v.0",50,Fed,https://www.federalreserve.gov/releases/g17/,2018-01-01,INDUSTRIAL_PRODUCTION from release calendar
INDUSTRIAL_PRODUCTION_2025_02_14_TIGHT,INDUSTRIAL_PRODUCTION,2025-02-14,09:15:00,America/New_York,TIGHT,-60,10,"MES.v.0,MNQ.v.0,ES.v.0,NQ.v.0,ZN.v.0,ZB.v.0,RTY.v.0",50,Fed,https://www.federalreserve.gov/releases/g17/,2018-01-01,INDUSTRIAL_PRODUCTION from release calendar
INDUSTRIAL_PRODUCTION_2025_03_18_TIGHT,INDUSTRIAL_PRODUCTION,2025-03-18,09:15:00,America/New_York,TIGHT,-60,10,"MES.v.0,MNQ.v.0,ES.v.0,NQ.v.0,ZN.v.0,ZB.v.0,RTY.v.0",50,Fed,https://www.federalreserve.gov/releases/g17/,2018-01-01,INDUSTRIAL_PRODUCTION from release calendar
INDUSTRIAL_PRODUCTION_2025_04_16_TIGHT,INDUSTRIAL_PRODUCTION,2025-04-16,09:15:00,America/New_York,TIGHT,-60,10,"MES.v.0,MNQ.v.0,ES.v.0,NQ.v.0,ZN.v.0,ZB.v.0,RTY.v.0",50,Fed,https://www.federalreserve.gov/releases/g17/,2018-01-01,INDUSTRIAL_PRODUCTION from release calendar
INDUSTRIAL_PRODUCTION_2025_05_15_TIGHT,INDUSTRIAL_PRODUCTION,2025-05-15,09:15:00,America/New_York,TIGHT,-60,10,"MES.v.0,MNQ.v.0,ES.v.0,NQ.v.0,ZN.v.0,ZB.v.0,RTY.v.0",50,Fed,https://www.federalreserve.gov/releases/g17/,2018-01-01,INDUSTRIAL_PRODUCTION from release calendar
INDUSTRIAL_PRODUCTION_2025_06_17_TIGHT,INDUSTRIAL_PRODUCTION,2025-06-17,09:15:00,America/New_York,TIGHT,-60,10,"MES.v.0,MNQ.v.0,ES.v.0,NQ.v.0,ZN.v.0,ZB.v.0,RTY.v.0",50,Fed,https://www.federalreserve.gov/releases/g17/,2018-01-01,INDUSTRIAL_PRODUCTION from release calendar
INDUSTRIAL_PRODUCTION_2025_07_16_TIGHT,INDUSTRIAL_PRODUCTION,2025-07-16,09:15:00,America/New_York,TIGHT,-60,10,"MES.v.0,MNQ.v.0,ES.v.0,NQ.v.0,ZN.v.0,ZB.v.0,RTY.v.0",50,Fed,https://www.federalreserve.gov/releases/g17/,2018-01-01,INDUSTRIAL_PRODUCTION from release calendar
INDUSTRIAL_PRODUCTION_2025_08_15_TIGHT,INDUSTRIAL_PRODUCTION,2025-08-15,09:15:00,America/New_York,TIGHT,-60,10,"MES.v.0,MNQ.v.0,ES.v.0,NQ.v.0,ZN.v.0,ZB.v.0,RTY.v.0",50,Fed,https://www.federalreserve.gov/releases/g17/,2018-01-01,INDUSTRIAL_PRODUCTION from release calendar
INDUSTRIAL_PRODUCTION_2025_09_16_TIGHT,INDUSTRIAL_PRODUCTION,2025-09-16,09:15:00,America/New_York,TIGHT,-60,10,"MES.v.0,MNQ.v.0,ES.v.0,NQ.v.0,ZN.v.0,ZB.v.0,RTY.v.0",50,Fed,https://www.federalreserve.gov/releases/g17/,2018-01-01,INDUSTRIAL_PRODUCTION from release calendar
INDUSTRIAL_PRODUCTION_2025_11_24_TIGHT,INDUSTRIAL_PRODUCTION,2025-11-24,09:15:00,America/New_York,TIGHT,-60,10,"MES.v.0,MNQ.v.0,ES.v.0,NQ.v.0,ZN.v.0,ZB.v.0,RTY.v.0",50,Fed,https://www.federalreserve.gov/releases/g17/,2018-01-01,INDUSTRIAL_PRODUCTION from release calendar
INDUSTRIAL_PRODUCTION_2025_12_03_TIGHT,INDUSTRIAL_PRODUCTION,2025-12-03,09:15:00,America/New_York,TIGHT,-60,10,"MES.v.0,MNQ.v.0,ES.v.0,NQ.v.0,ZN.v.0,ZB.v.0,RTY.v.0",50,Fed,https://www.federalreserve.gov/releases/g17/,2018-01-01,INDUSTRIAL_PRODUCTION from release calendar
INDUSTRIAL_PRODUCTION_2025_12_23_TIGHT,INDUSTRIAL_PRODUCTION,2025-12-23,09:15:00,America/New_York,TIGHT,-60,10,"MES.v.0,MNQ.v.0,ES.v.0,NQ.v.0,ZN.v.0,ZB.v.0,RTY.v.0",50,Fed,https://www.federalreserve.gov/releases/g17/,2018-01-01,INDUSTRIAL_PRODUCTION from release calendar
NFP_2018_01_05_TIGHT,NFP,2018-01-05,08:30:00,America/New_York,TIGHT,-60,10,"MES.v.0,MNQ.v.0,ES.v.0,NQ.v.0,ZN.v.0,ZB.v.0,RTY.v.0",50,BLS,https://www.bls.gov/schedule/news_release/empsit.htm,2018-01-01,NFP from release calendar
NFP_2018_02_02_TIGHT,NFP,2018-02-02,08:30:00,America/New_York,TIGHT,-60,10,"MES.v.0,MNQ.v.0,ES.v.0,NQ.v.0,ZN.v.0,ZB.v.0,RTY.v.0",50,BLS,https://www.bls.gov/schedule/news_release/empsit.htm,2018-01-01,NFP from release calendar
NFP_2018_03_09_TIGHT,NFP,2018-03-09,08:30:00,America/New_York,TIGHT,-60,10,"MES.v.0,MNQ.v.0,ES.v.0,NQ.v.0,ZN.v.0,ZB.v.0,RTY.v.0",50,BLS,https://www.bls.gov/schedule/news_release/empsit.htm,2018-01-01,NFP from release calendar
NFP_2019_01_04_TIGHT,NFP,2019-01-04,08:30:00,America/New_York,TIGHT,-60,10,"MES.v.0,MNQ.v.0,ES.v.0,NQ.v.0,ZN.v.0,ZB.v.0,RTY.v.0",50,BLS,https://www.bls.gov/schedule/news_release/empsit.htm,2018-01-01,NFP from release calendar
NFP_2019_02_01_TIGHT,NFP,2019-02-01,08:30:00,America/New_York,TIGHT,-60,10,"MES.v.0,MNQ.v.0,ES.v.0,NQ.v.0,ZN.v.0,ZB.v.0,RTY.v.0",50,BLS,https://www.bls.gov/schedule/news_release/empsit.htm,2018-01-01,NFP from release calendar
NFP_2019_03_08_TIGHT,NFP,2019-03-08,08:30:00,America/New_York,TIGHT,-60,10,"MES.v.0,MNQ.v.0,ES.v.0,NQ.v.0,ZN.v.0,ZB.v.0,RTY.v.0",50,BLS,https://www.bls.gov/schedule/news_release/empsit.htm,2018-01-01,NFP from release calendar
NFP_2020_01_10_TIGHT,NFP,2020-01-10,08:30:00,America/New_York,TIGHT,-60,10,"MES.v.0,MNQ.v.0,ES.v.0,NQ.v.0,ZN.v.0,ZB.v.0,RTY.v.0",50,BLS,https://www.bls.gov/schedule/news_release/empsit.htm,2018-01-01,NFP from release calendar
NFP_2020_02_07_TIGHT,NFP,2020-02-07,08:30:00,America/New_York,TIGHT,-60,10,"MES.v.0,MNQ.v.0,ES.v.0,NQ.v.0,ZN.v.0,ZB.v.0,RTY.v.0",50,BLS,https://www.bls.gov/schedule/news_release/empsit.htm,2018-01-01,NFP from release calendar
NFP_2020_03_06_TIGHT,NFP,2020-03-06,08:30:00,America/New_York,TIGHT,-60,10,"MES.v.0,MNQ.v.0,ES.v.0,NQ.v.0,ZN.v.0,ZB.v.0,RTY.v.0",50,BLS,https://www.bls.gov/schedule/news_release/empsit.htm,2018-01-01,NFP from release calendar
NFP_2021_01_08_TIGHT,NFP,2021-01-08,08:30:00,America/New_York,TIGHT,-60,10,"MES.v.0,MNQ.v.0,ES.v.0,NQ.v.0,ZN.v.0,ZB.v.0,RTY.v.0",50,BLS,https://www.bls.gov/schedule/news_release/empsit.htm,2018-01-01,NFP from release calendar
NFP_2021_02_05_TIGHT,NFP,2021-02-05,08:30:00,America/New_York,TIGHT,-60,10,"MES.v.0,MNQ.v.0,ES.v.0,NQ.v.0,ZN.v.0,ZB.v.0,RTY.v.0",50,BLS,https://www.bls.gov/schedule/news_release/empsit.htm,2018-01-01,NFP from release calendar
NFP_2021_03_05_TIGHT,NFP,2021-03-05,08:30:00,America/New_York,TIGHT,-60,10,"MES.v.0,MNQ.v.0,ES.v.0,NQ.v.0,ZN.v.0,ZB.v.0,RTY.v.0",50,BLS,https://www.bls.gov/schedule/news_release/empsit.htm,2018-01-01,NFP from release calendar
NFP_2022_01_07_TIGHT,NFP,2022-01-07,08:30:00,America/New_York,TIGHT,-60,10,"MES.v.0,MNQ.v.0,ES.v.0,NQ.v.0,ZN.v.0,ZB.v.0,RTY.v.0",50,BLS,https://www.bls.gov/schedule/news_release/empsit.htm,2018-01-01,NFP from release calendar
NFP_2022_02_04_TIGHT,NFP,2022-02-04,08:30:00,America/New_York,TIGHT,-60,10,"MES.v.0,MNQ.v.0,ES.v.0,NQ.v.0,ZN.v.0,ZB.v.0,RTY.v.0",50,BLS,https://www.bls.gov/schedule/news_release/empsit.htm,2018-01-01,NFP from release calendar
NFP_2022_03_04_TIGHT,NFP,2022-03-04,08:30:00,America/New_York,TIGHT,-60,10,"MES.v.0,MNQ.v.0,ES.v.0,NQ.v.0,ZN.v.0,ZB.v.0,RTY.v.0",50,BLS,https://www.bls.gov/schedule/news_release/empsit.htm,2018-01-01,NFP from release calendar
NFP_2023_01_06_TIGHT,NFP,2023-01-06,08:30:00,America/New_York,TIGHT,-60,10,"MES.v.0,MNQ.v.0,ES.v.0,NQ.v.0,ZN.v.0,ZB.v.0,RTY.v.0",50,BLS,https://www.bls.gov/schedule/news_release/empsit.htm,2018-01-01,NFP from release calendar
NFP_2023_02_03_TIGHT,NFP,2023-02-03,08:30:00,America/New_York,TIGHT,-60,10,"MES.v.0,MNQ.v.0,ES.v.0,NQ.v.0,ZN.v.0,ZB.v.0,RTY.v.0",50,BLS,https://www.bls.gov/schedule/news_release/empsit.htm,2018-01-01,NFP from release calendar
NFP_2023_03_10_TIGHT,NFP,2023-03-10,08:30:00,America/New_York,TIGHT,-60,10,"MES.v.0,MNQ.v.0,ES.v.0,NQ.v.0,ZN.v.0,ZB.v.0,RTY.v.0",50,BLS,https://www.bls.gov/schedule/news_release/empsit.htm,2018-01-01,NFP from release calendar
NFP_2024_01_05_TIGHT,NFP,2024-01-05,08:30:00,America/New_York,TIGHT,-60,10,"MES.v.0,MNQ.v.0,ES.v.0,NQ.v.0,ZN.v.0,ZB.v.0,RTY.v.0",50,BLS,https://www.bls.gov/schedule/news_release/empsit.htm,2018-01-01,NFP from release calendar
NFP_2024_02_02_TIGHT,NFP,2024-02-02,08:30:00,America/New_York,TIGHT,-60,10,"MES.v.0,MNQ.v.0,ES.v.0,NQ.v.0,ZN.v.0,ZB.v.0,RTY.v.0",50,BLS,https://www.bls.gov/schedule/news_release/empsit.htm,2018-01-01,NFP from release calendar
NFP_2024_03_08_TIGHT,NFP,2024-03-08,08:30:00,America/New_York,TIGHT,-60,10,"MES.v.0,MNQ.v.0,ES.v.0,NQ.v.0,ZN.v.0,ZB.v.0,RTY.v.0",50,BLS,https://www.bls.gov/schedule/news_release/empsit.htm,2018-01-01,NFP from release calendar
NFP_2025_01_10_TIGHT,NFP,2025-01-10,08:30:00,America/New_York,TIGHT,-60,10,"MES.v.0,MNQ.v.0,ES.v.0,NQ.v.0,ZN.v.0,ZB.v.0,RTY.v.0",50,BLS,https://www.bls.gov/schedule/news_release/empsit.htm,2018-01-01,NFP from release calendar
NFP_2025_02_07_TIGHT,NFP,2025-02-07,08:30:00,America/New_York,TIGHT,-60,10,"MES.v.0,MNQ.v.0,ES.v.0,NQ.v.0,ZN.v.0,ZB.v.0,RTY.v.0",50,BLS,https://www.bls.gov/schedule/news_release/empsit.htm,2018-01-01,NFP from release calendar
NFP_2025_03_07_TIGHT,NFP,2025-03-07,08:30:00,America/New_York,TIGHT,-60,10,"MES.v.0,MNQ.v.0,ES.v.0,NQ.v.0,ZN.v.0,ZB.v.0,RTY.v.0",50,BLS,https://www.bls.gov/schedule/news_release/empsit.htm,2018-01-01,NFP from release calendar
NFP_2025_04_04_TIGHT,NFP,2025-04-04,08:30:00,America/New_York,TIGHT,-60,10,"MES.v.0,MNQ.v.0,ES.v.0,NQ.v.0,ZN.v.0,ZB.v.0,RTY.v.0",50,BLS,https://www.bls.gov/schedule/news_release/empsit.htm,2018-01-01,NFP from release calendar
NFP_2025_05_02_TIGHT,NFP,2025-05-02,08:30:00,America/New_York,TIGHT,-60,10,"MES.v.0,MNQ.v.0,ES.v.0,NQ.v.0,ZN.v.0,ZB.v.0,RTY.v.0",50,BLS,https://www.bls.gov/schedule/news_release/empsit.htm,2018-01-01,NFP from release calendar
NFP_2025_06_06_TIGHT,NFP,2025-06-06,08:30:00,America/New_York,TIGHT,-60,10,"MES.v.0,MNQ.v.0,ES.v.0,NQ.v.0,ZN.v.0,ZB.v.0,RTY.v.0",50,BLS,https://www.bls.gov/schedule/news_release/empsit.htm,2018-01-01,NFP from release calendar
NFP_2025_07_03_TIGHT,NFP,2025-07-03,08:30:00,America/New_York,TIGHT,-60,10,"MES.v.0,MNQ.v.0,ES.v.0,NQ.v.0,ZN.v.0,ZB.v.0,RTY.v.0",50,BLS,https://www.bls.gov/schedule/news_release/empsit.htm,2018-01-01,NFP from release calendar
NFP_2025_08_01_TIGHT,NFP,2025-08-01,08:30:00,America/New_York,TIGHT,-60,10,"MES.v.0,MNQ.v.0,ES.v.0,NQ.v.0,ZN.v.0,ZB.v.0,RTY.v.0",50,BLS,https://www.bls.gov/schedule/news_release/empsit.htm,2018-01-01,NFP from release calendar
NFP_2025_09_05_TIGHT,NFP,2025-09-05,08:30:00,America/New_York,TIGHT,-60,10,"MES.v.0,MNQ.v.0,ES.v.0,NQ.v.0,ZN.v.0,ZB.v.0,RTY.v.0",50,BLS,https://www.bls.gov/schedule/news_release/empsit.htm,2018-01-01,NFP from release calendar
NFP_2025_10_03_TIGHT,NFP,2025-10-03,08:30:00,America/New_York,TIGHT,-60,10,"MES.v.0,MNQ.v.0,ES.v.0,NQ.v.0,ZN.v.0,ZB.v.0,RTY.v.0",50,BLS,https://www.bls.gov/schedule/news_release/empsit.htm,2018-01-01,NFP from release calendar
NFP_2025_11_07_TIGHT,NFP,2025-11-07,08:30:00,America/New_York,TIGHT,-60,10,"MES.v.0,MNQ.v.0,ES.v.0,NQ.v.0,ZN.v.0,ZB.v.0,RTY.v.0",50,BLS,https://www.bls.gov/schedule/news_release/empsit.htm,2018-01-01,NFP from release calendar
NFP_2025_12_05_TIGHT,NFP,2025-12-05,08:30:00,America/New_York,TIGHT,-60,10,"MES.v.0,MNQ.v.0,ES.v.0,NQ.v.0,ZN.v.0,ZB.v.0,RTY.v.0",50,BLS,https://www.bls.gov/schedule/news_release/empsit.htm,2018-01-01,NFP from release calendar
PROP_FLATTEN_TOPSTEP_2023_09_15_MAIN,PROP_FLATTEN_TOPSTEP,2023-09-15,15:10:00,America/Chicago,MAIN,-60,10,"MES.v.0,MNQ.v.0,ES.v.0,NQ.v.0,ZN.v.0,ZB.v.0,RTY.v.0",50,TOPSTEP,https://www.topstep.com/,2018-01-01,PROP_FLATTEN_TOPSTEP from release calendar
PROP_FLATTEN_TOPSTEP_2024_09_18_MAIN,PROP_FLATTEN_TOPSTEP,2024-09-18,15:10:00,America/Chicago,MAIN,-60,10,"MES.v.0,MNQ.v.0,ES.v.0,NQ.v.0,ZN.v.0,ZB.v.0,RTY.v.0",50,TOPSTEP,https://www.topstep.com/,2018-01-01,PROP_FLATTEN_TOPSTEP from release calendar
PROP_FLATTEN_TOPSTEP_2025_06_20_MAIN,PROP_FLATTEN_TOPSTEP,2025-06-20,15:10:00,America/Chicago,MAIN,-60,10,"MES.v.0,MNQ.v.0,ES.v.0,NQ.v.0,ZN.v.0,ZB.v.0,RTY.v.0",50,TOPSTEP,https://www.topstep.com/,2018-01-01,PROP_FLATTEN_TOPSTEP from release calendar
