release_date,event_type,source,source_url,timezone,release_time,row_status
2018-01-03,EIA_CRUDE,EIA,https://www.eia.gov/petroleum/supply/weekly/,America/New_York,10:30:00,SEED
2018-01-10,EIA_CRUDE,EIA,https://www.eia.gov/petroleum/supply/weekly/,America/New_York,10:30:00,SEED
2018-01-17,EIA_CRUDE,EIA,https://www.eia.gov/petroleum/supply/weekly/,America/New_York,10:30:00,SEED
2018-01-24,EIA_CRUDE,EIA,https://www.eia.gov/petroleum/supply/weekly/,America/New_York,10:30:00,SEED
2018-01-31,EIA_CRUDE,EIA,https://www.eia.gov/petroleum/supply/weekly/,America/New_York,10:30:00,SEED
2018-02-07,EIA_CRUDE,EIA,https://www.eia.gov/petroleum/supply/weekly/,America/New_York,10:30:00,SEED
2018-02-14,EIA_CRUDE,EIA,https://www.eia.gov/petroleum/supply/weekly/,America/New_York,10:30:00,SEED
2018-02-21,EIA_CRUDE,EIA,https://www.eia.gov/petroleum/supply/weekly/,America/New_York,10:30:00,SEED
2018-02-28,EIA_CRUDE,EIA,https://www.eia.gov/petroleum/supply/weekly/,America/New_York,10:30:00,SEED
2018-03-07,EIA_CRUDE,EIA,https://www.eia.gov/petroleum/supply/weekly/,America/New_York,10:30:00,SEED
2018-03-14,EIA_CRUDE,EIA,https://www.eia.gov/petroleum/supply/weekly/,America/New_York,10:30:00,SEED
2018-03-21,EIA_CRUDE,EIA,https://www.eia.gov/petroleum/supply/weekly/,America/New_York,10:30:00,SEED
2018-03-28,EIA_CRUDE,EIA,https://www.eia.gov/petroleum/supply/weekly/,America/New_York,10:30:00,SEED
2018-04-04,EIA_CRUDE,EIA,https://www.eia.gov/petroleum/supply/weekly/,America/New_York,10:30:00,SEED
2018-04-11,EIA_CRUDE,EIA,https://www.eia.gov/petroleum/supply/weekly/,America/New_York,10:30:00,SEED
2018-04-18,EIA_CRUDE,EIA,https://www.eia.gov/petroleum/supply/weekly/,America/New_York,10:30:00,SEED
2018-04-25,EIA_CRUDE,EIA,https://www.eia.gov/petroleum/supply/weekly/,America/New_York,10:30:00,SEED
2018-05-02,EIA_CRUDE,EIA,https://www.eia.gov/petroleum/supply/weekly/,America/New_York,10:30:00,SEED
2018-05-09,EIA_CRUDE,EIA,https://www.eia.gov/petroleum/supply/weekly/,America/New_York,10:30:00,SEED
2018-05-16,EIA_CRUDE,EIA,https://www.eia.gov/petroleum/supply/weekly/,America/New_York,10:30:00,SEED
2018-05-23,EIA_CRUDE,EIA,https://www.eia.gov/petroleum/supply/weekly/,America/New_York,10:30:00,SEED
2018-05-30,EIA_CRUDE,EIA,https://www.eia.gov/petroleum/supply/weekly/,America/New_York,10:30:00,SEED
2018-06-06,EIA_CRUDE,EIA,https://www.eia.gov/petroleum/supply/weekly/,America/New_York,10:30:00,SEED
2018-06-13,EIA_CRUDE,EIA,https://www.eia.gov/petroleum/supply/weekly/,America/New_York,10:30:00,SEED
2018-06-20,EIA_CRUDE,EIA,https://www.eia.gov/petroleum/supply/weekly/,America/New_York,10:30:00,SEED
2018-06-27,EIA_CRUDE,EIA,https://www.eia.gov/petroleum/supply/weekly/,America/New_York,10:30:00,SEED
2018-07-04,EIA_CRUDE,EIA,https://www.eia.gov/petroleum/supply/weekly/,America/New_York,10:30:00,SEED
2018-07-11,EIA_CRUDE,EIA,https://www.eia.gov/petroleum/supply/weekly/,America/New_York,10:30:00,SEED
2018-07-18,EIA_CRUDE,EIA,https://www.eia.gov/petroleum/supply/weekly/,America/New_York,10:30:00,SEED
2018-07-25,EIA_CRUDE,EIA,https://www.eia.gov/petroleum/supply/weekly/,America/New_York,10:30:00,SEED
2018-08-01,EIA_CRUDE,EIA,https://www.eia.gov/petroleum/supply/weekly/,America/New_York,10:30:00,SEED
2018-08-08,EIA_CRUDE,EIA,https://www.eia.gov/petroleum/supply/weekly/,America/New_York,10:30:00,SEED
2018-08-15,EIA_CRUDE,EIA,https://www.eia.gov/petroleum/supply/weekly/,America/New_York,10:30:00,SEED
2018-08-22,EIA_CRUDE,EIA,https://www.eia.gov/petroleum/supply/weekly/,America/New_York,10:30:00,SEED
2018-08-29,EIA_CRUDE,EIA,https://www.eia.gov/petroleum/supply/weekly/,America/New_York,10:30:00,SEED
2018-09-05,EIA_CRUDE,EIA,https://www.eia.gov/petroleum/supply/weekly/,America/New_York,10:30:00,SEED
2018-09-12,EIA_CRUDE,EIA,https://www.eia.gov/petroleum/supply/weekly/,America/New_York,10:30:00,SEED
2018-09-19,EIA_CRUDE,EIA,https://www.eia.gov/petroleum/supply/weekly/,America/New_York,10:30:00,SEED
2018-09-26,EIA_CRUDE,EIA,https://www.eia.gov/petroleum/supply/weekly/,America/New_York,10:30:00,SEED
2018-10-03,EIA_CRUDE,EIA,https://www.eia.gov/petroleum/supply/weekly/,America/New_York,10:30:00,SEED
2018-10-10,EIA_CRUDE,EIA,https://www.eia.gov/petroleum/supply/weekly/,America/New_York,10:30:00,SEED
2018-10-17,EIA_CRUDE,EIA,https://www.eia.gov/petroleum/supply/weekly/,America/New_York,10:30:00,SEED
2018-10-24,EIA_CRUDE,EIA,https://www.eia.gov/petroleum/supply/weekly/,America/New_York,10:30:00,SEED
2018-10-31,EIA_CRUDE,EIA,https://www.eia.gov/petroleum/supply/weekly/,America/New_York,10:30:00,SEED
2018-11-07,EIA_CRUDE,EIA,https://www.eia.gov/petroleum/supply/weekly/,America/New_York,10:30:00,SEED
2018-11-14,EIA_CRUDE,EIA,https://www.eia.gov/petroleum/supply/weekly/,America/New_York,10:30:00,SEED
2018-11-21,EIA_CRUDE,EIA,https://www.eia.gov/petroleum/supply/weekly/,America/New_York,10:30:00,SEED
2018-11-28,EIA_CRUDE,EIA,https://www.eia.gov/petroleum/supply/weekly/,America/New_York,10:30:00,SEED
2018-12-05,EIA_CRUDE,EIA,https://www.eia.gov/petroleum/supply/weekly/,America/New_York,10:30:00,SEED
2018-12-12,EIA_CRUDE,EIA,https://www.eia.gov/petroleum/supply/weekly/,America/New_York,10:30:00,SEED
2018-12-19,EIA_CRUDE,EIA,https://www.eia.gov/petroleum/supply/weekly/,America/New_York,10:30:00,SEED
2018-12-26,EIA_CRUDE,EIA,https://www.eia.gov/petroleum/supply/weekly/,America/New_York,10:30:00,SEED
2019-01-02,EIA_CRUDE,EIA,https://www.eia.gov/petroleum/supply/weekly/,America/New_York,10:30:00,SEED
2019-01-09,EIA_CRUDE,EIA,https://www.eia.gov/petroleum/supply/weekly/,America/New_York,10:30:00,SEED
2019-01-16,EIA_CRUDE,EIA,https://www.eia.gov/petroleum/supply/weekly/,America/New_York,10:30:00,SEED
2019-01-23,EIA_CRUDE,EIA,https://www.eia.gov/petroleum/supply/weekly/,America/New_York,10:30:00,SEED
2019-01-30,EIA_CRUDE,EIA,https://www.eia.gov/petroleum/supply/weekly/,America/New_York,10:30:00,SEED
2019-02-06,EIA_CRUDE,EIA,https://www.eia.gov/petroleum/supply/weekly/,America/New_York,10:30:00,SEED
2019-02-13,EIA_CRUDE,EIA,https://www.eia.gov/petroleum/supply/weekly/,America/New_York,10:30:00,SEED
2019-02-20,EIA_CRUDE,EIA,https://www.eia.gov/petroleum/supply/weekly/,America/New_York,10:30:00,SEED
2019-02-27,EIA_CRUDE,EIA,https://www.eia.gov/petroleum/supply/weekly/,America/New_York,10:30:00,SEED
2019-03-06,EIA_CRUDE,EIA,https://www.eia.gov/petroleum/supply/weekly/,America/New_York,10:30:00,SEED
2019-03-13,EIA_CRUDE,EIA,https://www.eia.gov/petroleum/supply/weekly/,America/New_York,10:30:00,SEED
2019-03-20,EIA_CRUDE,EIA,https://www.eia.gov/petroleum/supply/weekly/,America/New_York,10:30:00,SEED
2019-03-27,EIA_CRUDE,EIA,https://www.eia.gov/petroleum/supply/weekly/,America/New_York,10:30:00,SEED
2019-04-03,EIA_CRUDE,EIA,https://www.eia.gov/petroleum/supply/weekly/,America/New_York,10:30:00,SEED
2019-04-10,EIA_CRUDE,EIA,https://www.eia.gov/petroleum/supply/weekly/,America/New_York,10:30:00,SEED
2019-04-17,EIA_CRUDE,EIA,https://www.eia.gov/petroleum/supply/weekly/,America/New_York,10:30:00,SEED
2019-04-24,EIA_CRUDE,EIA,https://www.eia.gov/petroleum/supply/weekly/,America/New_York,10:30:00,SEED
2019-05-01,EIA_CRUDE,EIA,https://www.eia.gov/petroleum/supply/weekly/,America/New_York,10:30:00,SEED
2019-05-08,EIA_CRUDE,EIA,https://www.eia.gov/petroleum/supply/weekly/,America/New_York,10:30:00,SEED
2019-05-15,EIA_CRUDE,EIA,https://www.eia.gov/petroleum/supply/weekly/,America/New_York,10:30:00,SEED
2019-05-22,EIA_CRUDE,EIA,https://www.eia.gov/petroleum/supply/weekly/,America/New_York,10:30:00,SEED
2019-05-29,EIA_CRUDE,EIA,https://www.eia.gov/petroleum/supply/weekly/,America/New_York,10:30:00,SEED
2019-06-05,EIA_CRUDE,EIA,https://www.eia.gov/petroleum/supply/weekly/,America/New_York,10:30:00,SEED
2019-06-12,EIA_CRUDE,EIA,https://www.eia.gov/petroleum/supply/weekly/,America/New_York,10:30:00,SEED
2019-06-19,EIA_CRUDE,EIA,https://www.eia.gov/petroleum/supply/weekly/,America/New_York,10:30:00,SEED
2019-06-26,EIA_CRUDE,EIA,https://www.eia.gov/petroleum/supply/weekly/,America/New_York,10:30:00,SEED
2019-07-03,EIA_CRUDE,EIA,https://www.eia.gov/petroleum/supply/weekly/,America/New_York,10:30:00,SEED
2019-07-10,EIA_CRUDE,EIA,https://www.eia.gov/petroleum/supply/weekly/,America/New_York,10:30:00,SEED
2019-07-17,EIA_CRUDE,EIA,https://www.eia.gov/petroleum/supply/weekly/,America/New_York,10:30:00,SEED
2019-07-24,EIA_CRUDE,EIA,https://www.eia.gov/petroleum/supply/weekly/,America/New_York,10:30:00,SEED
2019-07-31,EIA_CRUDE,EIA,https://www.eia.gov/petroleum/supply/weekly/,America/New_York,10:30:00,SEED
2019-08-07,EIA_CRUDE,EIA,https://www.eia.gov/petroleum/supply/weekly/,America/New_York,10:30:00,SEED
2019-08-14,EIA_CRUDE,EIA,https://www.eia.gov/petroleum/supply/weekly/,America/New_York,10:30:00,SEED
2019-08-21,EIA_CRUDE,EIA,https://www.eia.gov/petroleum/supply/weekly/,America/New_York,10:30:00,SEED
2019-08-28,EIA_CRUDE,EIA,https://www.eia.gov/petroleum/supply/weekly/,America/New_York,10:30:00,SEED
2019-09-04,EIA_CRUDE,EIA,https://www.eia.gov/petroleum/supply/weekly/,America/New_York,10:30:00,SEED
2019-09-11,EIA_CRUDE,EIA,https://www.eia.gov/petroleum/supply/weekly/,America/New_York,10:30:00,SEED
2019-09-18,EIA_CRUDE,EIA,https://www.eia.gov/petroleum/supply/weekly/,America/New_York,10:30:00,SEED
2019-09-25,EIA_CRUDE,EIA,https://www.eia.gov/petroleum/supply/weekly/,America/New_York,10:30:00,SEED
2019-10-02,EIA_CRUDE,EIA,https://www.eia.gov/petroleum/supply/weekly/,America/New_York,10:30:00,SEED
2019-10-09,EIA_CRUDE,EIA,https://www.eia.gov/petroleum/supply/weekly/,America/New_York,10:30:00,SEED
2019-10-16,EIA_CRUDE,EIA,https://www.eia.gov/petroleum/supply/weekly/,America/New_York,10:30:00,SEED
2019-10-23,EIA_CRUDE,EIA,https://www.eia.gov/petroleum/supply/weekly/,America/New_York,10:30:00,SEED
2019-10-30,EIA_CRUDE,EIA,https://www.eia.gov/petroleum/supply/weekly/,America/New_York,10:30:00,SEED
2019-11-06,EIA_CRUDE,EIA,https://www.eia.gov/petroleum/supply/weekly/,America/New_York,10:30:00,SEED
2019-11-13,EIA_CRUDE,EIA,https://www.eia.gov/petroleum/supply/weekly/,America/New_York,10:30:00,SEED
2019-11-20,EIA_CRUDE,EIA,https://www.eia.gov/petroleum/supply/weekly/,America/New_York,10:30:00,SEED
2019-11-27,EIA_CRUDE,EIA,https://www.eia.gov/petroleum/supply/weekly/,America/New_York,10:30:00,SEED
2019-12-04,EIA_CRUDE,EIA,https://www.eia.gov/petroleum/supply/weekly/,America/New_York,10:30:00,SEED
2019-12-11,EIA_CRUDE,EIA,https://www.eia.gov/petroleum/supply/weekly/,America/New_York,10:30:00,SEED
2019-12-18,EIA_CRUDE,EIA,https://www.eia.gov/petroleum/supply/weekly/,America/New_York,10:30:00,SEED
2019-12-25,EIA_CRUDE,EIA,https://www.eia.gov/petroleum/supply/weekly/,America/New_York,10:30:00,SEED
2020-01-01,EIA_CRUDE,EIA,https://www.eia.gov/petroleum/supply/weekly/,America/New_York,10:30:00,SEED
2020-01-08,EIA_CRUDE,EIA,https://www.eia.gov/petroleum/supply/weekly/,America/New_York,10:30:00,SEED
2020-01-15,EIA_CRUDE,EIA,https://www.eia.gov/petroleum/supply/weekly/,America/New_York,10:30:00,SEED
2020-01-22,EIA_CRUDE,EIA,https://www.eia.gov/petroleum/supply/weekly/,America/New_York,10:30:00,SEED
2020-01-29,EIA_CRUDE,EIA,https://www.eia.gov/petroleum/supply/weekly/,America/New_York,10:30:00,SEED
2020-02-05,EIA_CRUDE,EIA,https://www.eia.gov/petroleum/supply/weekly/,America/New_York,10:30:00,SEED
2020-02-12,EIA_CRUDE,EIA,https://www.eia.gov/petroleum/supply/weekly/,America/New_York,10:30:00,SEED
2020-02-19,EIA_CRUDE,EIA,https://www.eia.gov/petroleum/supply/weekly/,America/New_York,10:30:00,SEED
2020-02-26,EIA_CRUDE,EIA,https://www.eia.gov/petroleum/supply/weekly/,America/New_York,10:30:00,SEED
2020-03-04,EIA_CRUDE,EIA,https://www.eia.gov/petroleum/supply/weekly/,America/New_York,10:30:00,SEED
2020-03-11,EIA_CRUDE,EIA,https://www.eia.gov/petroleum/supply/weekly/,America/New_York,10:30:00,SEED
2020-03-18,EIA_CRUDE,EIA,https://www.eia.gov/petroleum/supply/weekly/,America/New_York,10:30:00,SEED
2020-03-25,EIA_CRUDE,EIA,https://www.eia.gov/petroleum/supply/weekly/,America/New_York,10:30:00,SEED
2020-04-01,EIA_CRUDE,EIA,https://www.eia.gov/petroleum/supply/weekly/,America/New_York,10:30:00,SEED
2020-04-08,EIA_CRUDE,EIA,https://www.eia.gov/petroleum/supply/weekly/,America/New_York,10:30:00,SEED
2020-04-15,EIA_CRUDE,EIA,https://www.eia.gov/petroleum/supply/weekly/,America/New_York,10:30:00,SEED
2020-04-22,EIA_CRUDE,EIA,https://www.eia.gov/petroleum/supply/weekly/,America/New_York,10:30:00,SEED
2020-04-29,EIA_CRUDE,EIA,https://www.eia.gov/petroleum/supply/weekly/,America/New_York,10:30:00,SEED
2020-05-06,EIA_CRUDE,EIA,https://www.eia.gov/petroleum/supply/weekly/,America/New_York,10:30:00,SEED
2020-05-13,EIA_CRUDE,EIA,https://www.eia.gov/petroleum/supply/weekly/,America/New_York,10:30:00,SEED
2020-05-20,EIA_CRUDE,EIA,https://www.eia.gov/petroleum/supply/weekly/,America/New_York,10:30:00,SEED
2020-05-27,EIA_CRUDE,EIA,https://www.eia.gov/petroleum/supply/weekly/,America/New_York,10:30:00,SEED
2020-06-03,EIA_CRUDE,EIA,https://www.eia.gov/petroleum/supply/weekly/,America/New_York,10:30:00,SEED
2020-06-10,EIA_CRUDE,EIA,https://www.eia.gov/petroleum/supply/weekly/,America/New_York,10:30:00,SEED
2020-06-17,EIA_CRUDE,EIA,https://www.eia.gov/petroleum/supply/weekly/,America/New_York,10:30:00,SEED
2020-06-24,EIA_CRUDE,EIA,https://www.eia.gov/petroleum/supply/weekly/,America/New_York,10:30:00,SEED
2020-07-01,EIA_CRUDE,EIA,https://www.eia.gov/petroleum/supply/weekly/,America/New_York,10:30:00,SEED
2020-07-08,EIA_CRUDE,EIA,https://www.eia.gov/petroleum/supply/weekly/,America/New_York,10:30:00,SEED
2020-07-15,EIA_CRUDE,EIA,https://www.eia.gov/petroleum/supply/weekly/,America/New_York,10:30:00,SEED
2020-07-22,EIA_CRUDE,EIA,https://www.eia.gov/petroleum/supply/weekly/,America/New_York,10:30:00,SEED
2020-07-29,EIA_CRUDE,EIA,https://www.eia.gov/petroleum/supply/weekly/,America/New_York,10:30:00,SEED
2020-08-05,EIA_CRUDE,EIA,https://www.eia.gov/petroleum/supply/weekly/,America/New_York,10:30:00,SEED
2020-08-12,EIA_CRUDE,EIA,https://www.eia.gov/petroleum/supply/weekly/,America/New_York,10:30:00,SEED
2020-08-19,EIA_CRUDE,EIA,https://www.eia.gov/petroleum/supply/weekly/,America/New_York,10:30:00,SEED
2020-08-26,EIA_CRUDE,EIA,https://www.eia.gov/petroleum/supply/weekly/,America/New_York,10:30:00,SEED
2020-09-02,EIA_CRUDE,EIA,https://www.eia.gov/petroleum/supply/weekly/,America/New_York,10:30:00,SEED
2020-09-09,EIA_CRUDE,EIA,https://www.eia.gov/petroleum/supply/weekly/,America/New_York,10:30:00,SEED
2020-09-16,EIA_CRUDE,EIA,https://www.eia.gov/petroleum/supply/weekly/,America/New_York,10:30:00,SEED
2020-09-23,EIA_CRUDE,EIA,https://www.eia.gov/petroleum/supply/weekly/,America/New_York,10:30:00,SEED
2020-09-30,EIA_CRUDE,EIA,https://www.eia.gov/petroleum/supply/weekly/,America/New_York,10:30:00,SEED
2020-10-07,EIA_CRUDE,EIA,https://www.eia.gov/petroleum/supply/weekly/,America/New_York,10:30:00,SEED
2020-10-14,EIA_CRUDE,EIA,https://www.eia.gov/petroleum/supply/weekly/,America/New_York,10:30:00,SEED
2020-10-21,EIA_CRUDE,EIA,https://www.eia.gov/petroleum/supply/weekly/,America/New_York,10:30:00,SEED
2020-10-28,EIA_CRUDE,EIA,https://www.eia.gov/petroleum/supply/weekly/,America/New_York,10:30:00,SEED
2020-11-04,EIA_CRUDE,EIA,https://www.eia.gov/petroleum/supply/weekly/,America/New_York,10:30:00,SEED
2020-11-11,EIA_CRUDE,EIA,https://www.eia.gov/petroleum/supply/weekly/,America/New_York,10:30:00,SEED
2020-11-18,EIA_CRUDE,EIA,https://www.eia.gov/petroleum/supply/weekly/,America/New_York,10:30:00,SEED
2020-11-25,EIA_CRUDE,EIA,https://www.eia.gov/petroleum/supply/weekly/,America/New_York,10:30:00,SEED
2020-12-02,EIA_CRUDE,EIA,https://www.eia.gov/petroleum/supply/weekly/,America/New_York,10:30:00,SEED
2020-12-09,EIA_CRUDE,EIA,https://www.eia.gov/petroleum/supply/weekly/,America/New_York,10:30:00,SEED
2020-12-16,EIA_CRUDE,EIA,https://www.eia.gov/petroleum/supply/weekly/,America/New_York,10:30:00,SEED
2020-12-23,EIA_CRUDE,EIA,https://www.eia.gov/petroleum/supply/weekly/,America/New_York,10:30:00,SEED
2020-12-30,EIA_CRUDE,EIA,https://www.eia.gov/petroleum/supply/weekly/,America/New_York,10:30:00,SEED
2021-01-06,EIA_CRUDE,EIA,https://www.eia.gov/petroleum/supply/weekly/,America/New_York,10:30:00,SEED
2021-01-13,EIA_CRUDE,EIA,https://www.eia.gov/petroleum/supply/weekly/,America/New_York,10:30:00,SEED
2021-01-20,EIA_CRUDE,EIA,https://www.eia.gov/petroleum/supply/weekly/,America/New_York,10:30:00,SEED
2021-01-27,EIA_CRUDE,EIA,https://www.eia.gov/petroleum/supply/weekly/,America/New_York,10:30:00,SEED
2021-02-03,EIA_CRUDE,EIA,https://www.eia.gov/petroleum/supply/weekly/,America/New_York,10:30:00,SEED
2021-02-10,EIA_CRUDE,EIA,https://www.eia.gov/petroleum/supply/weekly/,America/New_York,10:30:00,SEED
2021-02-17,EIA_CRUDE,EIA,https://www.eia.gov/petroleum/supply/weekly/,America/New_York,10:30:00,SEED
2021-02-24,EIA_CRUDE,EIA,https://www.eia.gov/petroleum/supply/weekly/,America/New_York,10:30:00,SEED
2021-03-03,EIA_CRUDE,EIA,https://www.eia.gov/petroleum/supply/weekly/,America/New_York,10:30:00,SEED
2021-03-10,EIA_CRUDE,EIA,https://www.eia.gov/petroleum/supply/weekly/,America/New_York,10:30:00,SEED
2021-03-17,EIA_CRUDE,EIA,https://www.eia.gov/petroleum/supply/weekly/,America/New_York,10:30:00,SEED
2021-03-24,EIA_CRUDE,EIA,https://www.eia.gov/petroleum/supply/weekly/,America/New_York,10:30:00,SEED
2021-03-31,EIA_CRUDE,EIA,https://www.eia.gov/petroleum/supply/weekly/,America/New_York,10:30:00,SEED
2021-04-07,EIA_CRUDE,EIA,https://www.eia.gov/petroleum/supply/weekly/,America/New_York,10:30:00,SEED
2021-04-14,EIA_CRUDE,EIA,https://www.eia.gov/petroleum/supply/weekly/,America/New_York,10:30:00,SEED
2021-04-21,EIA_CRUDE,EIA,https://www.eia.gov/petroleum/supply/weekly/,America/New_York,10:30:00,SEED
2021-04-28,EIA_CRUDE,EIA,https://www.eia.gov/petroleum/supply/weekly/,America/New_York,10:30:00,SEED
2021-05-05,EIA_CRUDE,EIA,https://www.eia.gov/petroleum/supply/weekly/,America/New_York,10:30:00,SEED
2021-05-12,EIA_CRUDE,EIA,https://www.eia.gov/petroleum/supply/weekly/,America/New_York,10:30:00,SEED
2021-05-19,EIA_CRUDE,EIA,https://www.eia.gov/petroleum/supply/weekly/,America/New_York,10:30:00,SEED
2021-05-26,EIA_CRUDE,EIA,https://www.eia.gov/petroleum/supply/weekly/,America/New_York,10:30:00,SEED
2021-06-02,EIA_CRUDE,EIA,https://www.eia.gov/petroleum/supply/weekly/,America/New_York,10:30:00,SEED
2021-06-09,EIA_CRUDE,EIA,https://www.eia.gov/petroleum/supply/weekly/,America/New_York,10:30:00,SEED
2021-06-16,EIA_CRUDE,EIA,https://www.eia.gov/petroleum/supply/weekly/,America/New_York,10:30:00,SEED
2021-06-23,EIA_CRUDE,EIA,https://www.eia.gov/petroleum/supply/weekly/,America/New_York,10:30:00,SEED
2021-06-30,EIA_CRUDE,EIA,https://www.eia.gov/petroleum/supply/weekly/,America/New_York,10:30:00,SEED
2021-07-07,EIA_CRUDE,EIA,https://www.eia.gov/petroleum/supply/weekly/,America/New_York,10:30:00,SEED
2021-07-14,EIA_CRUDE,EIA,https://www.eia.gov/petroleum/supply/weekly/,America/New_York,10:30:00,SEED
2021-07-21,EIA_CRUDE,EIA,https://www.eia.gov/petroleum/supply/weekly/,America/New_York,10:30:00,SEED
2021-07-28,EIA_CRUDE,EIA,https://www.eia.gov/petroleum/supply/weekly/,America/New_York,10:30:00,SEED
2021-08-04,EIA_CRUDE,EIA,https://www.eia.gov/petroleum/supply/weekly/,America/New_York,10:30:00,SEED
2021-08-11,EIA_CRUDE,EIA,https://www.eia.gov/petroleum/supply/weekly/,America/New_York,10:30:00,SEED
2021-08-18,EIA_CRUDE,EIA,https://www.eia.gov/petroleum/supply/weekly/,America/New_York,10:30:00,SEED
2021-08-25,EIA_CRUDE,EIA,https://www.eia.gov/petroleum/supply/weekly/,America/New_York,10:30:00,SEED
2021-09-01,EIA_CRUDE,EIA,https://www.eia.gov/petroleum/supply/weekly/,America/New_York,10:30:00,SEED
2021-09-08,EIA_CRUDE,EIA,https://www.eia.gov/petroleum/supply/weekly/,America/New_York,10:30:00,SEED
2021-09-15,EIA_CRUDE,EIA,https://www.eia.gov/petroleum/supply/weekly/,America/New_York,10:30:00,SEED
2021-09-22,EIA_CRUDE,EIA,https://www.eia.gov/petroleum/supply/weekly/,America/New_York,10:30:00,SEED
2021-09-29,EIA_CRUDE,EIA,https://www.eia.gov/petroleum/supply/weekly/,America/New_York,10:30:00,SEED
2021-10-06,EIA_CRUDE,EIA,https://www.eia.gov/petroleum/supply/weekly/,America/New_York,10:30:00,SEED
2021-10-13,EIA_CRUDE,EIA,https://www.eia.gov/petroleum/supply/weekly/,America/New_York,10:30:00,SEED
2021-10-20,EIA_CRUDE,EIA,https://www.eia.gov/petroleum/supply/weekly/,America/New_York,10:30:00,SEED
2021-10-27,EIA_CRUDE,EIA,https://www.eia.gov/petroleum/supply/weekly/,America/New_York,10:30:00,SEED
2021-11-03,EIA_CRUDE,EIA,https://www.eia.gov/petroleum/supply/weekly/,America/New_York,10:30:00,SEED
2021-11-10,EIA_CRUDE,EIA,https://www.eia.gov/petroleum/supply/weekly/,America/New_York,10:30:00,SEED
2021-11-17,EIA_CRUDE,EIA,https://www.eia.gov/petroleum/supply/weekly/,America/New_York,10:30:00,SEED
2021-11-24,EIA_CRUDE,EIA,https://www.eia.gov/petroleum/supply/weekly/,America/New_York,10:30:00,SEED
2021-12-01,EIA_CRUDE,EIA,https://www.eia.gov/petroleum/supply/weekly/,America/New_York,10:30:00,SEED
2021-12-08,EIA_CRUDE,EIA,https://www.eia.gov/petroleum/supply/weekly/,America/New_York,10:30:00,SEED
2021-12-15,EIA_CRUDE,EIA,https://www.eia.gov/petroleum/supply/weekly/,America/New_York,10:30:00,SEED
2021-12-22,EIA_CRUDE,EIA,https://www.eia.gov/petroleum/supply/weekly/,America/New_York,10:30:00,SEED
2021-12-29,EIA_CRUDE,EIA,https://www.eia.gov/petroleum/supply/weekly/,America/New_York,10:30:00,SEED
2022-01-05,EIA_CRUDE,EIA,https://www.eia.gov/petroleum/supply/weekly/,America/New_York,10:30:00,SEED
2022-01-12,EIA_CRUDE,EIA,https://www.eia.gov/petroleum/supply/weekly/,America/New_York,10:30:00,SEED
2022-01-19,EIA_CRUDE,EIA,https://www.eia.gov/petroleum/supply/weekly/,America/New_York,10:30:00,SEED
2022-01-26,EIA_CRUDE,EIA,https://www.eia.gov/petroleum/supply/weekly/,America/New_York,10:30:00,SEED
2022-02-02,EIA_CRUDE,EIA,https://www.eia.gov/petroleum/supply/weekly/,America/New_York,10:30:00,SEED
2022-02-09,EIA_CRUDE,EIA,https://www.eia.gov/petroleum/supply/weekly/,America/New_York,10:30:00,SEED
2022-02-16,EIA_CRUDE,EIA,https://www.eia.gov/petroleum/supply/weekly/,America/New_York,10:30:00,SEED
2022-02-23,EIA_CRUDE,EIA,https://www.eia.gov/petroleum/supply/weekly/,America/New_York,10:30:00,SEED
2022-03-02,EIA_CRUDE,EIA,https://www.eia.gov/petroleum/supply/weekly/,America/New_York,10:30:00,SEED
2022-03-09,EIA_CRUDE,EIA,https://www.eia.gov/petroleum/supply/weekly/,America/New_York,10:30:00,SEED
2022-03-16,EIA_CRUDE,EIA,https://www.eia.gov/petroleum/supply/weekly/,America/New_York,10:30:00,SEED
2022-03-23,EIA_CRUDE,EIA,https://www.eia.gov/petroleum/supply/weekly/,America/New_York,10:30:00,SEED
2022-03-30,EIA_CRUDE,EIA,https://www.eia.gov/petroleum/supply/weekly/,America/New_York,10:30:00,SEED
2022-04-06,EIA_CRUDE,EIA,https://www.eia.gov/petroleum/supply/weekly/,America/New_York,10:30:00,SEED
2022-04-13,EIA_CRUDE,EIA,https://www.eia.gov/petroleum/supply/weekly/,America/New_York,10:30:00,SEED
2022-04-20,EIA_CRUDE,EIA,https://www.eia.gov/petroleum/supply/weekly/,America/New_York,10:30:00,SEED
2022-04-27,EIA_CRUDE,EIA,https://www.eia.gov/petroleum/supply/weekly/,America/New_York,10:30:00,SEED
2022-05-04,EIA_CRUDE,EIA,https://www.eia.gov/petroleum/supply/weekly/,America/New_York,10:30:00,SEED
2022-05-11,EIA_CRUDE,EIA,https://www.eia.gov/petroleum/supply/weekly/,America/New_York,10:30:00,SEED
2022-05-18,EIA_CRUDE,EIA,https://www.eia.gov/petroleum/supply/weekly/,America/New_York,10:30:00,SEED
2022-05-25,EIA_CRUDE,EIA,https://www.eia.gov/petroleum/supply/weekly/,America/New_York,10:30:00,SEED
2022-06-01,EIA_CRUDE,EIA,https://www.eia.gov/petroleum/supply/weekly/,America/New_York,10:30:00,SEED
2022-06-08,EIA_CRUDE,EIA,https://www.eia.gov/petroleum/supply/weekly/,America/New_York,10:30:00,SEED
2022-06-15,EIA_CRUDE,EIA,https://www.eia.gov/petroleum/supply/weekly/,America/New_York,10:30:00,SEED
2022-06-22,EIA_CRUDE,EIA,https://www.eia.gov/petroleum/supply/weekly/,America/New_York,10:30:00,SEED
2022-06-29,EIA_CRUDE,EIA,https://www.eia.gov/petroleum/supply/weekly/,America/New_York,10:30:00,SEED
2022-07-06,EIA_CRUDE,EIA,https://www.eia.gov/petroleum/supply/weekly/,America/New_York,10:30:00,SEED
2022-07-13,EIA_CRUDE,EIA,https://www.eia.gov/petroleum/supply/weekly/,America/New_York,10:30:00,SEED
2022-07-20,EIA_CRUDE,EIA,https://www.eia.gov/petroleum/supply/weekly/,America/New_York,10:30:00,SEED
2022-07-27,EIA_CRUDE,EIA,https://www.eia.gov/petroleum/supply/weekly/,America/New_York,10:30:00,SEED
2022-08-03,EIA_CRUDE,EIA,https://www.eia.gov/petroleum/supply/weekly/,America/New_York,10:30:00,SEED
2022-08-10,EIA_CRUDE,EIA,https://www.eia.gov/petroleum/supply/weekly/,America/New_York,10:30:00,SEED
2022-08-17,EIA_CRUDE,EIA,https://www.eia.gov/petroleum/supply/weekly/,America/New_York,10:30:00,SEED
2022-08-24,EIA_CRUDE,EIA,https://www.eia.gov/petroleum/supply/weekly/,America/New_York,10:30:00,SEED
2022-08-31,EIA_CRUDE,EIA,https://www.eia.gov/petroleum/supply/weekly/,America/New_York,10:30:00,SEED
2022-09-07,EIA_CRUDE,EIA,https://www.eia.gov/petroleum/supply/weekly/,America/New_York,10:30:00,SEED
2022-09-14,EIA_CRUDE,EIA,https://www.eia.gov/petroleum/supply/weekly/,America/New_York,10:30:00,SEED
2022-09-21,EIA_CRUDE,EIA,https://www.eia.gov/petroleum/supply/weekly/,America/New_York,10:30:00,SEED
2022-09-28,EIA_CRUDE,EIA,https://www.eia.gov/petroleum/supply/weekly/,America/New_York,10:30:00,SEED
2022-10-05,EIA_CRUDE,EIA,https://www.eia.gov/petroleum/supply/weekly/,America/New_York,10:30:00,SEED
2022-10-12,EIA_CRUDE,EIA,https://www.eia.gov/petroleum/supply/weekly/,America/New_York,10:30:00,SEED
2022-10-19,EIA_CRUDE,EIA,https://www.eia.gov/petroleum/supply/weekly/,America/New_York,10:30:00,SEED
2022-10-26,EIA_CRUDE,EIA,https://www.eia.gov/petroleum/supply/weekly/,America/New_York,10:30:00,SEED
2022-11-02,EIA_CRUDE,EIA,https://www.eia.gov/petroleum/supply/weekly/,America/New_York,10:30:00,SEED
2022-11-09,EIA_CRUDE,EIA,https://www.eia.gov/petroleum/supply/weekly/,America/New_York,10:30:00,SEED
2022-11-16,EIA_CRUDE,EIA,https://www.eia.gov/petroleum/supply/weekly/,America/New_York,10:30:00,SEED
2022-11-23,EIA_CRUDE,EIA,https://www.eia.gov/petroleum/supply/weekly/,America/New_York,10:30:00,SEED
2022-11-30,EIA_CRUDE,EIA,https://www.eia.gov/petroleum/supply/weekly/,America/New_York,10:30:00,SEED
2022-12-07,EIA_CRUDE,EIA,https://www.eia.gov/petroleum/supply/weekly/,America/New_York,10:30:00,SEED
2022-12-14,EIA_CRUDE,EIA,https://www.eia.gov/petroleum/supply/weekly/,America/New_York,10:30:00,SEED
2022-12-21,EIA_CRUDE,EIA,https://www.eia.gov/petroleum/supply/weekly/,America/New_York,10:30:00,SEED
2022-12-28,EIA_CRUDE,EIA,https://www.eia.gov/petroleum/supply/weekly/,America/New_York,10:30:00,SEED
2023-01-04,EIA_CRUDE,EIA,https://www.eia.gov/petroleum/supply/weekly/,America/New_York,10:30:00,SEED
2023-01-11,EIA_CRUDE,EIA,https://www.eia.gov/petroleum/supply/weekly/,America/New_York,10:30:00,SEED
2023-01-18,EIA_CRUDE,EIA,https://www.eia.gov/petroleum/supply/weekly/,America/New_York,10:30:00,SEED
2023-01-25,EIA_CRUDE,EIA,https://www.eia.gov/petroleum/supply/weekly/,America/New_York,10:30:00,SEED
2023-02-01,EIA_CRUDE,EIA,https://www.eia.gov/petroleum/supply/weekly/,America/New_York,10:30:00,SEED
2023-02-08,EIA_CRUDE,EIA,https://www.eia.gov/petroleum/supply/weekly/,America/New_York,10:30:00,SEED
2023-02-15,EIA_CRUDE,EIA,https://www.eia.gov/petroleum/supply/weekly/,America/New_York,10:30:00,SEED
2023-02-22,EIA_CRUDE,EIA,https://www.eia.gov/petroleum/supply/weekly/,America/New_York,10:30:00,SEED
2023-03-01,EIA_CRUDE,EIA,https://www.eia.gov/petroleum/supply/weekly/,America/New_York,10:30:00,SEED
2023-03-08,EIA_CRUDE,EIA,https://www.eia.gov/petroleum/supply/weekly/,America/New_York,10:30:00,SEED
2023-03-15,EIA_CRUDE,EIA,https://www.eia.gov/petroleum/supply/weekly/,America/New_York,10:30:00,SEED
2023-03-22,EIA_CRUDE,EIA,https://www.eia.gov/petroleum/supply/weekly/,America/New_York,10:30:00,SEED
2023-03-29,EIA_CRUDE,EIA,https://www.eia.gov/petroleum/supply/weekly/,America/New_York,10:30:00,SEED
2023-04-05,EIA_CRUDE,EIA,https://www.eia.gov/petroleum/supply/weekly/,America/New_York,10:30:00,SEED
2023-04-12,EIA_CRUDE,EIA,https://www.eia.gov/petroleum/supply/weekly/,America/New_York,10:30:00,SEED
2023-04-19,EIA_CRUDE,EIA,https://www.eia.gov/petroleum/supply/weekly/,America/New_York,10:30:00,SEED
2023-04-26,EIA_CRUDE,EIA,https://www.eia.gov/petroleum/supply/weekly/,America/New_York,10:30:00,SEED
2023-05-03,EIA_CRUDE,EIA,https://www.eia.gov/petroleum/supply/weekly/,America/New_York,10:30:00,SEED
2023-05-10,EIA_CRUDE,EIA,https://www.eia.gov/petroleum/supply/weekly/,America/New_York,10:30:00,SEED
2023-05-17,EIA_CRUDE,EIA,https://www.eia.gov/petroleum/supply/weekly/,America/New_York,10:30:00,SEED
2023-05-24,EIA_CRUDE,EIA,https://www.eia.gov/petroleum/supply/weekly/,America/New_York,10:30:00,SEED
2023-05-31,EIA_CRUDE,EIA,https://www.eia.gov/petroleum/supply/weekly/,America/New_York,10:30:00,SEED
2023-06-07,EIA_CRUDE,EIA,https://www.eia.gov/petroleum/supply/weekly/,America/New_York,10:30:00,SEED
2023-06-14,EIA_CRUDE,EIA,https://www.eia.gov/petroleum/supply/weekly/,America/New_York,10:30:00,SEED
2023-06-21,EIA_CRUDE,EIA,https://www.eia.gov/petroleum/supply/weekly/,America/New_York,10:30:00,SEED
2023-06-28,EIA_CRUDE,EIA,https://www.eia.gov/petroleum/supply/weekly/,America/New_York,10:30:00,SEED
2023-07-05,EIA_CRUDE,EIA,https://www.eia.gov/petroleum/supply/weekly/,America/New_York,10:30:00,SEED
2023-07-12,EIA_CRUDE,EIA,https://www.eia.gov/petroleum/supply/weekly/,America/New_York,10:30:00,SEED
2023-07-19,EIA_CRUDE,EIA,https://www.eia.gov/petroleum/supply/weekly/,America/New_York,10:30:00,SEED
2023-07-26,EIA_CRUDE,EIA,https://www.eia.gov/petroleum/supply/weekly/,America/New_York,10:30:00,SEED
2023-08-02,EIA_CRUDE,EIA,https://www.eia.gov/petroleum/supply/weekly/,America/New_York,10:30:00,SEED
2023-08-09,EIA_CRUDE,EIA,https://www.eia.gov/petroleum/supply/weekly/,America/New_York,10:30:00,SEED
2023-08-16,EIA_CRUDE,EIA,https://www.eia.gov/petroleum/supply/weekly/,America/New_York,10:30:00,SEED
2023-08-23,EIA_CRUDE,EIA,https://www.eia.gov/petroleum/supply/weekly/,America/New_York,10:30:00,SEED
2023-08-30,EIA_CRUDE,EIA,https://www.eia.gov/petroleum/supply/weekly/,America/New_York,10:30:00,SEED
2023-09-06,EIA_CRUDE,EIA,https://www.eia.gov/petroleum/supply/weekly/,America/New_York,10:30:00,SEED
2023-09-13,EIA_CRUDE,EIA,https://www.eia.gov/petroleum/supply/weekly/,America/New_York,10:30:00,SEED
2023-09-20,EIA_CRUDE,EIA,https://www.eia.gov/petroleum/supply/weekly/,America/New_York,10:30:00,SEED
2023-09-27,EIA_CRUDE,EIA,https://www.eia.gov/petroleum/supply/weekly/,America/New_York,10:30:00,SEED
2023-10-04,EIA_CRUDE,EIA,https://www.eia.gov/petroleum/supply/weekly/,America/New_York,10:30:00,SEED
2023-10-11,EIA_CRUDE,EIA,https://www.eia.gov/petroleum/supply/weekly/,America/New_York,10:30:00,SEED
2023-10-18,EIA_CRUDE,EIA,https://www.eia.gov/petroleum/supply/weekly/,America/New_York,10:30:00,SEED
2023-10-25,EIA_CRUDE,EIA,https://www.eia.gov/petroleum/supply/weekly/,America/New_York,10:30:00,SEED
2023-11-01,EIA_CRUDE,EIA,https://www.eia.gov/petroleum/supply/weekly/,America/New_York,10:30:00,SEED
2023-11-08,EIA_CRUDE,EIA,https://www.eia.gov/petroleum/supply/weekly/,America/New_York,10:30:00,SEED
2023-11-15,EIA_CRUDE,EIA,https://www.eia.gov/petroleum/supply/weekly/,America/New_York,10:30:00,SEED
2023-11-22,EIA_CRUDE,EIA,https://www.eia.gov/petroleum/supply/weekly/,America/New_York,10:30:00,SEED
2023-11-29,EIA_CRUDE,EIA,https://www.eia.gov/petroleum/supply/weekly/,America/New_York,10:30:00,SEED
2023-12-06,EIA_CRUDE,EIA,https://www.eia.gov/petroleum/supply/weekly/,America/New_York,10:30:00,SEED
2023-12-13,EIA_CRUDE,EIA,https://www.eia.gov/petroleum/supply/weekly/,America/New_York,10:30:00,SEED
2023-12-20,EIA_CRUDE,EIA,https://www.eia.gov/petroleum/supply/weekly/,America/New_York,10:30:00,SEED
2023-12-27,EIA_CRUDE,EIA,https://www.eia.gov/petroleum/supply/weekly/,America/New_York,10:30:00,SEED
2024-01-03,EIA_CRUDE,EIA,https://www.eia.gov/petroleum/supply/weekly/,America/New_York,10:30:00,SEED
2024-01-10,EIA_CRUDE,EIA,https://www.eia.gov/petroleum/supply/weekly/,America/New_York,10:30:00,SEED
2024-01-17,EIA_CRUDE,EIA,https://www.eia.gov/petroleum/supply/weekly/,America/New_York,10:30:00,SEED
2024-01-24,EIA_CRUDE,EIA,https://www.eia.gov/petroleum/supply/weekly/,America/New_York,10:30:00,SEED
2024-01-31,EIA_CRUDE,EIA,https://www.eia.gov/petroleum/supply/weekly/,America/New_York,10:30:00,SEED
2024-02-07,EIA_CRUDE,EIA,https://www.eia.gov/petroleum/supply/weekly/,America/New_York,10:30:00,SEED
2024-02-14,EIA_CRUDE,EIA,https://www.eia.gov/petroleum/supply/weekly/,America/New_York,10:30:00,SEED
2024-02-21,EIA_CRUDE,EIA,https://www.eia.gov/petroleum/supply/weekly/,America/New_York,10:30:00,SEED
2024-02-28,EIA_CRUDE,EIA,https://www.eia.gov/petroleum/supply/weekly/,America/New_York,10:30:00,SEED
2024-03-06,EIA_CRUDE,EIA,https://www.eia.gov/petroleum/supply/weekly/,America/New_York,10:30:00,SEED
2024-03-13,EIA_CRUDE,EIA,https://www.eia.gov/petroleum/supply/weekly/,America/New_York,10:30:00,SEED
2024-03-20,EIA_CRUDE,EIA,https://www.eia.gov/petroleum/supply/weekly/,America/New_York,10:30:00,SEED
2024-03-27,EIA_CRUDE,EIA,https://www.eia.gov/petroleum/supply/weekly/,America/New_York,10:30:00,SEED
2024-04-03,EIA_CRUDE,EIA,https://www.eia.gov/petroleum/supply/weekly/,America/New_York,10:30:00,SEED
2024-04-10,EIA_CRUDE,EIA,https://www.eia.gov/petroleum/supply/weekly/,America/New_York,10:30:00,SEED
2024-04-17,EIA_CRUDE,EIA,https://www.eia.gov/petroleum/supply/weekly/,America/New_York,10:30:00,SEED
2024-04-24,EIA_CRUDE,EIA,https://www.eia.gov/petroleum/supply/weekly/,America/New_York,10:30:00,SEED
2024-05-01,EIA_CRUDE,EIA,https://www.eia.gov/petroleum/supply/weekly/,America/New_York,10:30:00,SEED
2024-05-08,EIA_CRUDE,EIA,https://www.eia.gov/petroleum/supply/weekly/,America/New_York,10:30:00,SEED
2024-05-15,EIA_CRUDE,EIA,https://www.eia.gov/petroleum/supply/weekly/,America/New_York,10:30:00,SEED
2024-05-22,EIA_CRUDE,EIA,https://www.eia.gov/petroleum/supply/weekly/,America/New_York,10:30:00,SEED
2024-05-29,EIA_CRUDE,EIA,https://www.eia.gov/petroleum/supply/weekly/,America/New_York,10:30:00,SEED
2024-06-05,EIA_CRUDE,EIA,https://www.eia.gov/petroleum/supply/weekly/,America/New_York,10:30:00,SEED
2024-06-12,EIA_CRUDE,EIA,https://www.eia.gov/petroleum/supply/weekly/,America/New_York,10:30:00,SEED
2024-06-19,EIA_CRUDE,EIA,https://www.eia.gov/petroleum/supply/weekly/,America/New_York,10:30:00,SEED
2024-06-26,EIA_CRUDE,EIA,https://www.eia.gov/petroleum/supply/weekly/,America/New_York,10:30:00,SEED
2024-07-03,EIA_CRUDE,EIA,https://www.eia.gov/petroleum/supply/weekly/,America/New_York,10:30:00,SEED
2024-07-10,EIA_CRUDE,EIA,https://www.eia.gov/petroleum/supply/weekly/,America/New_York,10:30:00,SEED
2024-07-17,EIA_CRUDE,EIA,https://www.eia.gov/petroleum/supply/weekly/,America/New_York,10:30:00,SEED
2024-07-24,EIA_CRUDE,EIA,https://www.eia.gov/petroleum/supply/weekly/,America/New_York,10:30:00,SEED
2024-07-31,EIA_CRUDE,EIA,https://www.eia.gov/petroleum/supply/weekly/,America/New_York,10:30:00,SEED
2024-08-07,EIA_CRUDE,EIA,https://www.eia.gov/petroleum/supply/weekly/,America/New_York,10:30:00,SEED
2024-08-14,EIA_CRUDE,EIA,https://www.eia.gov/petroleum/supply/weekly/,America/New_York,10:30:00,SEED
2024-08-21,EIA_CRUDE,EIA,https://www.eia.gov/petroleum/supply/weekly/,America/New_York,10:30:00,SEED
2024-08-28,EIA_CRUDE,EIA,https://www.eia.gov/petroleum/supply/weekly/,America/New_York,10:30:00,SEED
2024-09-04,EIA_CRUDE,EIA,https://www.eia.gov/petroleum/supply/weekly/,America/New_York,10:30:00,SEED
2024-09-11,EIA_CRUDE,EIA,https://www.eia.gov/petroleum/supply/weekly/,America/New_York,10:30:00,SEED
2024-09-18,EIA_CRUDE,EIA,https://www.eia.gov/petroleum/supply/weekly/,America/New_York,10:30:00,SEED
2024-09-25,EIA_CRUDE,EIA,https://www.eia.gov/petroleum/supply/weekly/,America/New_York,10:30:00,SEED
2024-10-02,EIA_CRUDE,EIA,https://www.eia.gov/petroleum/supply/weekly/,America/New_York,10:30:00,SEED
2024-10-09,EIA_CRUDE,EIA,https://www.eia.gov/petroleum/supply/weekly/,America/New_York,10:30:00,SEED
2024-10-16,EIA_CRUDE,EIA,https://www.eia.gov/petroleum/supply/weekly/,America/New_York,10:30:00,SEED
2024-10-23,EIA_CRUDE,EIA,https://www.eia.gov/petroleum/supply/weekly/,America/New_York,10:30:00,SEED
2024-10-30,EIA_CRUDE,EIA,https://www.eia.gov/petroleum/supply/weekly/,America/New_York,10:30:00,SEED
2024-11-06,EIA_CRUDE,EIA,https://www.eia.gov/petroleum/supply/weekly/,America/New_York,10:30:00,SEED
2024-11-13,EIA_CRUDE,EIA,https://www.eia.gov/petroleum/supply/weekly/,America/New_York,10:30:00,SEED
2024-11-20,EIA_CRUDE,EIA,https://www.eia.gov/petroleum/supply/weekly/,America/New_York,10:30:00,SEED
2024-11-27,EIA_CRUDE,EIA,https://www.eia.gov/petroleum/supply/weekly/,America/New_York,10:30:00,SEED
2024-12-04,EIA_CRUDE,EIA,https://www.eia.gov/petroleum/supply/weekly/,America/New_York,10:30:00,SEED
2024-12-11,EIA_CRUDE,EIA,https://www.eia.gov/petroleum/supply/weekly/,America/New_York,10:30:00,SEED
2024-12-18,EIA_CRUDE,EIA,https://www.eia.gov/petroleum/supply/weekly/,America/New_York,10:30:00,SEED
2024-12-25,EIA_CRUDE,EIA,https://www.eia.gov/petroleum/supply/weekly/,America/New_York,10:30:00,SEED
2025-01-01,EIA_CRUDE,EIA,https://www.eia.gov/petroleum/supply/weekly/,America/New_York,10:30:00,SEED
2025-01-08,EIA_CRUDE,EIA,https://www.eia.gov/petroleum/supply/weekly/,America/New_York,10:30:00,SEED
2025-01-15,EIA_CRUDE,EIA,https://www.eia.gov/petroleum/supply/weekly/,America/New_York,10:30:00,SEED
2025-01-22,EIA_CRUDE,EIA,https://www.eia.gov/petroleum/supply/weekly/,America/New_York,10:30:00,SEED
2025-01-29,EIA_CRUDE,EIA,https://www.eia.gov/petroleum/supply/weekly/,America/New_York,10:30:00,SEED
2025-02-05,EIA_CRUDE,EIA,https://www.eia.gov/petroleum/supply/weekly/,America/New_York,10:30:00,SEED
2025-02-12,EIA_CRUDE,EIA,https://www.eia.gov/petroleum/supply/weekly/,America/New_York,10:30:00,SEED
2025-02-19,EIA_CRUDE,EIA,https://www.eia.gov/petroleum/supply/weekly/,America/New_York,10:30:00,SEED
2025-02-26,EIA_CRUDE,EIA,https://www.eia.gov/petroleum/supply/weekly/,America/New_York,10:30:00,SEED
2025-03-05,EIA_CRUDE,EIA,https://www.eia.gov/petroleum/supply/weekly/,America/New_York,10:30:00,SEED
2025-03-12,EIA_CRUDE,EIA,https://www.eia.gov/petroleum/supply/weekly/,America/New_York,10:30:00,SEED
2025-03-19,EIA_CRUDE,EIA,https://www.eia.gov/petroleum/supply/weekly/,America/New_York,10:30:00,SEED
2025-03-26,EIA_CRUDE,EIA,https://www.eia.gov/petroleum/supply/weekly/,America/New_York,10:30:00,SEED
2025-04-02,EIA_CRUDE,EIA,https://www.eia.gov/petroleum/supply/weekly/,America/New_York,10:30:00,SEED
2025-04-09,EIA_CRUDE,EIA,https://www.eia.gov/petroleum/supply/weekly/,America/New_York,10:30:00,SEED
2025-04-16,EIA_CRUDE,EIA,https://www.eia.gov/petroleum/supply/weekly/,America/New_York,10:30:00,SEED
2025-04-23,EIA_CRUDE,EIA,https://www.eia.gov/petroleum/supply/weekly/,America/New_York,10:30:00,SEED
2025-04-30,EIA_CRUDE,EIA,https://www.eia.gov/petroleum/supply/weekly/,America/New_York,10:30:00,SEED
2025-05-07,EIA_CRUDE,EIA,https://www.eia.gov/petroleum/supply/weekly/,America/New_York,10:30:00,SEED
2025-05-14,EIA_CRUDE,EIA,https://www.eia.gov/petroleum/supply/weekly/,America/New_York,10:30:00,SEED
2025-05-21,EIA_CRUDE,EIA,https://www.eia.gov/petroleum/supply/weekly/,America/New_York,10:30:00,SEED
2025-05-28,EIA_CRUDE,EIA,https://www.eia.gov/petroleum/supply/weekly/,America/New_York,10:30:00,SEED
2025-06-04,EIA_CRUDE,EIA,https://www.eia.gov/petroleum/supply/weekly/,America/New_York,10:30:00,SEED
2025-06-11,EIA_CRUDE,EIA,https://www.eia.gov/petroleum/supply/weekly/,America/New_York,10:30:00,SEED
2025-06-18,EIA_CRUDE,EIA,https://www.eia.gov/petroleum/supply/weekly/,America/New_York,10:30:00,SEED
2025-06-25,EIA_CRUDE,EIA,https://www.eia.gov/petroleum/supply/weekly/,America/New_York,10:30:00,SEED
2025-07-02,EIA_CRUDE,EIA,https://www.eia.gov/petroleum/supply/weekly/,America/New_York,10:30:00,SEED
2025-07-09,EIA_CRUDE,EIA,https://www.eia.gov/petroleum/supply/weekly/,America/New_York,10:30:00,SEED
2025-07-16,EIA_CRUDE,EIA,https://www.eia.gov/petroleum/supply/weekly/,America/New_York,10:30:00,SEED
2025-07-23,EIA_CRUDE,EIA,https://www.eia.gov/petroleum/supply/weekly/,America/New_York,10:30:00,SEED
2025-07-30,EIA_CRUDE,EIA,https://www.eia.gov/petroleum/supply/weekly/,America/New_York,10:30:00,SEED
2025-08-06,EIA_CRUDE,EIA,https://www.eia.gov/petroleum/supply/weekly/,America/New_York,10:30:00,SEED
2025-08-13,EIA_CRUDE,EIA,https://www.eia.gov/petroleum/supply/weekly/,America/New_York,10:30:00,SEED
2025-08-20,EIA_CRUDE,EIA,https://www.eia.gov/petroleum/supply/weekly/,America/New_York,10:30:00,SEED
2025-08-27,EIA_CRUDE,EIA,https://www.eia.gov/petroleum/supply/weekly/,America/New_York,10:30:00,SEED
2025-09-03,EIA_CRUDE,EIA,https://www.eia.gov/petroleum/supply/weekly/,America/New_York,10:30:00,SEED
2025-09-10,EIA_CRUDE,EIA,https://www.eia.gov/petroleum/supply/weekly/,America/New_York,10:30:00,SEED
2025-09-17,EIA_CRUDE,EIA,https://www.eia.gov/petroleum/supply/weekly/,America/New_York,10:30:00,SEED
2025-09-24,EIA_CRUDE,EIA,https://www.eia.gov/petroleum/supply/weekly/,America/New_York,10:30:00,SEED
2025-10-01,EIA_CRUDE,EIA,https://www.eia.gov/petroleum/supply/weekly/,America/New_York,10:30:00,SEED
2025-10-08,EIA_CRUDE,EIA,https://www.eia.gov/petroleum/supply/weekly/,America/New_York,10:30:00,SEED
2025-10-15,EIA_CRUDE,EIA,https://www.eia.gov/petroleum/supply/weekly/,America/New_York,10:30:00,SEED
2025-10-22,EIA_CRUDE,EIA,https://www.eia.gov/petroleum/supply/weekly/,America/New_York,10:30:00,SEED
2025-10-29,EIA_CRUDE,EIA,https://www.eia.gov/petroleum/supply/weekly/,America/New_York,10:30:00,SEED
2025-11-05,EIA_CRUDE,EIA,https://www.eia.gov/petroleum/supply/weekly/,America/New_York,10:30:00,SEED
2025-11-12,EIA_CRUDE,EIA,https://www.eia.gov/petroleum/supply/weekly/,America/New_York,10:30:00,SEED
2025-11-19,EIA_CRUDE,EIA,https://www.eia.gov/petroleum/supply/weekly/,America/New_York,10:30:00,SEED
2025-11-26,EIA_CRUDE,EIA,https://www.eia.gov/petroleum/supply/weekly/,America/New_York,10:30:00,SEED
2025-12-03,EIA_CRUDE,EIA,https://www.eia.gov/petroleum/supply/weekly/,America/New_York,10:30:00,SEED
2025-12-10,EIA_CRUDE,EIA,https://www.eia.gov/petroleum/supply/weekly/,America/New_York,10:30:00,SEED
2025-12-17,EIA_CRUDE,EIA,https://www.eia.gov/petroleum/supply/weekly/,America/New_York,10:30:00,SEED
2025-12-24,EIA_CRUDE,EIA,https://www.eia.gov/petroleum/supply/weekly/,America/New_York,10:30:00,SEED
2025-12-31,EIA_CRUDE,EIA,https://www.eia.gov/petroleum/supply/weekly/,America/New_York,10:30:00,SEED
2026-01-07,EIA_CRUDE,EIA,https://www.eia.gov/petroleum/supply/weekly/,America/New_York,10:30:00,SEED
2026-01-14,EIA_CRUDE,EIA,https://www.eia.gov/petroleum/supply/weekly/,America/New_York,10:30:00,SEED
2026-01-21,EIA_CRUDE,EIA,https://www.eia.gov/petroleum/supply/weekly/,America/New_York,10:30:00,SEED
2026-01-28,EIA_CRUDE,EIA,https://www.eia.gov/petroleum/supply/weekly/,America/New_York,10:30:00,SEED
2026-02-04,EIA_CRUDE,EIA,https://www.eia.gov/petroleum/supply/weekly/,America/New_York,10:30:00,SEED
2026-02-11,EIA_CRUDE,EIA,https://www.eia.gov/petroleum/supply/weekly/,America/New_York,10:30:00,SEED
2026-02-18,EIA_CRUDE,EIA,https://www.eia.gov/petroleum/supply/weekly/,America/New_York,10:30:00,SEED
2026-02-25,EIA_CRUDE,EIA,https://www.eia.gov/petroleum/supply/weekly/,America/New_York,10:30:00,SEED
2026-03-04,EIA_CRUDE,EIA,https://www.eia.gov/petroleum/supply/weekly/,America/New_York,10:30:00,SEED
2026-03-11,EIA_CRUDE,EIA,https://www.eia.gov/petroleum/supply/weekly/,America/New_York,10:30:00,SEED
2026-03-18,EIA_CRUDE,EIA,https://www.eia.gov/petroleum/supply/weekly/,America/New_York,10:30:00,SEED
2026-03-25,EIA_CRUDE,EIA,https://www.eia.gov/petroleum/supply/weekly/,America/New_York,10:30:00,SEED
2026-04-01,EIA_CRUDE,EIA,https://www.eia.gov/petroleum/supply/weekly/,America/New_York,10:30:00,SEED
2026-04-08,EIA_CRUDE,EIA,https://www.eia.gov/petroleum/supply/weekly/,America/New_York,10:30:00,SEED
2026-04-15,EIA_CRUDE,EIA,https://www.eia.gov/petroleum/supply/weekly/,America/New_York,10:30:00,SEED
2026-04-22,EIA_CRUDE,EIA,https://www.eia.gov/petroleum/supply/weekly/,America/New_York,10:30:00,SEED
2026-04-29,EIA_CRUDE,EIA,https://www.eia.gov/petroleum/supply/weekly/,America/New_York,10:30:00,SEED
2026-05-06,EIA_CRUDE,EIA,https://www.eia.gov/petroleum/supply/weekly/,America/New_York,10:30:00,SEED
2026-05-13,EIA_CRUDE,EIA,https://www.eia.gov/petroleum/supply/weekly/,America/New_York,10:30:00,SEED
2026-05-20,EIA_CRUDE,EIA,https://www.eia.gov/petroleum/supply/weekly/,America/New_York,10:30:00,SEED
2026-05-27,EIA_CRUDE,EIA,https://www.eia.gov/petroleum/supply/weekly/,America/New_York,10:30:00,SEED
2026-06-03,EIA_CRUDE,EIA,https://www.eia.gov/petroleum/supply/weekly/,America/New_York,10:30:00,SEED
2026-06-10,EIA_CRUDE,EIA,https://www.eia.gov/petroleum/supply/weekly/,America/New_York,10:30:00,SEED
2026-06-17,EIA_CRUDE,EIA,https://www.eia.gov/petroleum/supply/weekly/,America/New_York,10:30:00,SEED
2026-06-24,EIA_CRUDE,EIA,https://www.eia.gov/petroleum/supply/weekly/,America/New_York,10:30:00,SEED
2026-07-01,EIA_CRUDE,EIA,https://www.eia.gov/petroleum/supply/weekly/,America/New_York,10:30:00,SEED
2026-07-08,EIA_CRUDE,EIA,https://www.eia.gov/petroleum/supply/weekly/,America/New_York,10:30:00,SEED
2026-07-15,EIA_CRUDE,EIA,https://www.eia.gov/petroleum/supply/weekly/,America/New_York,10:30:00,SEED
2026-07-22,EIA_CRUDE,EIA,https://www.eia.gov/petroleum/supply/weekly/,America/New_York,10:30:00,SEED
2026-07-29,EIA_CRUDE,EIA,https://www.eia.gov/petroleum/supply/weekly/,America/New_York,10:30:00,SEED
2026-08-05,EIA_CRUDE,EIA,https://www.eia.gov/petroleum/supply/weekly/,America/New_York,10:30:00,SEED
2026-08-12,EIA_CRUDE,EIA,https://www.eia.gov/petroleum/supply/weekly/,America/New_York,10:30:00,SEED
2026-08-19,EIA_CRUDE,EIA,https://www.eia.gov/petroleum/supply/weekly/,America/New_York,10:30:00,SEED
2026-08-26,EIA_CRUDE,EIA,https://www.eia.gov/petroleum/supply/weekly/,America/New_York,10:30:00,SEED
2026-09-02,EIA_CRUDE,EIA,https://www.eia.gov/petroleum/supply/weekly/,America/New_York,10:30:00,SEED
2026-09-09,EIA_CRUDE,EIA,https://www.eia.gov/petroleum/supply/weekly/,America/New_York,10:30:00,SEED
2026-09-16,EIA_CRUDE,EIA,https://www.eia.gov/petroleum/supply/weekly/,America/New_York,10:30:00,SEED
2026-09-23,EIA_CRUDE,EIA,https://www.eia.gov/petroleum/supply/weekly/,America/New_York,10:30:00,SEED
2026-09-30,EIA_CRUDE,EIA,https://www.eia.gov/petroleum/supply/weekly/,America/New_York,10:30:00,SEED
2026-10-07,EIA_CRUDE,EIA,https://www.eia.gov/petroleum/supply/weekly/,America/New_York,10:30:00,SEED
2026-10-14,EIA_CRUDE,EIA,https://www.eia.gov/petroleum/supply/weekly/,America/New_York,10:30:00,SEED
2026-10-21,EIA_CRUDE,EIA,https://www.eia.gov/petroleum/supply/weekly/,America/New_York,10:30:00,SEED
2026-10-28,EIA_CRUDE,EIA,https://www.eia.gov/petroleum/supply/weekly/,America/New_York,10:30:00,SEED
2026-11-04,EIA_CRUDE,EIA,https://www.eia.gov/petroleum/supply/weekly/,America/New_York,10:30:00,SEED
2026-11-11,EIA_CRUDE,EIA,https://www.eia.gov/petroleum/supply/weekly/,America/New_York,10:30:00,SEED
2026-11-18,EIA_CRUDE,EIA,https://www.eia.gov/petroleum/supply/weekly/,America/New_York,10:30:00,SEED
2026-11-25,EIA_CRUDE,EIA,https://www.eia.gov/petroleum/supply/weekly/,America/New_York,10:30:00,SEED
2026-12-02,EIA_CRUDE,EIA,https://www.eia.gov/petroleum/supply/weekly/,America/New_York,10:30:00,SEED
2026-12-09,EIA_CRUDE,EIA,https://www.eia.gov/petroleum/supply/weekly/,America/New_York,10:30:00,SEED
2026-12-16,EIA_CRUDE,EIA,https://www.eia.gov/petroleum/supply/weekly/,America/New_York,10:30:00,SEED
2026-12-23,EIA_CRUDE,EIA,https://www.eia.gov/petroleum/supply/weekly/,America/New_York,10:30:00,SEED
2026-12-30,EIA_CRUDE,EIA,https://www.eia.gov/petroleum/supply/weekly/,America/New_York,10:30:00,SEED
2018-01-03,EIA_NATGAS,EIA,https://www.eia.gov/naturalgas/storage/,America/New_York,10:30:00,SEED
2018-01-10,EIA_NATGAS,EIA,https://www.eia.gov/naturalgas/storage/,America/New_York,10:30:00,SEED
2018-01-17,EIA_NATGAS,EIA,https://www.eia.gov/naturalgas/storage/,America/New_York,10:30:00,SEED
2018-01-24,EIA_NATGAS,EIA,https://www.eia.gov/naturalgas/storage/,America/New_York,10:30:00,SEED
2018-01-31,EIA_NATGAS,EIA,https://www.eia.gov/naturalgas/storage/,America/New_York,10:30:00,SEED
2018-02-07,EIA_NATGAS,EIA,https://www.eia.gov/naturalgas/storage/,America/New_York,10:30:00,SEED
2018-02-14,EIA_NATGAS,EIA,https://www.eia.gov/naturalgas/storage/,America/New_York,10:30:00,SEED
2018-02-21,EIA_NATGAS,EIA,https://www.eia.gov/naturalgas/storage/,America/New_York,10:30:00,SEED
2018-02-28,EIA_NATGAS,EIA,https://www.eia.gov/naturalgas/storage/,America/New_York,10:30:00,SEED
2018-03-07,EIA_NATGAS,EIA,https://www.eia.gov/naturalgas/storage/,America/New_York,10:30:00,SEED
2018-03-14,EIA_NATGAS,EIA,https://www.eia.gov/naturalgas/storage/,America/New_York,10:30:00,SEED
2018-03-21,EIA_NATGAS,EIA,https://www.eia.gov/naturalgas/storage/,America/New_York,10:30:00,SEED
2018-03-28,EIA_NATGAS,EIA,https://www.eia.gov/naturalgas/storage/,America/New_York,10:30:00,SEED
2018-04-04,EIA_NATGAS,EIA,https://www.eia.gov/naturalgas/storage/,America/New_York,10:30:00,SEED
2018-04-11,EIA_NATGAS,EIA,https://www.eia.gov/naturalgas/storage/,America/New_York,10:30:00,SEED
2018-04-18,EIA_NATGAS,EIA,https://www.eia.gov/naturalgas/storage/,America/New_York,10:30:00,SEED
2018-04-25,EIA_NATGAS,EIA,https://www.eia.gov/naturalgas/storage/,America/New_York,10:30:00,SEED
2018-05-02,EIA_NATGAS,EIA,https://www.eia.gov/naturalgas/storage/,America/New_York,10:30:00,SEED
2018-05-09,EIA_NATGAS,EIA,https://www.eia.gov/naturalgas/storage/,America/New_York,10:30:00,SEED
2018-05-16,EIA_NATGAS,EIA,https://www.eia.gov/naturalgas/storage/,America/New_York,10:30:00,SEED
2018-05-23,EIA_NATGAS,EIA,https://www.eia.gov/naturalgas/storage/,America/New_York,10:30:00,SEED
2018-05-30,EIA_NATGAS,EIA,https://www.eia.gov/naturalgas/storage/,America/New_York,10:30:00,SEED
2018-06-06,EIA_NATGAS,EIA,https://www.eia.gov/naturalgas/storage/,America/New_York,10:30:00,SEED
2018-06-13,EIA_NATGAS,EIA,https://www.eia.gov/naturalgas/storage/,America/New_York,10:30:00,SEED
2018-06-20,EIA_NATGAS,EIA,https://www.eia.gov/naturalgas/storage/,America/New_York,10:30:00,SEED
2018-06-27,EIA_NATGAS,EIA,https://www.eia.gov/naturalgas/storage/,America/New_York,10:30:00,SEED
2018-07-04,EIA_NATGAS,EIA,https://www.eia.gov/naturalgas/storage/,America/New_York,10:30:00,SEED
2018-07-11,EIA_NATGAS,EIA,https://www.eia.gov/naturalgas/storage/,America/New_York,10:30:00,SEED
2018-07-18,EIA_NATGAS,EIA,https://www.eia.gov/naturalgas/storage/,America/New_York,10:30:00,SEED
2018-07-25,EIA_NATGAS,EIA,https://www.eia.gov/naturalgas/storage/,America/New_York,10:30:00,SEED
2018-08-01,EIA_NATGAS,EIA,https://www.eia.gov/naturalgas/storage/,America/New_York,10:30:00,SEED
2018-08-08,EIA_NATGAS,EIA,https://www.eia.gov/naturalgas/storage/,America/New_York,10:30:00,SEED
2018-08-15,EIA_NATGAS,EIA,https://www.eia.gov/naturalgas/storage/,America/New_York,10:30:00,SEED
2018-08-22,EIA_NATGAS,EIA,https://www.eia.gov/naturalgas/storage/,America/New_York,10:30:00,SEED
2018-08-29,EIA_NATGAS,EIA,https://www.eia.gov/naturalgas/storage/,America/New_York,10:30:00,SEED
2018-09-05,EIA_NATGAS,EIA,https://www.eia.gov/naturalgas/storage/,America/New_York,10:30:00,SEED
2018-09-12,EIA_NATGAS,EIA,https://www.eia.gov/naturalgas/storage/,America/New_York,10:30:00,SEED
2018-09-19,EIA_NATGAS,EIA,https://www.eia.gov/naturalgas/storage/,America/New_York,10:30:00,SEED
2018-09-26,EIA_NATGAS,EIA,https://www.eia.gov/naturalgas/storage/,America/New_York,10:30:00,SEED
2018-10-03,EIA_NATGAS,EIA,https://www.eia.gov/naturalgas/storage/,America/New_York,10:30:00,SEED
2018-10-10,EIA_NATGAS,EIA,https://www.eia.gov/naturalgas/storage/,America/New_York,10:30:00,SEED
2018-10-17,EIA_NATGAS,EIA,https://www.eia.gov/naturalgas/storage/,America/New_York,10:30:00,SEED
2018-10-24,EIA_NATGAS,EIA,https://www.eia.gov/naturalgas/storage/,America/New_York,10:30:00,SEED
2018-10-31,EIA_NATGAS,EIA,https://www.eia.gov/naturalgas/storage/,America/New_York,10:30:00,SEED
2018-11-07,EIA_NATGAS,EIA,https://www.eia.gov/naturalgas/storage/,America/New_York,10:30:00,SEED
2018-11-14,EIA_NATGAS,EIA,https://www.eia.gov/naturalgas/storage/,America/New_York,10:30:00,SEED
2018-11-21,EIA_NATGAS,EIA,https://www.eia.gov/naturalgas/storage/,America/New_York,10:30:00,SEED
2018-11-28,EIA_NATGAS,EIA,https://www.eia.gov/naturalgas/storage/,America/New_York,10:30:00,SEED
2018-12-05,EIA_NATGAS,EIA,https://www.eia.gov/naturalgas/storage/,America/New_York,10:30:00,SEED
2018-12-12,EIA_NATGAS,EIA,https://www.eia.gov/naturalgas/storage/,America/New_York,10:30:00,SEED
2018-12-19,EIA_NATGAS,EIA,https://www.eia.gov/naturalgas/storage/,America/New_York,10:30:00,SEED
2018-12-26,EIA_NATGAS,EIA,https://www.eia.gov/naturalgas/storage/,America/New_York,10:30:00,SEED
2019-01-02,EIA_NATGAS,EIA,https://www.eia.gov/naturalgas/storage/,America/New_York,10:30:00,SEED
2019-01-09,EIA_NATGAS,EIA,https://www.eia.gov/naturalgas/storage/,America/New_York,10:30:00,SEED
2019-01-16,EIA_NATGAS,EIA,https://www.eia.gov/naturalgas/storage/,America/New_York,10:30:00,SEED
2019-01-23,EIA_NATGAS,EIA,https://www.eia.gov/naturalgas/storage/,America/New_York,10:30:00,SEED
2019-01-30,EIA_NATGAS,EIA,https://www.eia.gov/naturalgas/storage/,America/New_York,10:30:00,SEED
2019-02-06,EIA_NATGAS,EIA,https://www.eia.gov/naturalgas/storage/,America/New_York,10:30:00,SEED
2019-02-13,EIA_NATGAS,EIA,https://www.eia.gov/naturalgas/storage/,America/New_York,10:30:00,SEED
2019-02-20,EIA_NATGAS,EIA,https://www.eia.gov/naturalgas/storage/,America/New_York,10:30:00,SEED
2019-02-27,EIA_NATGAS,EIA,https://www.eia.gov/naturalgas/storage/,America/New_York,10:30:00,SEED
2019-03-06,EIA_NATGAS,EIA,https://www.eia.gov/naturalgas/storage/,America/New_York,10:30:00,SEED
2019-03-13,EIA_NATGAS,EIA,https://www.eia.gov/naturalgas/storage/,America/New_York,10:30:00,SEED
2019-03-20,EIA_NATGAS,EIA,https://www.eia.gov/naturalgas/storage/,America/New_York,10:30:00,SEED
2019-03-27,EIA_NATGAS,EIA,https://www.eia.gov/naturalgas/storage/,America/New_York,10:30:00,SEED
2019-04-03,EIA_NATGAS,EIA,https://www.eia.gov/naturalgas/storage/,America/New_York,10:30:00,SEED
2019-04-10,EIA_NATGAS,EIA,https://www.eia.gov/naturalgas/storage/,America/New_York,10:30:00,SEED
2019-04-17,EIA_NATGAS,EIA,https://www.eia.gov/naturalgas/storage/,America/New_York,10:30:00,SEED
2019-04-24,EIA_NATGAS,EIA,https://www.eia.gov/naturalgas/storage/,America/New_York,10:30:00,SEED
2019-05-01,EIA_NATGAS,EIA,https://www.eia.gov/naturalgas/storage/,America/New_York,10:30:00,SEED
2019-05-08,EIA_NATGAS,EIA,https://www.eia.gov/naturalgas/storage/,America/New_York,10:30:00,SEED
2019-05-15,EIA_NATGAS,EIA,https://www.eia.gov/naturalgas/storage/,America/New_York,10:30:00,SEED
2019-05-22,EIA_NATGAS,EIA,https://www.eia.gov/naturalgas/storage/,America/New_York,10:30:00,SEED
2019-05-29,EIA_NATGAS,EIA,https://www.eia.gov/naturalgas/storage/,America/New_York,10:30:00,SEED
2019-06-05,EIA_NATGAS,EIA,https://www.eia.gov/naturalgas/storage/,America/New_York,10:30:00,SEED
2019-06-12,EIA_NATGAS,EIA,https://www.eia.gov/naturalgas/storage/,America/New_York,10:30:00,SEED
2019-06-19,EIA_NATGAS,EIA,https://www.eia.gov/naturalgas/storage/,America/New_York,10:30:00,SEED
2019-06-26,EIA_NATGAS,EIA,https://www.eia.gov/naturalgas/storage/,America/New_York,10:30:00,SEED
2019-07-03,EIA_NATGAS,EIA,https://www.eia.gov/naturalgas/storage/,America/New_York,10:30:00,SEED
2019-07-10,EIA_NATGAS,EIA,https://www.eia.gov/naturalgas/storage/,America/New_York,10:30:00,SEED
2019-07-17,EIA_NATGAS,EIA,https://www.eia.gov/naturalgas/storage/,America/New_York,10:30:00,SEED
2019-07-24,EIA_NATGAS,EIA,https://www.eia.gov/naturalgas/storage/,America/New_York,10:30:00,SEED
2019-07-31,EIA_NATGAS,EIA,https://www.eia.gov/naturalgas/storage/,America/New_York,10:30:00,SEED
2019-08-07,EIA_NATGAS,EIA,https://www.eia.gov/naturalgas/storage/,America/New_York,10:30:00,SEED
2019-08-14,EIA_NATGAS,EIA,https://www.eia.gov/naturalgas/storage/,America/New_York,10:30:00,SEED
2019-08-21,EIA_NATGAS,EIA,https://www.eia.gov/naturalgas/storage/,America/New_York,10:30:00,SEED
2019-08-28,EIA_NATGAS,EIA,https://www.eia.gov/naturalgas/storage/,America/New_York,10:30:00,SEED
2019-09-04,EIA_NATGAS,EIA,https://www.eia.gov/naturalgas/storage/,America/New_York,10:30:00,SEED
2019-09-11,EIA_NATGAS,EIA,https://www.eia.gov/naturalgas/storage/,America/New_York,10:30:00,SEED
2019-09-18,EIA_NATGAS,EIA,https://www.eia.gov/naturalgas/storage/,America/New_York,10:30:00,SEED
2019-09-25,EIA_NATGAS,EIA,https://www.eia.gov/naturalgas/storage/,America/New_York,10:30:00,SEED
2019-10-02,EIA_NATGAS,EIA,https://www.eia.gov/naturalgas/storage/,America/New_York,10:30:00,SEED
2019-10-09,EIA_NATGAS,EIA,https://www.eia.gov/naturalgas/storage/,America/New_York,10:30:00,SEED
2019-10-16,EIA_NATGAS,EIA,https://www.eia.gov/naturalgas/storage/,America/New_York,10:30:00,SEED
2019-10-23,EIA_NATGAS,EIA,https://www.eia.gov/naturalgas/storage/,America/New_York,10:30:00,SEED
2019-10-30,EIA_NATGAS,EIA,https://www.eia.gov/naturalgas/storage/,America/New_York,10:30:00,SEED
2019-11-06,EIA_NATGAS,EIA,https://www.eia.gov/naturalgas/storage/,America/New_York,10:30:00,SEED
2019-11-13,EIA_NATGAS,EIA,https://www.eia.gov/naturalgas/storage/,America/New_York,10:30:00,SEED
2019-11-20,EIA_NATGAS,EIA,https://www.eia.gov/naturalgas/storage/,America/New_York,10:30:00,SEED
2019-11-27,EIA_NATGAS,EIA,https://www.eia.gov/naturalgas/storage/,America/New_York,10:30:00,SEED
2019-12-04,EIA_NATGAS,EIA,https://www.eia.gov/naturalgas/storage/,America/New_York,10:30:00,SEED
2019-12-11,EIA_NATGAS,EIA,https://www.eia.gov/naturalgas/storage/,America/New_York,10:30:00,SEED
2019-12-18,EIA_NATGAS,EIA,https://www.eia.gov/naturalgas/storage/,America/New_York,10:30:00,SEED
2019-12-25,EIA_NATGAS,EIA,https://www.eia.gov/naturalgas/storage/,America/New_York,10:30:00,SEED
2020-01-01,EIA_NATGAS,EIA,https://www.eia.gov/naturalgas/storage/,America/New_York,10:30:00,SEED
2020-01-08,EIA_NATGAS,EIA,https://www.eia.gov/naturalgas/storage/,America/New_York,10:30:00,SEED
2020-01-15,EIA_NATGAS,EIA,https://www.eia.gov/naturalgas/storage/,America/New_York,10:30:00,SEED
2020-01-22,EIA_NATGAS,EIA,https://www.eia.gov/naturalgas/storage/,America/New_York,10:30:00,SEED
2020-01-29,EIA_NATGAS,EIA,https://www.eia.gov/naturalgas/storage/,America/New_York,10:30:00,SEED
2020-02-05,EIA_NATGAS,EIA,https://www.eia.gov/naturalgas/storage/,America/New_York,10:30:00,SEED
2020-02-12,EIA_NATGAS,EIA,https://www.eia.gov/naturalgas/storage/,America/New_York,10:30:00,SEED
2020-02-19,EIA_NATGAS,EIA,https://www.eia.gov/naturalgas/storage/,America/New_York,10:30:00,SEED
2020-02-26,EIA_NATGAS,EIA,https://www.eia.gov/naturalgas/storage/,America/New_York,10:30:00,SEED
2020-03-04,EIA_NATGAS,EIA,https://www.eia.gov/naturalgas/storage/,America/New_York,10:30:00,SEED
2020-03-11,EIA_NATGAS,EIA,https://www.eia.gov/naturalgas/storage/,America/New_York,10:30:00,SEED
2020-03-18,EIA_NATGAS,EIA,https://www.eia.gov/naturalgas/storage/,America/New_York,10:30:00,SEED
2020-03-25,EIA_NATGAS,EIA,https://www.eia.gov/naturalgas/storage/,America/New_York,10:30:00,SEED
2020-04-01,EIA_NATGAS,EIA,https://www.eia.gov/naturalgas/storage/,America/New_York,10:30:00,SEED
2020-04-08,EIA_NATGAS,EIA,https://www.eia.gov/naturalgas/storage/,America/New_York,10:30:00,SEED
2020-04-15,EIA_NATGAS,EIA,https://www.eia.gov/naturalgas/storage/,America/New_York,10:30:00,SEED
2020-04-22,EIA_NATGAS,EIA,https://www.eia.gov/naturalgas/storage/,America/New_York,10:30:00,SEED
2020-04-29,EIA_NATGAS,EIA,https://www.eia.gov/naturalgas/storage/,America/New_York,10:30:00,SEED
2020-05-06,EIA_NATGAS,EIA,https://www.eia.gov/naturalgas/storage/,America/New_York,10:30:00,SEED
2020-05-13,EIA_NATGAS,EIA,https://www.eia.gov/naturalgas/storage/,America/New_York,10:30:00,SEED
2020-05-20,EIA_NATGAS,EIA,https://www.eia.gov/naturalgas/storage/,America/New_York,10:30:00,SEED
2020-05-27,EIA_NATGAS,EIA,https://www.eia.gov/naturalgas/storage/,America/New_York,10:30:00,SEED
2020-06-03,EIA_NATGAS,EIA,https://www.eia.gov/naturalgas/storage/,America/New_York,10:30:00,SEED
2020-06-10,EIA_NATGAS,EIA,https://www.eia.gov/naturalgas/storage/,America/New_York,10:30:00,SEED
2020-06-17,EIA_NATGAS,EIA,https://www.eia.gov/naturalgas/storage/,America/New_York,10:30:00,SEED
2020-06-24,EIA_NATGAS,EIA,https://www.eia.gov/naturalgas/storage/,America/New_York,10:30:00,SEED
2020-07-01,EIA_NATGAS,EIA,https://www.eia.gov/naturalgas/storage/,America/New_York,10:30:00,SEED
2020-07-08,EIA_NATGAS,EIA,https://www.eia.gov/naturalgas/storage/,America/New_York,10:30:00,SEED
2020-07-15,EIA_NATGAS,EIA,https://www.eia.gov/naturalgas/storage/,America/New_York,10:30:00,SEED
2020-07-22,EIA_NATGAS,EIA,https://www.eia.gov/naturalgas/storage/,America/New_York,10:30:00,SEED
2020-07-29,EIA_NATGAS,EIA,https://www.eia.gov/naturalgas/storage/,America/New_York,10:30:00,SEED
2020-08-05,EIA_NATGAS,EIA,https://www.eia.gov/naturalgas/storage/,America/New_York,10:30:00,SEED
2020-08-12,EIA_NATGAS,EIA,https://www.eia.gov/naturalgas/storage/,America/New_York,10:30:00,SEED
2020-08-19,EIA_NATGAS,EIA,https://www.eia.gov/naturalgas/storage/,America/New_York,10:30:00,SEED
2020-08-26,EIA_NATGAS,EIA,https://www.eia.gov/naturalgas/storage/,America/New_York,10:30:00,SEED
2020-09-02,EIA_NATGAS,EIA,https://www.eia.gov/naturalgas/storage/,America/New_York,10:30:00,SEED
2020-09-09,EIA_NATGAS,EIA,https://www.eia.gov/naturalgas/storage/,America/New_York,10:30:00,SEED
2020-09-16,EIA_NATGAS,EIA,https://www.eia.gov/naturalgas/storage/,America/New_York,10:30:00,SEED
2020-09-23,EIA_NATGAS,EIA,https://www.eia.gov/naturalgas/storage/,America/New_York,10:30:00,SEED
2020-09-30,EIA_NATGAS,EIA,https://www.eia.gov/naturalgas/storage/,America/New_York,10:30:00,SEED
2020-10-07,EIA_NATGAS,EIA,https://www.eia.gov/naturalgas/storage/,America/New_York,10:30:00,SEED
2020-10-14,EIA_NATGAS,EIA,https://www.eia.gov/naturalgas/storage/,America/New_York,10:30:00,SEED
2020-10-21,EIA_NATGAS,EIA,https://www.eia.gov/naturalgas/storage/,America/New_York,10:30:00,SEED
2020-10-28,EIA_NATGAS,EIA,https://www.eia.gov/naturalgas/storage/,America/New_York,10:30:00,SEED
2020-11-04,EIA_NATGAS,EIA,https://www.eia.gov/naturalgas/storage/,America/New_York,10:30:00,SEED
2020-11-11,EIA_NATGAS,EIA,https://www.eia.gov/naturalgas/storage/,America/New_York,10:30:00,SEED
2020-11-18,EIA_NATGAS,EIA,https://www.eia.gov/naturalgas/storage/,America/New_York,10:30:00,SEED
2020-11-25,EIA_NATGAS,EIA,https://www.eia.gov/naturalgas/storage/,America/New_York,10:30:00,SEED
2020-12-02,EIA_NATGAS,EIA,https://www.eia.gov/naturalgas/storage/,America/New_York,10:30:00,SEED
2020-12-09,EIA_NATGAS,EIA,https://www.eia.gov/naturalgas/storage/,America/New_York,10:30:00,SEED
2020-12-16,EIA_NATGAS,EIA,https://www.eia.gov/naturalgas/storage/,America/New_York,10:30:00,SEED
2020-12-23,EIA_NATGAS,EIA,https://www.eia.gov/naturalgas/storage/,America/New_York,10:30:00,SEED
2020-12-30,EIA_NATGAS,EIA,https://www.eia.gov/naturalgas/storage/,America/New_York,10:30:00,SEED
2021-01-06,EIA_NATGAS,EIA,https://www.eia.gov/naturalgas/storage/,America/New_York,10:30:00,SEED
2021-01-13,EIA_NATGAS,EIA,https://www.eia.gov/naturalgas/storage/,America/New_York,10:30:00,SEED
2021-01-20,EIA_NATGAS,EIA,https://www.eia.gov/naturalgas/storage/,America/New_York,10:30:00,SEED
2021-01-27,EIA_NATGAS,EIA,https://www.eia.gov/naturalgas/storage/,America/New_York,10:30:00,SEED
2021-02-03,EIA_NATGAS,EIA,https://www.eia.gov/naturalgas/storage/,America/New_York,10:30:00,SEED
2021-02-10,EIA_NATGAS,EIA,https://www.eia.gov/naturalgas/storage/,America/New_York,10:30:00,SEED
2021-02-17,EIA_NATGAS,EIA,https://www.eia.gov/naturalgas/storage/,America/New_York,10:30:00,SEED
2021-02-24,EIA_NATGAS,EIA,https://www.eia.gov/naturalgas/storage/,America/New_York,10:30:00,SEED
2021-03-03,EIA_NATGAS,EIA,https://www.eia.gov/naturalgas/storage/,America/New_York,10:30:00,SEED
2021-03-10,EIA_NATGAS,EIA,https://www.eia.gov/naturalgas/storage/,America/New_York,10:30:00,SEED
2021-03-17,EIA_NATGAS,EIA,https://www.eia.gov/naturalgas/storage/,America/New_York,10:30:00,SEED
2021-03-24,EIA_NATGAS,EIA,https://www.eia.gov/naturalgas/storage/,America/New_York,10:30:00,SEED
2021-03-31,EIA_NATGAS,EIA,https://www.eia.gov/naturalgas/storage/,America/New_York,10:30:00,SEED
2021-04-07,EIA_NATGAS,EIA,https://www.eia.gov/naturalgas/storage/,America/New_York,10:30:00,SEED
2021-04-14,EIA_NATGAS,EIA,https://www.eia.gov/naturalgas/storage/,America/New_York,10:30:00,SEED
2021-04-21,EIA_NATGAS,EIA,https://www.eia.gov/naturalgas/storage/,America/New_York,10:30:00,SEED
2021-04-28,EIA_NATGAS,EIA,https://www.eia.gov/naturalgas/storage/,America/New_York,10:30:00,SEED
2021-05-05,EIA_NATGAS,EIA,https://www.eia.gov/naturalgas/storage/,America/New_York,10:30:00,SEED
2021-05-12,EIA_NATGAS,EIA,https://www.eia.gov/naturalgas/storage/,America/New_York,10:30:00,SEED
2021-05-19,EIA_NATGAS,EIA,https://www.eia.gov/naturalgas/storage/,America/New_York,10:30:00,SEED
2021-05-26,EIA_NATGAS,EIA,https://www.eia.gov/naturalgas/storage/,America/New_York,10:30:00,SEED
2021-06-02,EIA_NATGAS,EIA,https://www.eia.gov/naturalgas/storage/,America/New_York,10:30:00,SEED
2021-06-09,EIA_NATGAS,EIA,https://www.eia.gov/naturalgas/storage/,America/New_York,10:30:00,SEED
2021-06-16,EIA_NATGAS,EIA,https://www.eia.gov/naturalgas/storage/,America/New_York,10:30:00,SEED
2021-06-23,EIA_NATGAS,EIA,https://www.eia.gov/naturalgas/storage/,America/New_York,10:30:00,SEED
2021-06-30,EIA_NATGAS,EIA,https://www.eia.gov/naturalgas/storage/,America/New_York,10:30:00,SEED
2021-07-07,EIA_NATGAS,EIA,https://www.eia.gov/naturalgas/storage/,America/New_York,10:30:00,SEED
2021-07-14,EIA_NATGAS,EIA,https://www.eia.gov/naturalgas/storage/,America/New_York,10:30:00,SEED
2021-07-21,EIA_NATGAS,EIA,https://www.eia.gov/naturalgas/storage/,America/New_York,10:30:00,SEED
2021-07-28,EIA_NATGAS,EIA,https://www.eia.gov/naturalgas/storage/,America/New_York,10:30:00,SEED
2021-08-04,EIA_NATGAS,EIA,https://www.eia.gov/naturalgas/storage/,America/New_York,10:30:00,SEED
2021-08-11,EIA_NATGAS,EIA,https://www.eia.gov/naturalgas/storage/,America/New_York,10:30:00,SEED
2021-08-18,EIA_NATGAS,EIA,https://www.eia.gov/naturalgas/storage/,America/New_York,10:30:00,SEED
2021-08-25,EIA_NATGAS,EIA,https://www.eia.gov/naturalgas/storage/,America/New_York,10:30:00,SEED
2021-09-01,EIA_NATGAS,EIA,https://www.eia.gov/naturalgas/storage/,America/New_York,10:30:00,SEED
2021-09-08,EIA_NATGAS,EIA,https://www.eia.gov/naturalgas/storage/,America/New_York,10:30:00,SEED
2021-09-15,EIA_NATGAS,EIA,https://www.eia.gov/naturalgas/storage/,America/New_York,10:30:00,SEED
2021-09-22,EIA_NATGAS,EIA,https://www.eia.gov/naturalgas/storage/,America/New_York,10:30:00,SEED
2021-09-29,EIA_NATGAS,EIA,https://www.eia.gov/naturalgas/storage/,America/New_York,10:30:00,SEED
2021-10-06,EIA_NATGAS,EIA,https://www.eia.gov/naturalgas/storage/,America/New_York,10:30:00,SEED
2021-10-13,EIA_NATGAS,EIA,https://www.eia.gov/naturalgas/storage/,America/New_York,10:30:00,SEED
2021-10-20,EIA_NATGAS,EIA,https://www.eia.gov/naturalgas/storage/,America/New_York,10:30:00,SEED
2021-10-27,EIA_NATGAS,EIA,https://www.eia.gov/naturalgas/storage/,America/New_York,10:30:00,SEED
2021-11-03,EIA_NATGAS,EIA,https://www.eia.gov/naturalgas/storage/,America/New_York,10:30:00,SEED
2021-11-10,EIA_NATGAS,EIA,https://www.eia.gov/naturalgas/storage/,America/New_York,10:30:00,SEED
2021-11-17,EIA_NATGAS,EIA,https://www.eia.gov/naturalgas/storage/,America/New_York,10:30:00,SEED
2021-11-24,EIA_NATGAS,EIA,https://www.eia.gov/naturalgas/storage/,America/New_York,10:30:00,SEED
2021-12-01,EIA_NATGAS,EIA,https://www.eia.gov/naturalgas/storage/,America/New_York,10:30:00,SEED
2021-12-08,EIA_NATGAS,EIA,https://www.eia.gov/naturalgas/storage/,America/New_York,10:30:00,SEED
2021-12-15,EIA_NATGAS,EIA,https://www.eia.gov/naturalgas/storage/,America/New_York,10:30:00,SEED
2021-12-22,EIA_NATGAS,EIA,https://www.eia.gov/naturalgas/storage/,America/New_York,10:30:00,SEED
2021-12-29,EIA_NATGAS,EIA,https://www.eia.gov/naturalgas/storage/,America/New_York,10:30:00,SEED
2022-01-05,EIA_NATGAS,EIA,https://www.eia.gov/naturalgas/storage/,America/New_York,10:30:00,SEED
2022-01-12,EIA_NATGAS,EIA,https://www.eia.gov/naturalgas/storage/,America/New_York,10:30:00,SEED
2022-01-19,EIA_NATGAS,EIA,https://www.eia.gov/naturalgas/storage/,America/New_York,10:30:00,SEED
2022-01-26,EIA_NATGAS,EIA,https://www.eia.gov/naturalgas/storage/,America/New_York,10:30:00,SEED
2022-02-02,EIA_NATGAS,EIA,https://www.eia.gov/naturalgas/storage/,America/New_York,10:30:00,SEED
2022-02-09,EIA_NATGAS,EIA,https://www.eia.gov/naturalgas/storage/,America/New_York,10:30:00,SEED
2022-02-16,EIA_NATGAS,EIA,https://www.eia.gov/naturalgas/storage/,America/New_York,10:30:00,SEED
2022-02-23,EIA_NATGAS,EIA,https://www.eia.gov/naturalgas/storage/,America/New_York,10:30:00,SEED
2022-03-02,EIA_NATGAS,EIA,https://www.eia.gov/naturalgas/storage/,America/New_York,10:30:00,SEED
2022-03-09,EIA_NATGAS,EIA,https://www.eia.gov/naturalgas/storage/,America/New_York,10:30:00,SEED
2022-03-16,EIA_NATGAS,EIA,https://www.eia.gov/naturalgas/storage/,America/New_York,10:30:00,SEED
2022-03-23,EIA_NATGAS,EIA,https://www.eia.gov/naturalgas/storage/,America/New_York,10:30:00,SEED
2022-03-30,EIA_NATGAS,EIA,https://www.eia.gov/naturalgas/storage/,America/New_York,10:30:00,SEED
2022-04-06,EIA_NATGAS,EIA,https://www.eia.gov/naturalgas/storage/,America/New_York,10:30:00,SEED
2022-04-13,EIA_NATGAS,EIA,https://www.eia.gov/naturalgas/storage/,America/New_York,10:30:00,SEED
2022-04-20,EIA_NATGAS,EIA,https://www.eia.gov/naturalgas/storage/,America/New_York,10:30:00,SEED
2022-04-27,EIA_NATGAS,EIA,https://www.eia.gov/naturalgas/storage/,America/New_York,10:30:00,SEED
2022-05-04,EIA_NATGAS,EIA,https://www.eia.gov/naturalgas/storage/,America/New_York,10:30:00,SEED
2022-05-11,EIA_NATGAS,EIA,https://www.eia.gov/naturalgas/storage/,America/New_York,10:30:00,SEED
2022-05-18,EIA_NATGAS,EIA,https://www.eia.gov/naturalgas/storage/,America/New_York,10:30:00,SEED
2022-05-25,EIA_NATGAS,EIA,https://www.eia.gov/naturalgas/storage/,America/New_York,10:30:00,SEED
2022-06-01,EIA_NATGAS,EIA,https://www.eia.gov/naturalgas/storage/,America/New_York,10:30:00,SEED
2022-06-08,EIA_NATGAS,EIA,https://www.eia.gov/naturalgas/storage/,America/New_York,10:30:00,SEED
2022-06-15,EIA_NATGAS,EIA,https://www.eia.gov/naturalgas/storage/,America/New_York,10:30:00,SEED
2022-06-22,EIA_NATGAS,EIA,https://www.eia.gov/naturalgas/storage/,America/New_York,10:30:00,SEED
2022-06-29,EIA_NATGAS,EIA,https://www.eia.gov/naturalgas/storage/,America/New_York,10:30:00,SEED
2022-07-06,EIA_NATGAS,EIA,https://www.eia.gov/naturalgas/storage/,America/New_York,10:30:00,SEED
2022-07-13,EIA_NATGAS,EIA,https://www.eia.gov/naturalgas/storage/,America/New_York,10:30:00,SEED
2022-07-20,EIA_NATGAS,EIA,https://www.eia.gov/naturalgas/storage/,America/New_York,10:30:00,SEED
2022-07-27,EIA_NATGAS,EIA,https://www.eia.gov/naturalgas/storage/,America/New_York,10:30:00,SEED
2022-08-03,EIA_NATGAS,EIA,https://www.eia.gov/naturalgas/storage/,America/New_York,10:30:00,SEED
2022-08-10,EIA_NATGAS,EIA,https://www.eia.gov/naturalgas/storage/,America/New_York,10:30:00,SEED
2022-08-17,EIA_NATGAS,EIA,https://www.eia.gov/naturalgas/storage/,America/New_York,10:30:00,SEED
2022-08-24,EIA_NATGAS,EIA,https://www.eia.gov/naturalgas/storage/,America/New_York,10:30:00,SEED
2022-08-31,EIA_NATGAS,EIA,https://www.eia.gov/naturalgas/storage/,America/New_York,10:30:00,SEED
2022-09-07,EIA_NATGAS,EIA,https://www.eia.gov/naturalgas/storage/,America/New_York,10:30:00,SEED
2022-09-14,EIA_NATGAS,EIA,https://www.eia.gov/naturalgas/storage/,America/New_York,10:30:00,SEED
2022-09-21,EIA_NATGAS,EIA,https://www.eia.gov/naturalgas/storage/,America/New_York,10:30:00,SEED
2022-09-28,EIA_NATGAS,EIA,https://www.eia.gov/naturalgas/storage/,America/New_York,10:30:00,SEED
2022-10-05,EIA_NATGAS,EIA,https://www.eia.gov/naturalgas/storage/,America/New_York,10:30:00,SEED
2022-10-12,EIA_NATGAS,EIA,https://www.eia.gov/naturalgas/storage/,America/New_York,10:30:00,SEED
2022-10-19,EIA_NATGAS,EIA,https://www.eia.gov/naturalgas/storage/,America/New_York,10:30:00,SEED
2022-10-26,EIA_NATGAS,EIA,https://www.eia.gov/naturalgas/storage/,America/New_York,10:30:00,SEED
2022-11-02,EIA_NATGAS,EIA,https://www.eia.gov/naturalgas/storage/,America/New_York,10:30:00,SEED
2022-11-09,EIA_NATGAS,EIA,https://www.eia.gov/naturalgas/storage/,America/New_York,10:30:00,SEED
2022-11-16,EIA_NATGAS,EIA,https://www.eia.gov/naturalgas/storage/,America/New_York,10:30:00,SEED
2022-11-23,EIA_NATGAS,EIA,https://www.eia.gov/naturalgas/storage/,America/New_York,10:30:00,SEED
2022-11-30,EIA_NATGAS,EIA,https://www.eia.gov/naturalgas/storage/,America/New_York,10:30:00,SEED
2022-12-07,EIA_NATGAS,EIA,https://www.eia.gov/naturalgas/storage/,America/New_York,10:30:00,SEED
2022-12-14,EIA_NATGAS,EIA,https://www.eia.gov/naturalgas/storage/,America/New_York,10:30:00,SEED
2022-12-21,EIA_NATGAS,EIA,https://www.eia.gov/naturalgas/storage/,America/New_York,10:30:00,SEED
2022-12-28,EIA_NATGAS,EIA,https://www.eia.gov/naturalgas/storage/,America/New_York,10:30:00,SEED
2023-01-04,EIA_NATGAS,EIA,https://www.eia.gov/naturalgas/storage/,America/New_York,10:30:00,SEED
2023-01-11,EIA_NATGAS,EIA,https://www.eia.gov/naturalgas/storage/,America/New_York,10:30:00,SEED
2023-01-18,EIA_NATGAS,EIA,https://www.eia.gov/naturalgas/storage/,America/New_York,10:30:00,SEED
2023-01-25,EIA_NATGAS,EIA,https://www.eia.gov/naturalgas/storage/,America/New_York,10:30:00,SEED
2023-02-01,EIA_NATGAS,EIA,https://www.eia.gov/naturalgas/storage/,America/New_York,10:30:00,SEED
2023-02-08,EIA_NATGAS,EIA,https://www.eia.gov/naturalgas/storage/,America/New_York,10:30:00,SEED
2023-02-15,EIA_NATGAS,EIA,https://www.eia.gov/naturalgas/storage/,America/New_York,10:30:00,SEED
2023-02-22,EIA_NATGAS,EIA,https://www.eia.gov/naturalgas/storage/,America/New_York,10:30:00,SEED
2023-03-01,EIA_NATGAS,EIA,https://www.eia.gov/naturalgas/storage/,America/New_York,10:30:00,SEED
2023-03-08,EIA_NATGAS,EIA,https://www.eia.gov/naturalgas/storage/,America/New_York,10:30:00,SEED
2023-03-15,EIA_NATGAS,EIA,https://www.eia.gov/naturalgas/storage/,America/New_York,10:30:00,SEED
2023-03-22,EIA_NATGAS,EIA,https://www.eia.gov/naturalgas/storage/,America/New_York,10:30:00,SEED
2023-03-29,EIA_NATGAS,EIA,https://www.eia.gov/naturalgas/storage/,America/New_York,10:30:00,SEED
2023-04-05,EIA_NATGAS,EIA,https://www.eia.gov/naturalgas/storage/,America/New_York,10:30:00,SEED
2023-04-12,EIA_NATGAS,EIA,https://www.eia.gov/naturalgas/storage/,America/New_York,10:30:00,SEED
2023-04-19,EIA_NATGAS,EIA,https://www.eia.gov/naturalgas/storage/,America/New_York,10:30:00,SEED
2023-04-26,EIA_NATGAS,EIA,https://www.eia.gov/naturalgas/storage/,America/New_York,10:30:00,SEED
2023-05-03,EIA_NATGAS,EIA,https://www.eia.gov/naturalgas/storage/,America/New_York,10:30:00,SEED
2023-05-10,EIA_NATGAS,EIA,https://www.eia.gov/naturalgas/storage/,America/New_York,10:30:00,SEED
2023-05-17,EIA_NATGAS,EIA,https://www.eia.gov/naturalgas/storage/,America/New_York,10:30:00,SEED
2023-05-24,EIA_NATGAS,EIA,https://www.eia.gov/naturalgas/storage/,America/New_York,10:30:00,SEED
2023-05-31,EIA_NATGAS,EIA,https://www.eia.gov/naturalgas/storage/,America/New_York,10:30:00,SEED
2023-06-07,EIA_NATGAS,EIA,https://www.eia.gov/naturalgas/storage/,America/New_York,10:30:00,SEED
2023-06-14,EIA_NATGAS,EIA,https://www.eia.gov/naturalgas/storage/,America/New_York,10:30:00,SEED
2023-06-21,EIA_NATGAS,EIA,https://www.eia.gov/naturalgas/storage/,America/New_York,10:30:00,SEED
2023-06-28,EIA_NATGAS,EIA,https://www.eia.gov/naturalgas/storage/,America/New_York,10:30:00,SEED
2023-07-05,EIA_NATGAS,EIA,https://www.eia.gov/naturalgas/storage/,America/New_York,10:30:00,SEED
2023-07-12,EIA_NATGAS,EIA,https://www.eia.gov/naturalgas/storage/,America/New_York,10:30:00,SEED
2023-07-19,EIA_NATGAS,EIA,https://www.eia.gov/naturalgas/storage/,America/New_York,10:30:00,SEED
2023-07-26,EIA_NATGAS,EIA,https://www.eia.gov/naturalgas/storage/,America/New_York,10:30:00,SEED
2023-08-02,EIA_NATGAS,EIA,https://www.eia.gov/naturalgas/storage/,America/New_York,10:30:00,SEED
2023-08-09,EIA_NATGAS,EIA,https://www.eia.gov/naturalgas/storage/,America/New_York,10:30:00,SEED
2023-08-16,EIA_NATGAS,EIA,https://www.eia.gov/naturalgas/storage/,America/New_York,10:30:00,SEED
2023-08-23,EIA_NATGAS,EIA,https://www.eia.gov/naturalgas/storage/,America/New_York,10:30:00,SEED
2023-08-30,EIA_NATGAS,EIA,https://www.eia.gov/naturalgas/storage/,America/New_York,10:30:00,SEED
2023-09-06,EIA_NATGAS,EIA,https://www.eia.gov/naturalgas/storage/,America/New_York,10:30:00,SEED
2023-09-13,EIA_NATGAS,EIA,https://www.eia.gov/naturalgas/storage/,America/New_York,10:30:00,SEED
2023-09-20,EIA_NATGAS,EIA,https://www.eia.gov/naturalgas/storage/,America/New_York,10:30:00,SEED
2023-09-27,EIA_NATGAS,EIA,https://www.eia.gov/naturalgas/storage/,America/New_York,10:30:00,SEED
2023-10-04,EIA_NATGAS,EIA,https://www.eia.gov/naturalgas/storage/,America/New_York,10:30:00,SEED
2023-10-11,EIA_NATGAS,EIA,https://www.eia.gov/naturalgas/storage/,America/New_York,10:30:00,SEED
2023-10-18,EIA_NATGAS,EIA,https://www.eia.gov/naturalgas/storage/,America/New_York,10:30:00,SEED
2023-10-25,EIA_NATGAS,EIA,https://www.eia.gov/naturalgas/storage/,America/New_York,10:30:00,SEED
2023-11-01,EIA_NATGAS,EIA,https://www.eia.gov/naturalgas/storage/,America/New_York,10:30:00,SEED
2023-11-08,EIA_NATGAS,EIA,https://www.eia.gov/naturalgas/storage/,America/New_York,10:30:00,SEED
2023-11-15,EIA_NATGAS,EIA,https://www.eia.gov/naturalgas/storage/,America/New_York,10:30:00,SEED
2023-11-22,EIA_NATGAS,EIA,https://www.eia.gov/naturalgas/storage/,America/New_York,10:30:00,SEED
2023-11-29,EIA_NATGAS,EIA,https://www.eia.gov/naturalgas/storage/,America/New_York,10:30:00,SEED
2023-12-06,EIA_NATGAS,EIA,https://www.eia.gov/naturalgas/storage/,America/New_York,10:30:00,SEED
2023-12-13,EIA_NATGAS,EIA,https://www.eia.gov/naturalgas/storage/,America/New_York,10:30:00,SEED
2023-12-20,EIA_NATGAS,EIA,https://www.eia.gov/naturalgas/storage/,America/New_York,10:30:00,SEED
2023-12-27,EIA_NATGAS,EIA,https://www.eia.gov/naturalgas/storage/,America/New_York,10:30:00,SEED
2024-01-03,EIA_NATGAS,EIA,https://www.eia.gov/naturalgas/storage/,America/New_York,10:30:00,SEED
2024-01-10,EIA_NATGAS,EIA,https://www.eia.gov/naturalgas/storage/,America/New_York,10:30:00,SEED
2024-01-17,EIA_NATGAS,EIA,https://www.eia.gov/naturalgas/storage/,America/New_York,10:30:00,SEED
2024-01-24,EIA_NATGAS,EIA,https://www.eia.gov/naturalgas/storage/,America/New_York,10:30:00,SEED
2024-01-31,EIA_NATGAS,EIA,https://www.eia.gov/naturalgas/storage/,America/New_York,10:30:00,SEED
2024-02-07,EIA_NATGAS,EIA,https://www.eia.gov/naturalgas/storage/,America/New_York,10:30:00,SEED
2024-02-14,EIA_NATGAS,EIA,https://www.eia.gov/naturalgas/storage/,America/New_York,10:30:00,SEED
2024-02-21,EIA_NATGAS,EIA,https://www.eia.gov/naturalgas/storage/,America/New_York,10:30:00,SEED
2024-02-28,EIA_NATGAS,EIA,https://www.eia.gov/naturalgas/storage/,America/New_York,10:30:00,SEED
2024-03-06,EIA_NATGAS,EIA,https://www.eia.gov/naturalgas/storage/,America/New_York,10:30:00,SEED
2024-03-13,EIA_NATGAS,EIA,https://www.eia.gov/naturalgas/storage/,America/New_York,10:30:00,SEED
2024-03-20,EIA_NATGAS,EIA,https://www.eia.gov/naturalgas/storage/,America/New_York,10:30:00,SEED
2024-03-27,EIA_NATGAS,EIA,https://www.eia.gov/naturalgas/storage/,America/New_York,10:30:00,SEED
2024-04-03,EIA_NATGAS,EIA,https://www.eia.gov/naturalgas/storage/,America/New_York,10:30:00,SEED
2024-04-10,EIA_NATGAS,EIA,https://www.eia.gov/naturalgas/storage/,America/New_York,10:30:00,SEED
2024-04-17,EIA_NATGAS,EIA,https://www.eia.gov/naturalgas/storage/,America/New_York,10:30:00,SEED
2024-04-24,EIA_NATGAS,EIA,https://www.eia.gov/naturalgas/storage/,America/New_York,10:30:00,SEED
2024-05-01,EIA_NATGAS,EIA,https://www.eia.gov/naturalgas/storage/,America/New_York,10:30:00,SEED
2024-05-08,EIA_NATGAS,EIA,https://www.eia.gov/naturalgas/storage/,America/New_York,10:30:00,SEED
2024-05-15,EIA_NATGAS,EIA,https://www.eia.gov/naturalgas/storage/,America/New_York,10:30:00,SEED
2024-05-22,EIA_NATGAS,EIA,https://www.eia.gov/naturalgas/storage/,America/New_York,10:30:00,SEED
2024-05-29,EIA_NATGAS,EIA,https://www.eia.gov/naturalgas/storage/,America/New_York,10:30:00,SEED
2024-06-05,EIA_NATGAS,EIA,https://www.eia.gov/naturalgas/storage/,America/New_York,10:30:00,SEED
2024-06-12,EIA_NATGAS,EIA,https://www.eia.gov/naturalgas/storage/,America/New_York,10:30:00,SEED
2024-06-19,EIA_NATGAS,EIA,https://www.eia.gov/naturalgas/storage/,America/New_York,10:30:00,SEED
2024-06-26,EIA_NATGAS,EIA,https://www.eia.gov/naturalgas/storage/,America/New_York,10:30:00,SEED
2024-07-03,EIA_NATGAS,EIA,https://www.eia.gov/naturalgas/storage/,America/New_York,10:30:00,SEED
2024-07-10,EIA_NATGAS,EIA,https://www.eia.gov/naturalgas/storage/,America/New_York,10:30:00,SEED
2024-07-17,EIA_NATGAS,EIA,https://www.eia.gov/naturalgas/storage/,America/New_York,10:30:00,SEED
2024-07-24,EIA_NATGAS,EIA,https://www.eia.gov/naturalgas/storage/,America/New_York,10:30:00,SEED
2024-07-31,EIA_NATGAS,EIA,https://www.eia.gov/naturalgas/storage/,America/New_York,10:30:00,SEED
2024-08-07,EIA_NATGAS,EIA,https://www.eia.gov/naturalgas/storage/,America/New_York,10:30:00,SEED
2024-08-14,EIA_NATGAS,EIA,https://www.eia.gov/naturalgas/storage/,America/New_York,10:30:00,SEED
2024-08-21,EIA_NATGAS,EIA,https://www.eia.gov/naturalgas/storage/,America/New_York,10:30:00,SEED
2024-08-28,EIA_NATGAS,EIA,https://www.eia.gov/naturalgas/storage/,America/New_York,10:30:00,SEED
2024-09-04,EIA_NATGAS,EIA,https://www.eia.gov/naturalgas/storage/,America/New_York,10:30:00,SEED
2024-09-11,EIA_NATGAS,EIA,https://www.eia.gov/naturalgas/storage/,America/New_York,10:30:00,SEED
2024-09-18,EIA_NATGAS,EIA,https://www.eia.gov/naturalgas/storage/,America/New_York,10:30:00,SEED
2024-09-25,EIA_NATGAS,EIA,https://www.eia.gov/naturalgas/storage/,America/New_York,10:30:00,SEED
2024-10-02,EIA_NATGAS,EIA,https://www.eia.gov/naturalgas/storage/,America/New_York,10:30:00,SEED
2024-10-09,EIA_NATGAS,EIA,https://www.eia.gov/naturalgas/storage/,America/New_York,10:30:00,SEED
2024-10-16,EIA_NATGAS,EIA,https://www.eia.gov/naturalgas/storage/,America/New_York,10:30:00,SEED
2024-10-23,EIA_NATGAS,EIA,https://www.eia.gov/naturalgas/storage/,America/New_York,10:30:00,SEED
2024-10-30,EIA_NATGAS,EIA,https://www.eia.gov/naturalgas/storage/,America/New_York,10:30:00,SEED
2024-11-06,EIA_NATGAS,EIA,https://www.eia.gov/naturalgas/storage/,America/New_York,10:30:00,SEED
2024-11-13,EIA_NATGAS,EIA,https://www.eia.gov/naturalgas/storage/,America/New_York,10:30:00,SEED
2024-11-20,EIA_NATGAS,EIA,https://www.eia.gov/naturalgas/storage/,America/New_York,10:30:00,SEED
2024-11-27,EIA_NATGAS,EIA,https://www.eia.gov/naturalgas/storage/,America/New_York,10:30:00,SEED
2024-12-04,EIA_NATGAS,EIA,https://www.eia.gov/naturalgas/storage/,America/New_York,10:30:00,SEED
2024-12-11,EIA_NATGAS,EIA,https://www.eia.gov/naturalgas/storage/,America/New_York,10:30:00,SEED
2024-12-18,EIA_NATGAS,EIA,https://www.eia.gov/naturalgas/storage/,America/New_York,10:30:00,SEED
2024-12-25,EIA_NATGAS,EIA,https://www.eia.gov/naturalgas/storage/,America/New_York,10:30:00,SEED
2025-01-01,EIA_NATGAS,EIA,https://www.eia.gov/naturalgas/storage/,America/New_York,10:30:00,SEED
2025-01-08,EIA_NATGAS,EIA,https://www.eia.gov/naturalgas/storage/,America/New_York,10:30:00,SEED
2025-01-15,EIA_NATGAS,EIA,https://www.eia.gov/naturalgas/storage/,America/New_York,10:30:00,SEED
2025-01-22,EIA_NATGAS,EIA,https://www.eia.gov/naturalgas/storage/,America/New_York,10:30:00,SEED
2025-01-29,EIA_NATGAS,EIA,https://www.eia.gov/naturalgas/storage/,America/New_York,10:30:00,SEED
2025-02-05,EIA_NATGAS,EIA,https://www.eia.gov/naturalgas/storage/,America/New_York,10:30:00,SEED
2025-02-12,EIA_NATGAS,EIA,https://www.eia.gov/naturalgas/storage/,America/New_York,10:30:00,SEED
2025-02-19,EIA_NATGAS,EIA,https://www.eia.gov/naturalgas/storage/,America/New_York,10:30:00,SEED
2025-02-26,EIA_NATGAS,EIA,https://www.eia.gov/naturalgas/storage/,America/New_York,10:30:00,SEED
2025-03-05,EIA_NATGAS,EIA,https://www.eia.gov/naturalgas/storage/,America/New_York,10:30:00,SEED
2025-03-12,EIA_NATGAS,EIA,https://www.eia.gov/naturalgas/storage/,America/New_York,10:30:00,SEED
2025-03-19,EIA_NATGAS,EIA,https://www.eia.gov/naturalgas/storage/,America/New_York,10:30:00,SEED
2025-03-26,EIA_NATGAS,EIA,https://www.eia.gov/naturalgas/storage/,America/New_York,10:30:00,SEED
2025-04-02,EIA_NATGAS,EIA,https://www.eia.gov/naturalgas/storage/,America/New_York,10:30:00,SEED
2025-04-09,EIA_NATGAS,EIA,https://www.eia.gov/naturalgas/storage/,America/New_York,10:30:00,SEED
2025-04-16,EIA_NATGAS,EIA,https://www.eia.gov/naturalgas/storage/,America/New_York,10:30:00,SEED
2025-04-23,EIA_NATGAS,EIA,https://www.eia.gov/naturalgas/storage/,America/New_York,10:30:00,SEED
2025-04-30,EIA_NATGAS,EIA,https://www.eia.gov/naturalgas/storage/,America/New_York,10:30:00,SEED
2025-05-07,EIA_NATGAS,EIA,https://www.eia.gov/naturalgas/storage/,America/New_York,10:30:00,SEED
2025-05-14,EIA_NATGAS,EIA,https://www.eia.gov/naturalgas/storage/,America/New_York,10:30:00,SEED
2025-05-21,EIA_NATGAS,EIA,https://www.eia.gov/naturalgas/storage/,America/New_York,10:30:00,SEED
2025-05-28,EIA_NATGAS,EIA,https://www.eia.gov/naturalgas/storage/,America/New_York,10:30:00,SEED
2025-06-04,EIA_NATGAS,EIA,https://www.eia.gov/naturalgas/storage/,America/New_York,10:30:00,SEED
2025-06-11,EIA_NATGAS,EIA,https://www.eia.gov/naturalgas/storage/,America/New_York,10:30:00,SEED
2025-06-18,EIA_NATGAS,EIA,https://www.eia.gov/naturalgas/storage/,America/New_York,10:30:00,SEED
2025-06-25,EIA_NATGAS,EIA,https://www.eia.gov/naturalgas/storage/,America/New_York,10:30:00,SEED
2025-07-02,EIA_NATGAS,EIA,https://www.eia.gov/naturalgas/storage/,America/New_York,10:30:00,SEED
2025-07-09,EIA_NATGAS,EIA,https://www.eia.gov/naturalgas/storage/,America/New_York,10:30:00,SEED
2025-07-16,EIA_NATGAS,EIA,https://www.eia.gov/naturalgas/storage/,America/New_York,10:30:00,SEED
2025-07-23,EIA_NATGAS,EIA,https://www.eia.gov/naturalgas/storage/,America/New_York,10:30:00,SEED
2025-07-30,EIA_NATGAS,EIA,https://www.eia.gov/naturalgas/storage/,America/New_York,10:30:00,SEED
2025-08-06,EIA_NATGAS,EIA,https://www.eia.gov/naturalgas/storage/,America/New_York,10:30:00,SEED
2025-08-13,EIA_NATGAS,EIA,https://www.eia.gov/naturalgas/storage/,America/New_York,10:30:00,SEED
2025-08-20,EIA_NATGAS,EIA,https://www.eia.gov/naturalgas/storage/,America/New_York,10:30:00,SEED
2025-08-27,EIA_NATGAS,EIA,https://www.eia.gov/naturalgas/storage/,America/New_York,10:30:00,SEED
2025-09-03,EIA_NATGAS,EIA,https://www.eia.gov/naturalgas/storage/,America/New_York,10:30:00,SEED
2025-09-10,EIA_NATGAS,EIA,https://www.eia.gov/naturalgas/storage/,America/New_York,10:30:00,SEED
2025-09-17,EIA_NATGAS,EIA,https://www.eia.gov/naturalgas/storage/,America/New_York,10:30:00,SEED
2025-09-24,EIA_NATGAS,EIA,https://www.eia.gov/naturalgas/storage/,America/New_York,10:30:00,SEED
2025-10-01,EIA_NATGAS,EIA,https://www.eia.gov/naturalgas/storage/,America/New_York,10:30:00,SEED
2025-10-08,EIA_NATGAS,EIA,https://www.eia.gov/naturalgas/storage/,America/New_York,10:30:00,SEED
2025-10-15,EIA_NATGAS,EIA,https://www.eia.gov/naturalgas/storage/,America/New_York,10:30:00,SEED
2025-10-22,EIA_NATGAS,EIA,https://www.eia.gov/naturalgas/storage/,America/New_York,10:30:00,SEED
2025-10-29,EIA_NATGAS,EIA,https://www.eia.gov/naturalgas/storage/,America/New_York,10:30:00,SEED
2025-11-05,EIA_NATGAS,EIA,https://www.eia.gov/naturalgas/storage/,America/New_York,10:30:00,SEED
2025-11-12,EIA_NATGAS,EIA,https://www.eia.gov/naturalgas/storage/,America/New_York,10:30:00,SEED
2025-11-19,EIA_NATGAS,EIA,https://www.eia.gov/naturalgas/storage/,America/New_York,10:30:00,SEED
2025-11-26,EIA_NATGAS,EIA,https://www.eia.gov/naturalgas/storage/,America/New_York,10:30:00,SEED
2025-12-03,EIA_NATGAS,EIA,https://www.eia.gov/naturalgas/storage/,America/New_York,10:30:00,SEED
2025-12-10,EIA_NATGAS,EIA,https://www.eia.gov/naturalgas/storage/,America/New_York,10:30:00,SEED
2025-12-17,EIA_NATGAS,EIA,https://www.eia.gov/naturalgas/storage/,America/New_York,10:30:00,SEED
2025-12-24,EIA_NATGAS,EIA,https://www.eia.gov/naturalgas/storage/,America/New_York,10:30:00,SEED
2025-12-31,EIA_NATGAS,EIA,https://www.eia.gov/naturalgas/storage/,America/New_York,10:30:00,SEED
2026-01-07,EIA_NATGAS,EIA,https://www.eia.gov/naturalgas/storage/,America/New_York,10:30:00,SEED
2026-01-14,EIA_NATGAS,EIA,https://www.eia.gov/naturalgas/storage/,America/New_York,10:30:00,SEED
2026-01-21,EIA_NATGAS,EIA,https://www.eia.gov/naturalgas/storage/,America/New_York,10:30:00,SEED
2026-01-28,EIA_NATGAS,EIA,https://www.eia.gov/naturalgas/storage/,America/New_York,10:30:00,SEED
2026-02-04,EIA_NATGAS,EIA,https://www.eia.gov/naturalgas/storage/,America/New_York,10:30:00,SEED
2026-02-11,EIA_NATGAS,EIA,https://www.eia.gov/naturalgas/storage/,America/New_York,10:30:00,SEED
2026-02-18,EIA_NATGAS,EIA,https://www.eia.gov/naturalgas/storage/,America/New_York,10:30:00,SEED
2026-02-25,EIA_NATGAS,EIA,https://www.eia.gov/naturalgas/storage/,America/New_York,10:30:00,SEED
2026-03-04,EIA_NATGAS,EIA,https://www.eia.gov/naturalgas/storage/,America/New_York,10:30:00,SEED
2026-03-11,EIA_NATGAS,EIA,https://www.eia.gov/naturalgas/storage/,America/New_York,10:30:00,SEED
2026-03-18,EIA_NATGAS,EIA,https://www.eia.gov/naturalgas/storage/,America/New_York,10:30:00,SEED
2026-03-25,EIA_NATGAS,EIA,https://www.eia.gov/naturalgas/storage/,America/New_York,10:30:00,SEED
2026-04-01,EIA_NATGAS,EIA,https://www.eia.gov/naturalgas/storage/,America/New_York,10:30:00,SEED
2026-04-08,EIA_NATGAS,EIA,https://www.eia.gov/naturalgas/storage/,America/New_York,10:30:00,SEED
2026-04-15,EIA_NATGAS,EIA,https://www.eia.gov/naturalgas/storage/,America/New_York,10:30:00,SEED
2026-04-22,EIA_NATGAS,EIA,https://www.eia.gov/naturalgas/storage/,America/New_York,10:30:00,SEED
2026-04-29,EIA_NATGAS,EIA,https://www.eia.gov/naturalgas/storage/,America/New_York,10:30:00,SEED
2026-05-06,EIA_NATGAS,EIA,https://www.eia.gov/naturalgas/storage/,America/New_York,10:30:00,SEED
2026-05-13,EIA_NATGAS,EIA,https://www.eia.gov/naturalgas/storage/,America/New_York,10:30:00,SEED
2026-05-20,EIA_NATGAS,EIA,https://www.eia.gov/naturalgas/storage/,America/New_York,10:30:00,SEED
2026-05-27,EIA_NATGAS,EIA,https://www.eia.gov/naturalgas/storage/,America/New_York,10:30:00,SEED
2026-06-03,EIA_NATGAS,EIA,https://www.eia.gov/naturalgas/storage/,America/New_York,10:30:00,SEED
2026-06-10,EIA_NATGAS,EIA,https://www.eia.gov/naturalgas/storage/,America/New_York,10:30:00,SEED
2026-06-17,EIA_NATGAS,EIA,https://www.eia.gov/naturalgas/storage/,America/New_York,10:30:00,SEED
2026-06-24,EIA_NATGAS,EIA,https://www.eia.gov/naturalgas/storage/,America/New_York,10:30:00,SEED
2026-07-01,EIA_NATGAS,EIA,https://www.eia.gov/naturalgas/storage/,America/New_York,10:30:00,SEED
2026-07-08,EIA_NATGAS,EIA,https://www.eia.gov/naturalgas/storage/,America/New_York,10:30:00,SEED
2026-07-15,EIA_NATGAS,EIA,https://www.eia.gov/naturalgas/storage/,America/New_York,10:30:00,SEED
2026-07-22,EIA_NATGAS,EIA,https://www.eia.gov/naturalgas/storage/,America/New_York,10:30:00,SEED
2026-07-29,EIA_NATGAS,EIA,https://www.eia.gov/naturalgas/storage/,America/New_York,10:30:00,SEED
2026-08-05,EIA_NATGAS,EIA,https://www.eia.gov/naturalgas/storage/,America/New_York,10:30:00,SEED
2026-08-12,EIA_NATGAS,EIA,https://www.eia.gov/naturalgas/storage/,America/New_York,10:30:00,SEED
2026-08-19,EIA_NATGAS,EIA,https://www.eia.gov/naturalgas/storage/,America/New_York,10:30:00,SEED
2026-08-26,EIA_NATGAS,EIA,https://www.eia.gov/naturalgas/storage/,America/New_York,10:30:00,SEED
2026-09-02,EIA_NATGAS,EIA,https://www.eia.gov/naturalgas/storage/,America/New_York,10:30:00,SEED
2026-09-09,EIA_NATGAS,EIA,https://www.eia.gov/naturalgas/storage/,America/New_York,10:30:00,SEED
2026-09-16,EIA_NATGAS,EIA,https://www.eia.gov/naturalgas/storage/,America/New_York,10:30:00,SEED
2026-09-23,EIA_NATGAS,EIA,https://www.eia.gov/naturalgas/storage/,America/New_York,10:30:00,SEED
2026-09-30,EIA_NATGAS,EIA,https://www.eia.gov/naturalgas/storage/,America/New_York,10:30:00,SEED
2026-10-07,EIA_NATGAS,EIA,https://www.eia.gov/naturalgas/storage/,America/New_York,10:30:00,SEED
2026-10-14,EIA_NATGAS,EIA,https://www.eia.gov/naturalgas/storage/,America/New_York,10:30:00,SEED
2026-10-21,EIA_NATGAS,EIA,https://www.eia.gov/naturalgas/storage/,America/New_York,10:30:00,SEED
2026-10-28,EIA_NATGAS,EIA,https://www.eia.gov/naturalgas/storage/,America/New_York,10:30:00,SEED
2026-11-04,EIA_NATGAS,EIA,https://www.eia.gov/naturalgas/storage/,America/New_York,10:30:00,SEED
2026-11-11,EIA_NATGAS,EIA,https://www.eia.gov/naturalgas/storage/,America/New_York,10:30:00,SEED
2026-11-18,EIA_NATGAS,EIA,https://www.eia.gov/naturalgas/storage/,America/New_York,10:30:00,SEED
2026-11-25,EIA_NATGAS,EIA,https://www.eia.gov/naturalgas/storage/,America/New_York,10:30:00,SEED
2026-12-02,EIA_NATGAS,EIA,https://www.eia.gov/naturalgas/storage/,America/New_York,10:30:00,SEED
2026-12-09,EIA_NATGAS,EIA,https://www.eia.gov/naturalgas/storage/,America/New_York,10:30:00,SEED
2026-12-16,EIA_NATGAS,EIA,https://www.eia.gov/naturalgas/storage/,America/New_York,10:30:00,SEED
2026-12-23,EIA_NATGAS,EIA,https://www.eia.gov/naturalgas/storage/,America/New_York,10:30:00,SEED
2026-12-30,EIA_NATGAS,EIA,https://www.eia.gov/naturalgas/storage/,America/New_York,10:30:00,SEED
2018-01-03,FED_H41,Fed,https://www.federalreserve.gov/releases/h41/,America/New_York,16:30:00,SEED
2018-01-10,FED_H41,Fed,https://www.federalreserve.gov/releases/h41/,America/New_York,16:30:00,SEED
2018-01-17,FED_H41,Fed,https://www.federalreserve.gov/releases/h41/,America/New_York,16:30:00,SEED
2018-01-24,FED_H41,Fed,https://www.federalreserve.gov/releases/h41/,America/New_York,16:30:00,SEED
2018-01-31,FED_H41,Fed,https://www.federalreserve.gov/releases/h41/,America/New_York,16:30:00,SEED
2018-02-07,FED_H41,Fed,https://www.federalreserve.gov/releases/h41/,America/New_York,16:30:00,SEED
2018-02-14,FED_H41,Fed,https://www.federalreserve.gov/releases/h41/,America/New_York,16:30:00,SEED
2018-02-21,FED_H41,Fed,https://www.federalreserve.gov/releases/h41/,America/New_York,16:30:00,SEED
2018-02-28,FED_H41,Fed,https://www.federalreserve.gov/releases/h41/,America/New_York,16:30:00,SEED
2018-03-07,FED_H41,Fed,https://www.federalreserve.gov/releases/h41/,America/New_York,16:30:00,SEED
2018-03-14,FED_H41,Fed,https://www.federalreserve.gov/releases/h41/,America/New_York,16:30:00,SEED
2018-03-21,FED_H41,Fed,https://www.federalreserve.gov/releases/h41/,America/New_York,16:30:00,SEED
2018-03-28,FED_H41,Fed,https://www.federalreserve.gov/releases/h41/,America/New_York,16:30:00,SEED
2018-04-04,FED_H41,Fed,https://www.federalreserve.gov/releases/h41/,America/New_York,16:30:00,SEED
2018-04-11,FED_H41,Fed,https://www.federalreserve.gov/releases/h41/,America/New_York,16:30:00,SEED
2018-04-18,FED_H41,Fed,https://www.federalreserve.gov/releases/h41/,America/New_York,16:30:00,SEED
2018-04-25,FED_H41,Fed,https://www.federalreserve.gov/releases/h41/,America/New_York,16:30:00,SEED
2018-05-02,FED_H41,Fed,https://www.federalreserve.gov/releases/h41/,America/New_York,16:30:00,SEED
2018-05-09,FED_H41,Fed,https://www.federalreserve.gov/releases/h41/,America/New_York,16:30:00,SEED
2018-05-16,FED_H41,Fed,https://www.federalreserve.gov/releases/h41/,America/New_York,16:30:00,SEED
2018-05-23,FED_H41,Fed,https://www.federalreserve.gov/releases/h41/,America/New_York,16:30:00,SEED
2018-05-30,FED_H41,Fed,https://www.federalreserve.gov/releases/h41/,America/New_York,16:30:00,SEED
2018-06-06,FED_H41,Fed,https://www.federalreserve.gov/releases/h41/,America/New_York,16:30:00,SEED
2018-06-13,FED_H41,Fed,https://www.federalreserve.gov/releases/h41/,America/New_York,16:30:00,SEED
2018-06-20,FED_H41,Fed,https://www.federalreserve.gov/releases/h41/,America/New_York,16:30:00,SEED
2018-06-27,FED_H41,Fed,https://www.federalreserve.gov/releases/h41/,America/New_York,16:30:00,SEED
2018-07-04,FED_H41,Fed,https://www.federalreserve.gov/releases/h41/,America/New_York,16:30:00,SEED
2018-07-11,FED_H41,Fed,https://www.federalreserve.gov/releases/h41/,America/New_York,16:30:00,SEED
2018-07-18,FED_H41,Fed,https://www.federalreserve.gov/releases/h41/,America/New_York,16:30:00,SEED
2018-07-25,FED_H41,Fed,https://www.federalreserve.gov/releases/h41/,America/New_York,16:30:00,SEED
2018-08-01,FED_H41,Fed,https://www.federalreserve.gov/releases/h41/,America/New_York,16:30:00,SEED
2018-08-08,FED_H41,Fed,https://www.federalreserve.gov/releases/h41/,America/New_York,16:30:00,SEED
2018-08-15,FED_H41,Fed,https://www.federalreserve.gov/releases/h41/,America/New_York,16:30:00,SEED
2018-08-22,FED_H41,Fed,https://www.federalreserve.gov/releases/h41/,America/New_York,16:30:00,SEED
2018-08-29,FED_H41,Fed,https://www.federalreserve.gov/releases/h41/,America/New_York,16:30:00,SEED
2018-09-05,FED_H41,Fed,https://www.federalreserve.gov/releases/h41/,America/New_York,16:30:00,SEED
2018-09-12,FED_H41,Fed,https://www.federalreserve.gov/releases/h41/,America/New_York,16:30:00,SEED
2018-09-19,FED_H41,Fed,https://www.federalreserve.gov/releases/h41/,America/New_York,16:30:00,SEED
2018-09-26,FED_H41,Fed,https://www.federalreserve.gov/releases/h41/,America/New_York,16:30:00,SEED
2018-10-03,FED_H41,Fed,https://www.federalreserve.gov/releases/h41/,America/New_York,16:30:00,SEED
2018-10-10,FED_H41,Fed,https://www.federalreserve.gov/releases/h41/,America/New_York,16:30:00,SEED
2018-10-17,FED_H41,Fed,https://www.federalreserve.gov/releases/h41/,America/New_York,16:30:00,SEED
2018-10-24,FED_H41,Fed,https://www.federalreserve.gov/releases/h41/,America/New_York,16:30:00,SEED
2018-10-31,FED_H41,Fed,https://www.federalreserve.gov/releases/h41/,America/New_York,16:30:00,SEED
2018-11-07,FED_H41,Fed,https://www.federalreserve.gov/releases/h41/,America/New_York,16:30:00,SEED
2018-11-14,FED_H41,Fed,https://www.federalreserve.gov/releases/h41/,America/New_York,16:30:00,SEED
2018-11-21,FED_H41,Fed,https://www.federalreserve.gov/releases/h41/,America/New_York,16:30:00,SEED
2018-11-28,FED_H41,Fed,https://www.federalreserve.gov/releases/h41/,America/New_York,16:30:00,SEED
2018-12-05,FED_H41,Fed,https://www.federalreserve.gov/releases/h41/,America/New_York,16:30:00,SEED
2018-12-12,FED_H41,Fed,https://www.federalreserve.gov/releases/h41/,America/New_York,16:30:00,SEED
2018-12-19,FED_H41,Fed,https://www.federalreserve.gov/releases/h41/,America/New_York,16:30:00,SEED
2018-12-26,FED_H41,Fed,https://www.federalreserve.gov/releases/h41/,America/New_York,16:30:00,SEED
2019-01-02,FED_H41,Fed,https://www.federalreserve.gov/releases/h41/,America/New_York,16:30:00,SEED
2019-01-09,FED_H41,Fed,https://www.federalreserve.gov/releases/h41/,America/New_York,16:30:00,SEED
2019-01-16,FED_H41,Fed,https://www.federalreserve.gov/releases/h41/,America/New_York,16:30:00,SEED
2019-01-23,FED_H41,Fed,https://www.federalreserve.gov/releases/h41/,America/New_York,16:30:00,SEED
2019-01-30,FED_H41,Fed,https://www.federalreserve.gov/releases/h41/,America/New_York,16:30:00,SEED
2019-02-06,FED_H41,Fed,https://www.federalreserve.gov/releases/h41/,America/New_York,16:30:00,SEED
2019-02-13,FED_H41,Fed,https://www.federalreserve.gov/releases/h41/,America/New_York,16:30:00,SEED
2019-02-20,FED_H41,Fed,https://www.federalreserve.gov/releases/h41/,America/New_York,16:30:00,SEED
2019-02-27,FED_H41,Fed,https://www.federalreserve.gov/releases/h41/,America/New_York,16:30:00,SEED
2019-03-06,FED_H41,Fed,https://www.federalreserve.gov/releases/h41/,America/New_York,16:30:00,SEED
2019-03-13,FED_H41,Fed,https://www.federalreserve.gov/releases/h41/,America/New_York,16:30:00,SEED
2019-03-20,FED_H41,Fed,https://www.federalreserve.gov/releases/h41/,America/New_York,16:30:00,SEED
2019-03-27,FED_H41,Fed,https://www.federalreserve.gov/releases/h41/,America/New_York,16:30:00,SEED
2019-04-03,FED_H41,Fed,https://www.federalreserve.gov/releases/h41/,America/New_York,16:30:00,SEED
2019-04-10,FED_H41,Fed,https://www.federalreserve.gov/releases/h41/,America/New_York,16:30:00,SEED
2019-04-17,FED_H41,Fed,https://www.federalreserve.gov/releases/h41/,America/New_York,16:30:00,SEED
2019-04-24,FED_H41,Fed,https://www.federalreserve.gov/releases/h41/,America/New_York,16:30:00,SEED
2019-05-01,FED_H41,Fed,https://www.federalreserve.gov/releases/h41/,America/New_York,16:30:00,SEED
2019-05-08,FED_H41,Fed,https://www.federalreserve.gov/releases/h41/,America/New_York,16:30:00,SEED
2019-05-15,FED_H41,Fed,https://www.federalreserve.gov/releases/h41/,America/New_York,16:30:00,SEED
2019-05-22,FED_H41,Fed,https://www.federalreserve.gov/releases/h41/,America/New_York,16:30:00,SEED
2019-05-29,FED_H41,Fed,https://www.federalreserve.gov/releases/h41/,America/New_York,16:30:00,SEED
2019-06-05,FED_H41,Fed,https://www.federalreserve.gov/releases/h41/,America/New_York,16:30:00,SEED
2019-06-12,FED_H41,Fed,https://www.federalreserve.gov/releases/h41/,America/New_York,16:30:00,SEED
2019-06-19,FED_H41,Fed,https://www.federalreserve.gov/releases/h41/,America/New_York,16:30:00,SEED
2019-06-26,FED_H41,Fed,https://www.federalreserve.gov/releases/h41/,America/New_York,16:30:00,SEED
2019-07-03,FED_H41,Fed,https://www.federalreserve.gov/releases/h41/,America/New_York,16:30:00,SEED
2019-07-10,FED_H41,Fed,https://www.federalreserve.gov/releases/h41/,America/New_York,16:30:00,SEED
2019-07-17,FED_H41,Fed,https://www.federalreserve.gov/releases/h41/,America/New_York,16:30:00,SEED
2019-07-24,FED_H41,Fed,https://www.federalreserve.gov/releases/h41/,America/New_York,16:30:00,SEED
2019-07-31,FED_H41,Fed,https://www.federalreserve.gov/releases/h41/,America/New_York,16:30:00,SEED
2019-08-07,FED_H41,Fed,https://www.federalreserve.gov/releases/h41/,America/New_York,16:30:00,SEED
2019-08-14,FED_H41,Fed,https://www.federalreserve.gov/releases/h41/,America/New_York,16:30:00,SEED
2019-08-21,FED_H41,Fed,https://www.federalreserve.gov/releases/h41/,America/New_York,16:30:00,SEED
2019-08-28,FED_H41,Fed,https://www.federalreserve.gov/releases/h41/,America/New_York,16:30:00,SEED
2019-09-04,FED_H41,Fed,https://www.federalreserve.gov/releases/h41/,America/New_York,16:30:00,SEED
2019-09-11,FED_H41,Fed,https://www.federalreserve.gov/releases/h41/,America/New_York,16:30:00,SEED
2019-09-18,FED_H41,Fed,https://www.federalreserve.gov/releases/h41/,America/New_York,16:30:00,SEED
2019-09-25,FED_H41,Fed,https://www.federalreserve.gov/releases/h41/,America/New_York,16:30:00,SEED
2019-10-02,FED_H41,Fed,https://www.federalreserve.gov/releases/h41/,America/New_York,16:30:00,SEED
2019-10-09,FED_H41,Fed,https://www.federalreserve.gov/releases/h41/,America/New_York,16:30:00,SEED
2019-10-16,FED_H41,Fed,https://www.federalreserve.gov/releases/h41/,America/New_York,16:30:00,SEED
2019-10-23,FED_H41,Fed,https://www.federalreserve.gov/releases/h41/,America/New_York,16:30:00,SEED
2019-10-30,FED_H41,Fed,https://www.federalreserve.gov/releases/h41/,America/New_York,16:30:00,SEED
2019-11-06,FED_H41,Fed,https://www.federalreserve.gov/releases/h41/,America/New_York,16:30:00,SEED
2019-11-13,FED_H41,Fed,https://www.federalreserve.gov/releases/h41/,America/New_York,16:30:00,SEED
2019-11-20,FED_H41,Fed,https://www.federalreserve.gov/releases/h41/,America/New_York,16:30:00,SEED
2019-11-27,FED_H41,Fed,https://www.federalreserve.gov/releases/h41/,America/New_York,16:30:00,SEED
2019-12-04,FED_H41,Fed,https://www.federalreserve.gov/releases/h41/,America/New_York,16:30:00,SEED
2019-12-11,FED_H41,Fed,https://www.federalreserve.gov/releases/h41/,America/New_York,16:30:00,SEED
2019-12-18,FED_H41,Fed,https://www.federalreserve.gov/releases/h41/,America/New_York,16:30:00,SEED
2019-12-25,FED_H41,Fed,https://www.federalreserve.gov/releases/h41/,America/New_York,16:30:00,SEED
2020-01-01,FED_H41,Fed,https://www.federalreserve.gov/releases/h41/,America/New_York,16:30:00,SEED
2020-01-08,FED_H41,Fed,https://www.federalreserve.gov/releases/h41/,America/New_York,16:30:00,SEED
2020-01-15,FED_H41,Fed,https://www.federalreserve.gov/releases/h41/,America/New_York,16:30:00,SEED
2020-01-22,FED_H41,Fed,https://www.federalreserve.gov/releases/h41/,America/New_York,16:30:00,SEED
2020-01-29,FED_H41,Fed,https://www.federalreserve.gov/releases/h41/,America/New_York,16:30:00,SEED
2020-02-05,FED_H41,Fed,https://www.federalreserve.gov/releases/h41/,America/New_York,16:30:00,SEED
2020-02-12,FED_H41,Fed,https://www.federalreserve.gov/releases/h41/,America/New_York,16:30:00,SEED
2020-02-19,FED_H41,Fed,https://www.federalreserve.gov/releases/h41/,America/New_York,16:30:00,SEED
2020-02-26,FED_H41,Fed,https://www.federalreserve.gov/releases/h41/,America/New_York,16:30:00,SEED
2020-03-04,FED_H41,Fed,https://www.federalreserve.gov/releases/h41/,America/New_York,16:30:00,SEED
2020-03-11,FED_H41,Fed,https://www.federalreserve.gov/releases/h41/,America/New_York,16:30:00,SEED
2020-03-18,FED_H41,Fed,https://www.federalreserve.gov/releases/h41/,America/New_York,16:30:00,SEED
2020-03-25,FED_H41,Fed,https://www.federalreserve.gov/releases/h41/,America/New_York,16:30:00,SEED
2020-04-01,FED_H41,Fed,https://www.federalreserve.gov/releases/h41/,America/New_York,16:30:00,SEED
2020-04-08,FED_H41,Fed,https://www.federalreserve.gov/releases/h41/,America/New_York,16:30:00,SEED
2020-04-15,FED_H41,Fed,https://www.federalreserve.gov/releases/h41/,America/New_York,16:30:00,SEED
2020-04-22,FED_H41,Fed,https://www.federalreserve.gov/releases/h41/,America/New_York,16:30:00,SEED
2020-04-29,FED_H41,Fed,https://www.federalreserve.gov/releases/h41/,America/New_York,16:30:00,SEED
2020-05-06,FED_H41,Fed,https://www.federalreserve.gov/releases/h41/,America/New_York,16:30:00,SEED
2020-05-13,FED_H41,Fed,https://www.federalreserve.gov/releases/h41/,America/New_York,16:30:00,SEED
2020-05-20,FED_H41,Fed,https://www.federalreserve.gov/releases/h41/,America/New_York,16:30:00,SEED
2020-05-27,FED_H41,Fed,https://www.federalreserve.gov/releases/h41/,America/New_York,16:30:00,SEED
2020-06-03,FED_H41,Fed,https://www.federalreserve.gov/releases/h41/,America/New_York,16:30:00,SEED
2020-06-10,FED_H41,Fed,https://www.federalreserve.gov/releases/h41/,America/New_York,16:30:00,SEED
2020-06-17,FED_H41,Fed,https://www.federalreserve.gov/releases/h41/,America/New_York,16:30:00,SEED
2020-06-24,FED_H41,Fed,https://www.federalreserve.gov/releases/h41/,America/New_York,16:30:00,SEED
2020-07-01,FED_H41,Fed,https://www.federalreserve.gov/releases/h41/,America/New_York,16:30:00,SEED
2020-07-08,FED_H41,Fed,https://www.federalreserve.gov/releases/h41/,America/New_York,16:30:00,SEED
2020-07-15,FED_H41,Fed,https://www.federalreserve.gov/releases/h41/,America/New_York,16:30:00,SEED
2020-07-22,FED_H41,Fed,https://www.federalreserve.gov/releases/h41/,America/New_York,16:30:00,SEED
2020-07-29,FED_H41,Fed,https://www.federalreserve.gov/releases/h41/,America/New_York,16:30:00,SEED
2020-08-05,FED_H41,Fed,https://www.federalreserve.gov/releases/h41/,America/New_York,16:30:00,SEED
2020-08-12,FED_H41,Fed,https://www.federalreserve.gov/releases/h41/,America/New_York,16:30:00,SEED
2020-08-19,FED_H41,Fed,https://www.federalreserve.gov/releases/h41/,America/New_York,16:30:00,SEED
2020-08-26,FED_H41,Fed,https://www.federalreserve.gov/releases/h41/,America/New_York,16:30:00,SEED
2020-09-02,FED_H41,Fed,https://www.federalreserve.gov/releases/h41/,America/New_York,16:30:00,SEED
2020-09-09,FED_H41,Fed,https://www.federalreserve.gov/releases/h41/,America/New_York,16:30:00,SEED
2020-09-16,FED_H41,Fed,https://www.federalreserve.gov/releases/h41/,America/New_York,16:30:00,SEED
2020-09-23,FED_H41,Fed,https://www.federalreserve.gov/releases/h41/,America/New_York,16:30:00,SEED
2020-09-30,FED_H41,Fed,https://www.federalreserve.gov/releases/h41/,America/New_York,16:30:00,SEED
2020-10-07,FED_H41,Fed,https://www.federalreserve.gov/releases/h41/,America/New_York,16:30:00,SEED
2020-10-14,FED_H41,Fed,https://www.federalreserve.gov/releases/h41/,America/New_York,16:30:00,SEED
2020-10-21,FED_H41,Fed,https://www.federalreserve.gov/releases/h41/,America/New_York,16:30:00,SEED
2020-10-28,FED_H41,Fed,https://www.federalreserve.gov/releases/h41/,America/New_York,16:30:00,SEED
2020-11-04,FED_H41,Fed,https://www.federalreserve.gov/releases/h41/,America/New_York,16:30:00,SEED
2020-11-11,FED_H41,Fed,https://www.federalreserve.gov/releases/h41/,America/New_York,16:30:00,SEED
2020-11-18,FED_H41,Fed,https://www.federalreserve.gov/releases/h41/,America/New_York,16:30:00,SEED
2020-11-25,FED_H41,Fed,https://www.federalreserve.gov/releases/h41/,America/New_York,16:30:00,SEED
2020-12-02,FED_H41,Fed,https://www.federalreserve.gov/releases/h41/,America/New_York,16:30:00,SEED
2020-12-09,FED_H41,Fed,https://www.federalreserve.gov/releases/h41/,America/New_York,16:30:00,SEED
2020-12-16,FED_H41,Fed,https://www.federalreserve.gov/releases/h41/,America/New_York,16:30:00,SEED
2020-12-23,FED_H41,Fed,https://www.federalreserve.gov/releases/h41/,America/New_York,16:30:00,SEED
2020-12-30,FED_H41,Fed,https://www.federalreserve.gov/releases/h41/,America/New_York,16:30:00,SEED
2021-01-06,FED_H41,Fed,https://www.federalreserve.gov/releases/h41/,America/New_York,16:30:00,SEED
2021-01-13,FED_H41,Fed,https://www.federalreserve.gov/releases/h41/,America/New_York,16:30:00,SEED
2021-01-20,FED_H41,Fed,https://www.federalreserve.gov/releases/h41/,America/New_York,16:30:00,SEED
2021-01-27,FED_H41,Fed,https://www.federalreserve.gov/releases/h41/,America/New_York,16:30:00,SEED
2021-02-03,FED_H41,Fed,https://www.federalreserve.gov/releases/h41/,America/New_York,16:30:00,SEED
2021-02-10,FED_H41,Fed,https://www.federalreserve.gov/releases/h41/,America/New_York,16:30:00,SEED
2021-02-17,FED_H41,Fed,https://www.federalreserve.gov/releases/h41/,America/New_York,16:30:00,SEED
2021-02-24,FED_H41,Fed,https://www.federalreserve.gov/releases/h41/,America/New_York,16:30:00,SEED
2021-03-03,FED_H41,Fed,https://www.federalreserve.gov/releases/h41/,America/New_York,16:30:00,SEED
2021-03-10,FED_H41,Fed,https://www.federalreserve.gov/releases/h41/,America/New_York,16:30:00,SEED
2021-03-17,FED_H41,Fed,https://www.federalreserve.gov/releases/h41/,America/New_York,16:30:00,SEED
2021-03-24,FED_H41,Fed,https://www.federalreserve.gov/releases/h41/,America/New_York,16:30:00,SEED
2021-03-31,FED_H41,Fed,https://www.federalreserve.gov/releases/h41/,America/New_York,16:30:00,SEED
2021-04-07,FED_H41,Fed,https://www.federalreserve.gov/releases/h41/,America/New_York,16:30:00,SEED
2021-04-14,FED_H41,Fed,https://www.federalreserve.gov/releases/h41/,America/New_York,16:30:00,SEED
2021-04-21,FED_H41,Fed,https://www.federalreserve.gov/releases/h41/,America/New_York,16:30:00,SEED
2021-04-28,FED_H41,Fed,https://www.federalreserve.gov/releases/h41/,America/New_York,16:30:00,SEED
2021-05-05,FED_H41,Fed,https://www.federalreserve.gov/releases/h41/,America/New_York,16:30:00,SEED
2021-05-12,FED_H41,Fed,https://www.federalreserve.gov/releases/h41/,America/New_York,16:30:00,SEED
2021-05-19,FED_H41,Fed,https://www.federalreserve.gov/releases/h41/,America/New_York,16:30:00,SEED
2021-05-26,FED_H41,Fed,https://www.federalreserve.gov/releases/h41/,America/New_York,16:30:00,SEED
2021-06-02,FED_H41,Fed,https://www.federalreserve.gov/releases/h41/,America/New_York,16:30:00,SEED
2021-06-09,FED_H41,Fed,https://www.federalreserve.gov/releases/h41/,America/New_York,16:30:00,SEED
2021-06-16,FED_H41,Fed,https://www.federalreserve.gov/releases/h41/,America/New_York,16:30:00,SEED
2021-06-23,FED_H41,Fed,https://www.federalreserve.gov/releases/h41/,America/New_York,16:30:00,SEED
2021-06-30,FED_H41,Fed,https://www.federalreserve.gov/releases/h41/,America/New_York,16:30:00,SEED
2021-07-07,FED_H41,Fed,https://www.federalreserve.gov/releases/h41/,America/New_York,16:30:00,SEED
2021-07-14,FED_H41,Fed,https://www.federalreserve.gov/releases/h41/,America/New_York,16:30:00,SEED
2021-07-21,FED_H41,Fed,https://www.federalreserve.gov/releases/h41/,America/New_York,16:30:00,SEED
2021-07-28,FED_H41,Fed,https://www.federalreserve.gov/releases/h41/,America/New_York,16:30:00,SEED
2021-08-04,FED_H41,Fed,https://www.federalreserve.gov/releases/h41/,America/New_York,16:30:00,SEED
2021-08-11,FED_H41,Fed,https://www.federalreserve.gov/releases/h41/,America/New_York,16:30:00,SEED
2021-08-18,FED_H41,Fed,https://www.federalreserve.gov/releases/h41/,America/New_York,16:30:00,SEED
2021-08-25,FED_H41,Fed,https://www.federalreserve.gov/releases/h41/,America/New_York,16:30:00,SEED
2021-09-01,FED_H41,Fed,https://www.federalreserve.gov/releases/h41/,America/New_York,16:30:00,SEED
2021-09-08,FED_H41,Fed,https://www.federalreserve.gov/releases/h41/,America/New_York,16:30:00,SEED
2021-09-15,FED_H41,Fed,https://www.federalreserve.gov/releases/h41/,America/New_York,16:30:00,SEED
2021-09-22,FED_H41,Fed,https://www.federalreserve.gov/releases/h41/,America/New_York,16:30:00,SEED
2021-09-29,FED_H41,Fed,https://www.federalreserve.gov/releases/h41/,America/New_York,16:30:00,SEED
2021-10-06,FED_H41,Fed,https://www.federalreserve.gov/releases/h41/,America/New_York,16:30:00,SEED
2021-10-13,FED_H41,Fed,https://www.federalreserve.gov/releases/h41/,America/New_York,16:30:00,SEED
2021-10-20,FED_H41,Fed,https://www.federalreserve.gov/releases/h41/,America/New_York,16:30:00,SEED
2021-10-27,FED_H41,Fed,https://www.federalreserve.gov/releases/h41/,America/New_York,16:30:00,SEED
2021-11-03,FED_H41,Fed,https://www.federalreserve.gov/releases/h41/,America/New_York,16:30:00,SEED
2021-11-10,FED_H41,Fed,https://www.federalreserve.gov/releases/h41/,America/New_York,16:30:00,SEED
2021-11-17,FED_H41,Fed,https://www.federalreserve.gov/releases/h41/,America/New_York,16:30:00,SEED
2021-11-24,FED_H41,Fed,https://www.federalreserve.gov/releases/h41/,America/New_York,16:30:00,SEED
2021-12-01,FED_H41,Fed,https://www.federalreserve.gov/releases/h41/,America/New_York,16:30:00,SEED
2021-12-08,FED_H41,Fed,https://www.federalreserve.gov/releases/h41/,America/New_York,16:30:00,SEED
2021-12-15,FED_H41,Fed,https://www.federalreserve.gov/releases/h41/,America/New_York,16:30:00,SEED
2021-12-22,FED_H41,Fed,https://www.federalreserve.gov/releases/h41/,America/New_York,16:30:00,SEED
2021-12-29,FED_H41,Fed,https://www.federalreserve.gov/releases/h41/,America/New_York,16:30:00,SEED
2022-01-05,FED_H41,Fed,https://www.federalreserve.gov/releases/h41/,America/New_York,16:30:00,SEED
2022-01-12,FED_H41,Fed,https://www.federalreserve.gov/releases/h41/,America/New_York,16:30:00,SEED
2022-01-19,FED_H41,Fed,https://www.federalreserve.gov/releases/h41/,America/New_York,16:30:00,SEED
2022-01-26,FED_H41,Fed,https://www.federalreserve.gov/releases/h41/,America/New_York,16:30:00,SEED
2022-02-02,FED_H41,Fed,https://www.federalreserve.gov/releases/h41/,America/New_York,16:30:00,SEED
2022-02-09,FED_H41,Fed,https://www.federalreserve.gov/releases/h41/,America/New_York,16:30:00,SEED
2022-02-16,FED_H41,Fed,https://www.federalreserve.gov/releases/h41/,America/New_York,16:30:00,SEED
2022-02-23,FED_H41,Fed,https://www.federalreserve.gov/releases/h41/,America/New_York,16:30:00,SEED
2022-03-02,FED_H41,Fed,https://www.federalreserve.gov/releases/h41/,America/New_York,16:30:00,SEED
2022-03-09,FED_H41,Fed,https://www.federalreserve.gov/releases/h41/,America/New_York,16:30:00,SEED
2022-03-16,FED_H41,Fed,https://www.federalreserve.gov/releases/h41/,America/New_York,16:30:00,SEED
2022-03-23,FED_H41,Fed,https://www.federalreserve.gov/releases/h41/,America/New_York,16:30:00,SEED
2022-03-30,FED_H41,Fed,https://www.federalreserve.gov/releases/h41/,America/New_York,16:30:00,SEED
2022-04-06,FED_H41,Fed,https://www.federalreserve.gov/releases/h41/,America/New_York,16:30:00,SEED
2022-04-13,FED_H41,Fed,https://www.federalreserve.gov/releases/h41/,America/New_York,16:30:00,SEED
2022-04-20,FED_H41,Fed,https://www.federalreserve.gov/releases/h41/,America/New_York,16:30:00,SEED
2022-04-27,FED_H41,Fed,https://www.federalreserve.gov/releases/h41/,America/New_York,16:30:00,SEED
2022-05-04,FED_H41,Fed,https://www.federalreserve.gov/releases/h41/,America/New_York,16:30:00,SEED
2022-05-11,FED_H41,Fed,https://www.federalreserve.gov/releases/h41/,America/New_York,16:30:00,SEED
2022-05-18,FED_H41,Fed,https://www.federalreserve.gov/releases/h41/,America/New_York,16:30:00,SEED
2022-05-25,FED_H41,Fed,https://www.federalreserve.gov/releases/h41/,America/New_York,16:30:00,SEED
2022-06-01,FED_H41,Fed,https://www.federalreserve.gov/releases/h41/,America/New_York,16:30:00,SEED
2022-06-08,FED_H41,Fed,https://www.federalreserve.gov/releases/h41/,America/New_York,16:30:00,SEED
2022-06-15,FED_H41,Fed,https://www.federalreserve.gov/releases/h41/,America/New_York,16:30:00,SEED
2022-06-22,FED_H41,Fed,https://www.federalreserve.gov/releases/h41/,America/New_York,16:30:00,SEED
2022-06-29,FED_H41,Fed,https://www.federalreserve.gov/releases/h41/,America/New_York,16:30:00,SEED
2022-07-06,FED_H41,Fed,https://www.federalreserve.gov/releases/h41/,America/New_York,16:30:00,SEED
2022-07-13,FED_H41,Fed,https://www.federalreserve.gov/releases/h41/,America/New_York,16:30:00,SEED
2022-07-20,FED_H41,Fed,https://www.federalreserve.gov/releases/h41/,America/New_York,16:30:00,SEED
2022-07-27,FED_H41,Fed,https://www.federalreserve.gov/releases/h41/,America/New_York,16:30:00,SEED
2022-08-03,FED_H41,Fed,https://www.federalreserve.gov/releases/h41/,America/New_York,16:30:00,SEED
2022-08-10,FED_H41,Fed,https://www.federalreserve.gov/releases/h41/,America/New_York,16:30:00,SEED
2022-08-17,FED_H41,Fed,https://www.federalreserve.gov/releases/h41/,America/New_York,16:30:00,SEED
2022-08-24,FED_H41,Fed,https://www.federalreserve.gov/releases/h41/,America/New_York,16:30:00,SEED
2022-08-31,FED_H41,Fed,https://www.federalreserve.gov/releases/h41/,America/New_York,16:30:00,SEED
2022-09-07,FED_H41,Fed,https://www.federalreserve.gov/releases/h41/,America/New_York,16:30:00,SEED
2022-09-14,FED_H41,Fed,https://www.federalreserve.gov/releases/h41/,America/New_York,16:30:00,SEED
2022-09-21,FED_H41,Fed,https://www.federalreserve.gov/releases/h41/,America/New_York,16:30:00,SEED
2022-09-28,FED_H41,Fed,https://www.federalreserve.gov/releases/h41/,America/New_York,16:30:00,SEED
2022-10-05,FED_H41,Fed,https://www.federalreserve.gov/releases/h41/,America/New_York,16:30:00,SEED
2022-10-12,FED_H41,Fed,https://www.federalreserve.gov/releases/h41/,America/New_York,16:30:00,SEED
2022-10-19,FED_H41,Fed,https://www.federalreserve.gov/releases/h41/,America/New_York,16:30:00,SEED
2022-10-26,FED_H41,Fed,https://www.federalreserve.gov/releases/h41/,America/New_York,16:30:00,SEED
2022-11-02,FED_H41,Fed,https://www.federalreserve.gov/releases/h41/,America/New_York,16:30:00,SEED
2022-11-09,FED_H41,Fed,https://www.federalreserve.gov/releases/h41/,America/New_York,16:30:00,SEED
2022-11-16,FED_H41,Fed,https://www.federalreserve.gov/releases/h41/,America/New_York,16:30:00,SEED
2022-11-23,FED_H41,Fed,https://www.federalreserve.gov/releases/h41/,America/New_York,16:30:00,SEED
2022-11-30,FED_H41,Fed,https://www.federalreserve.gov/releases/h41/,America/New_York,16:30:00,SEED
2022-12-07,FED_H41,Fed,https://www.federalreserve.gov/releases/h41/,America/New_York,16:30:00,SEED
2022-12-14,FED_H41,Fed,https://www.federalreserve.gov/releases/h41/,America/New_York,16:30:00,SEED
2022-12-21,FED_H41,Fed,https://www.federalreserve.gov/releases/h41/,America/New_York,16:30:00,SEED
2022-12-28,FED_H41,Fed,https://www.federalreserve.gov/releases/h41/,America/New_York,16:30:00,SEED
2023-01-04,FED_H41,Fed,https://www.federalreserve.gov/releases/h41/,America/New_York,16:30:00,SEED
2023-01-11,FED_H41,Fed,https://www.federalreserve.gov/releases/h41/,America/New_York,16:30:00,SEED
2023-01-18,FED_H41,Fed,https://www.federalreserve.gov/releases/h41/,America/New_York,16:30:00,SEED
2023-01-25,FED_H41,Fed,https://www.federalreserve.gov/releases/h41/,America/New_York,16:30:00,SEED
2023-02-01,FED_H41,Fed,https://www.federalreserve.gov/releases/h41/,America/New_York,16:30:00,SEED
2023-02-08,FED_H41,Fed,https://www.federalreserve.gov/releases/h41/,America/New_York,16:30:00,SEED
2023-02-15,FED_H41,Fed,https://www.federalreserve.gov/releases/h41/,America/New_York,16:30:00,SEED
2023-02-22,FED_H41,Fed,https://www.federalreserve.gov/releases/h41/,America/New_York,16:30:00,SEED
2023-03-01,FED_H41,Fed,https://www.federalreserve.gov/releases/h41/,America/New_York,16:30:00,SEED
2023-03-08,FED_H41,Fed,https://www.federalreserve.gov/releases/h41/,America/New_York,16:30:00,SEED
2023-03-15,FED_H41,Fed,https://www.federalreserve.gov/releases/h41/,America/New_York,16:30:00,SEED
2023-03-22,FED_H41,Fed,https://www.federalreserve.gov/releases/h41/,America/New_York,16:30:00,SEED
2023-03-29,FED_H41,Fed,https://www.federalreserve.gov/releases/h41/,America/New_York,16:30:00,SEED
2023-04-05,FED_H41,Fed,https://www.federalreserve.gov/releases/h41/,America/New_York,16:30:00,SEED
2023-04-12,FED_H41,Fed,https://www.federalreserve.gov/releases/h41/,America/New_York,16:30:00,SEED
2023-04-19,FED_H41,Fed,https://www.federalreserve.gov/releases/h41/,America/New_York,16:30:00,SEED
2023-04-26,FED_H41,Fed,https://www.federalreserve.gov/releases/h41/,America/New_York,16:30:00,SEED
2023-05-03,FED_H41,Fed,https://www.federalreserve.gov/releases/h41/,America/New_York,16:30:00,SEED
2023-05-10,FED_H41,Fed,https://www.federalreserve.gov/releases/h41/,America/New_York,16:30:00,SEED
2023-05-17,FED_H41,Fed,https://www.federalreserve.gov/releases/h41/,America/New_York,16:30:00,SEED
2023-05-24,FED_H41,Fed,https://www.federalreserve.gov/releases/h41/,America/New_York,16:30:00,SEED
2023-05-31,FED_H41,Fed,https://www.federalreserve.gov/releases/h41/,America/New_York,16:30:00,SEED
2023-06-07,FED_H41,Fed,https://www.federalreserve.gov/releases/h41/,America/New_York,16:30:00,SEED
2023-06-14,FED_H41,Fed,https://www.federalreserve.gov/releases/h41/,America/New_York,16:30:00,SEED
2023-06-21,FED_H41,Fed,https://www.federalreserve.gov/releases/h41/,America/New_York,16:30:00,SEED
2023-06-28,FED_H41,Fed,https://www.federalreserve.gov/releases/h41/,America/New_York,16:30:00,SEED
2023-07-05,FED_H41,Fed,https://www.federalreserve.gov/releases/h41/,America/New_York,16:30:00,SEED
2023-07-12,FED_H41,Fed,https://www.federalreserve.gov/releases/h41/,America/New_York,16:30:00,SEED
2023-07-19,FED_H41,Fed,https://www.federalreserve.gov/releases/h41/,America/New_York,16:30:00,SEED
2023-07-26,FED_H41,Fed,https://www.federalreserve.gov/releases/h41/,America/New_York,16:30:00,SEED
2023-08-02,FED_H41,Fed,https://www.federalreserve.gov/releases/h41/,America/New_York,16:30:00,SEED
2023-08-09,FED_H41,Fed,https://www.federalreserve.gov/releases/h41/,America/New_York,16:30:00,SEED
2023-08-16,FED_H41,Fed,https://www.federalreserve.gov/releases/h41/,America/New_York,16:30:00,SEED
2023-08-23,FED_H41,Fed,https://www.federalreserve.gov/releases/h41/,America/New_York,16:30:00,SEED
2023-08-30,FED_H41,Fed,https://www.federalreserve.gov/releases/h41/,America/New_York,16:30:00,SEED
2023-09-06,FED_H41,Fed,https://www.federalreserve.gov/releases/h41/,America/New_York,16:30:00,SEED
2023-09-13,FED_H41,Fed,https://www.federalreserve.gov/releases/h41/,America/New_York,16:30:00,SEED
2023-09-20,FED_H41,Fed,https://www.federalreserve.gov/releases/h41/,America/New_York,16:30:00,SEED
2023-09-27,FED_H41,Fed,https://www.federalreserve.gov/releases/h41/,America/New_York,16:30:00,SEED
2023-10-04,FED_H41,Fed,https://www.federalreserve.gov/releases/h41/,America/New_York,16:30:00,SEED
2023-10-11,FED_H41,Fed,https://www.federalreserve.gov/releases/h41/,America/New_York,16:30:00,SEED
2023-10-18,FED_H41,Fed,https://www.federalreserve.gov/releases/h41/,America/New_York,16:30:00,SEED
2023-10-25,FED_H41,Fed,https://www.federalreserve.gov/releases/h41/,America/New_York,16:30:00,SEED
2023-11-01,FED_H41,Fed,https://www.federalreserve.gov/releases/h41/,America/New_York,16:30:00,SEED
2023-11-08,FED_H41,Fed,https://www.federalreserve.gov/releases/h41/,America/New_York,16:30:00,SEED
2023-11-15,FED_H41,Fed,https://www.federalreserve.gov/releases/h41/,America/New_York,16:30:00,SEED
2023-11-22,FED_H41,Fed,https://www.federalreserve.gov/releases/h41/,America/New_York,16:30:00,SEED
2023-11-29,FED_H41,Fed,https://www.federalreserve.gov/releases/h41/,America/New_York,16:30:00,SEED
2023-12-06,FED_H41,Fed,https://www.federalreserve.gov/releases/h41/,America/New_York,16:30:00,SEED
2023-12-13,FED_H41,Fed,https://www.federalreserve.gov/releases/h41/,America/New_York,16:30:00,SEED
2023-12-20,FED_H41,Fed,https://www.federalreserve.gov/releases/h41/,America/New_York,16:30:00,SEED
2023-12-27,FED_H41,Fed,https://www.federalreserve.gov/releases/h41/,America/New_York,16:30:00,SEED
2024-01-03,FED_H41,Fed,https://www.federalreserve.gov/releases/h41/,America/New_York,16:30:00,SEED
2024-01-10,FED_H41,Fed,https://www.federalreserve.gov/releases/h41/,America/New_York,16:30:00,SEED
2024-01-17,FED_H41,Fed,https://www.federalreserve.gov/releases/h41/,America/New_York,16:30:00,SEED
2024-01-24,FED_H41,Fed,https://www.federalreserve.gov/releases/h41/,America/New_York,16:30:00,SEED
2024-01-31,FED_H41,Fed,https://www.federalreserve.gov/releases/h41/,America/New_York,16:30:00,SEED
2024-02-07,FED_H41,Fed,https://www.federalreserve.gov/releases/h41/,America/New_York,16:30:00,SEED
2024-02-14,FED_H41,Fed,https://www.federalreserve.gov/releases/h41/,America/New_York,16:30:00,SEED
2024-02-21,FED_H41,Fed,https://www.federalreserve.gov/releases/h41/,America/New_York,16:30:00,SEED
2024-02-28,FED_H41,Fed,https://www.federalreserve.gov/releases/h41/,America/New_York,16:30:00,SEED
2024-03-06,FED_H41,Fed,https://www.federalreserve.gov/releases/h41/,America/New_York,16:30:00,SEED
2024-03-13,FED_H41,Fed,https://www.federalreserve.gov/releases/h41/,America/New_York,16:30:00,SEED
2024-03-20,FED_H41,Fed,https://www.federalreserve.gov/releases/h41/,America/New_York,16:30:00,SEED
2024-03-27,FED_H41,Fed,https://www.federalreserve.gov/releases/h41/,America/New_York,16:30:00,SEED
2024-04-03,FED_H41,Fed,https://www.federalreserve.gov/releases/h41/,America/New_York,16:30:00,SEED
2024-04-10,FED_H41,Fed,https://www.federalreserve.gov/releases/h41/,America/New_York,16:30:00,SEED
2024-04-17,FED_H41,Fed,https://www.federalreserve.gov/releases/h41/,America/New_York,16:30:00,SEED
2024-04-24,FED_H41,Fed,https://www.federalreserve.gov/releases/h41/,America/New_York,16:30:00,SEED
2024-05-01,FED_H41,Fed,https://www.federalreserve.gov/releases/h41/,America/New_York,16:30:00,SEED
2024-05-08,FED_H41,Fed,https://www.federalreserve.gov/releases/h41/,America/New_York,16:30:00,SEED
2024-05-15,FED_H41,Fed,https://www.federalreserve.gov/releases/h41/,America/New_York,16:30:00,SEED
2024-05-22,FED_H41,Fed,https://www.federalreserve.gov/releases/h41/,America/New_York,16:30:00,SEED
2024-05-29,FED_H41,Fed,https://www.federalreserve.gov/releases/h41/,America/New_York,16:30:00,SEED
2024-06-05,FED_H41,Fed,https://www.federalreserve.gov/releases/h41/,America/New_York,16:30:00,SEED
2024-06-12,FED_H41,Fed,https://www.federalreserve.gov/releases/h41/,America/New_York,16:30:00,SEED
2024-06-19,FED_H41,Fed,https://www.federalreserve.gov/releases/h41/,America/New_York,16:30:00,SEED
2024-06-26,FED_H41,Fed,https://www.federalreserve.gov/releases/h41/,America/New_York,16:30:00,SEED
2024-07-03,FED_H41,Fed,https://www.federalreserve.gov/releases/h41/,America/New_York,16:30:00,SEED
2024-07-10,FED_H41,Fed,https://www.federalreserve.gov/releases/h41/,America/New_York,16:30:00,SEED
2024-07-17,FED_H41,Fed,https://www.federalreserve.gov/releases/h41/,America/New_York,16:30:00,SEED
2024-07-24,FED_H41,Fed,https://www.federalreserve.gov/releases/h41/,America/New_York,16:30:00,SEED
2024-07-31,FED_H41,Fed,https://www.federalreserve.gov/releases/h41/,America/New_York,16:30:00,SEED
2024-08-07,FED_H41,Fed,https://www.federalreserve.gov/releases/h41/,America/New_York,16:30:00,SEED
2024-08-14,FED_H41,Fed,https://www.federalreserve.gov/releases/h41/,America/New_York,16:30:00,SEED
2024-08-21,FED_H41,Fed,https://www.federalreserve.gov/releases/h41/,America/New_York,16:30:00,SEED
2024-08-28,FED_H41,Fed,https://www.federalreserve.gov/releases/h41/,America/New_York,16:30:00,SEED
2024-09-04,FED_H41,Fed,https://www.federalreserve.gov/releases/h41/,America/New_York,16:30:00,SEED
2024-09-11,FED_H41,Fed,https://www.federalreserve.gov/releases/h41/,America/New_York,16:30:00,SEED
2024-09-18,FED_H41,Fed,https://www.federalreserve.gov/releases/h41/,America/New_York,16:30:00,SEED
2024-09-25,FED_H41,Fed,https://www.federalreserve.gov/releases/h41/,America/New_York,16:30:00,SEED
2024-10-02,FED_H41,Fed,https://www.federalreserve.gov/releases/h41/,America/New_York,16:30:00,SEED
2024-10-09,FED_H41,Fed,https://www.federalreserve.gov/releases/h41/,America/New_York,16:30:00,SEED
2024-10-16,FED_H41,Fed,https://www.federalreserve.gov/releases/h41/,America/New_York,16:30:00,SEED
2024-10-23,FED_H41,Fed,https://www.federalreserve.gov/releases/h41/,America/New_York,16:30:00,SEED
2024-10-30,FED_H41,Fed,https://www.federalreserve.gov/releases/h41/,America/New_York,16:30:00,SEED
2024-11-06,FED_H41,Fed,https://www.federalreserve.gov/releases/h41/,America/New_York,16:30:00,SEED
2024-11-13,FED_H41,Fed,https://www.federalreserve.gov/releases/h41/,America/New_York,16:30:00,SEED
2024-11-20,FED_H41,Fed,https://www.federalreserve.gov/releases/h41/,America/New_York,16:30:00,SEED
2024-11-27,FED_H41,Fed,https://www.federalreserve.gov/releases/h41/,America/New_York,16:30:00,SEED
2024-12-04,FED_H41,Fed,https://www.federalreserve.gov/releases/h41/,America/New_York,16:30:00,SEED
2024-12-11,FED_H41,Fed,https://www.federalreserve.gov/releases/h41/,America/New_York,16:30:00,SEED
2024-12-18,FED_H41,Fed,https://www.federalreserve.gov/releases/h41/,America/New_York,16:30:00,SEED
2024-12-25,FED_H41,Fed,https://www.federalreserve.gov/releases/h41/,America/New_York,16:30:00,SEED
2025-01-01,FED_H41,Fed,https://www.federalreserve.gov/releases/h41/,America/New_York,16:30:00,SEED
2025-01-08,FED_H41,Fed,https://www.federalreserve.gov/releases/h41/,America/New_York,16:30:00,SEED
2025-01-15,FED_H41,Fed,https://www.federalreserve.gov/releases/h41/,America/New_York,16:30:00,SEED
2025-01-22,FED_H41,Fed,https://www.federalreserve.gov/releases/h41/,America/New_York,16:30:00,SEED
2025-01-29,FED_H41,Fed,https://www.federalreserve.gov/releases/h41/,America/New_York,16:30:00,SEED
2025-02-05,FED_H41,Fed,https://www.federalreserve.gov/releases/h41/,America/New_York,16:30:00,SEED
2025-02-12,FED_H41,Fed,https://www.federalreserve.gov/releases/h41/,America/New_York,16:30:00,SEED
2025-02-19,FED_H41,Fed,https://www.federalreserve.gov/releases/h41/,America/New_York,16:30:00,SEED
2025-02-26,FED_H41,Fed,https://www.federalreserve.gov/releases/h41/,America/New_York,16:30:00,SEED
2025-03-05,FED_H41,Fed,https://www.federalreserve.gov/releases/h41/,America/New_York,16:30:00,SEED
2025-03-12,FED_H41,Fed,https://www.federalreserve.gov/releases/h41/,America/New_York,16:30:00,SEED
2025-03-19,FED_H41,Fed,https://www.federalreserve.gov/releases/h41/,America/New_York,16:30:00,SEED
2025-03-26,FED_H41,Fed,https://www.federalreserve.gov/releases/h41/,America/New_York,16:30:00,SEED
2025-04-02,FED_H41,Fed,https://www.federalreserve.gov/releases/h41/,America/New_York,16:30:00,SEED
2025-04-09,FED_H41,Fed,https://www.federalreserve.gov/releases/h41/,America/New_York,16:30:00,SEED
2025-04-16,FED_H41,Fed,https://www.federalreserve.gov/releases/h41/,America/New_York,16:30:00,SEED
2025-04-23,FED_H41,Fed,https://www.federalreserve.gov/releases/h41/,America/New_York,16:30:00,SEED
2025-04-30,FED_H41,Fed,https://www.federalreserve.gov/releases/h41/,America/New_York,16:30:00,SEED
2025-05-07,FED_H41,Fed,https://www.federalreserve.gov/releases/h41/,America/New_York,16:30:00,SEED
2025-05-14,FED_H41,Fed,https://www.federalreserve.gov/releases/h41/,America/New_York,16:30:00,SEED
2025-05-21,FED_H41,Fed,https://www.federalreserve.gov/releases/h41/,America/New_York,16:30:00,SEED
2025-05-28,FED_H41,Fed,https://www.federalreserve.gov/releases/h41/,America/New_York,16:30:00,SEED
2025-06-04,FED_H41,Fed,https://www.federalreserve.gov/releases/h41/,America/New_York,16:30:00,SEED
2025-06-11,FED_H41,Fed,https://www.federalreserve.gov/releases/h41/,America/New_York,16:30:00,SEED
2025-06-18,FED_H41,Fed,https://www.federalreserve.gov/releases/h41/,America/New_York,16:30:00,SEED
2025-06-25,FED_H41,Fed,https://www.federalreserve.gov/releases/h41/,America/New_York,16:30:00,SEED
2025-07-02,FED_H41,Fed,https://www.federalreserve.gov/releases/h41/,America/New_York,16:30:00,SEED
2025-07-09,FED_H41,Fed,https://www.federalreserve.gov/releases/h41/,America/New_York,16:30:00,SEED
2025-07-16,FED_H41,Fed,https://www.federalreserve.gov/releases/h41/,America/New_York,16:30:00,SEED
2025-07-23,FED_H41,Fed,https://www.federalreserve.gov/releases/h41/,America/New_York,16:30:00,SEED
2025-07-30,FED_H41,Fed,https://www.federalreserve.gov/releases/h41/,America/New_York,16:30:00,SEED
2025-08-06,FED_H41,Fed,https://www.federalreserve.gov/releases/h41/,America/New_York,16:30:00,SEED
2025-08-13,FED_H41,Fed,https://www.federalreserve.gov/releases/h41/,America/New_York,16:30:00,SEED
2025-08-20,FED_H41,Fed,https://www.federalreserve.gov/releases/h41/,America/New_York,16:30:00,SEED
2025-08-27,FED_H41,Fed,https://www.federalreserve.gov/releases/h41/,America/New_York,16:30:00,SEED
2025-09-03,FED_H41,Fed,https://www.federalreserve.gov/releases/h41/,America/New_York,16:30:00,SEED
2025-09-10,FED_H41,Fed,https://www.federalreserve.gov/releases/h41/,America/New_York,16:30:00,SEED
2025-09-17,FED_H41,Fed,https://www.federalreserve.gov/releases/h41/,America/New_York,16:30:00,SEED
2025-09-24,FED_H41,Fed,https://www.federalreserve.gov/releases/h41/,America/New_York,16:30:00,SEED
2025-10-01,FED_H41,Fed,https://www.federalreserve.gov/releases/h41/,America/New_York,16:30:00,SEED
2025-10-08,FED_H41,Fed,https://www.federalreserve.gov/releases/h41/,America/New_York,16:30:00,SEED
2025-10-15,FED_H41,Fed,https://www.federalreserve.gov/releases/h41/,America/New_York,16:30:00,SEED
2025-10-22,FED_H41,Fed,https://www.federalreserve.gov/releases/h41/,America/New_York,16:30:00,SEED
2025-10-29,FED_H41,Fed,https://www.federalreserve.gov/releases/h41/,America/New_York,16:30:00,SEED
2025-11-05,FED_H41,Fed,https://www.federalreserve.gov/releases/h41/,America/New_York,16:30:00,SEED
2025-11-12,FED_H41,Fed,https://www.federalreserve.gov/releases/h41/,America/New_York,16:30:00,SEED
2025-11-19,FED_H41,Fed,https://www.federalreserve.gov/releases/h41/,America/New_York,16:30:00,SEED
2025-11-26,FED_H41,Fed,https://www.federalreserve.gov/releases/h41/,America/New_York,16:30:00,SEED
2025-12-03,FED_H41,Fed,https://www.federalreserve.gov/releases/h41/,America/New_York,16:30:00,SEED
2025-12-10,FED_H41,Fed,https://www.federalreserve.gov/releases/h41/,America/New_York,16:30:00,SEED
2025-12-17,FED_H41,Fed,https://www.federalreserve.gov/releases/h41/,America/New_York,16:30:00,SEED
2025-12-24,FED_H41,Fed,https://www.federalreserve.gov/releases/h41/,America/New_York,16:30:00,SEED
2025-12-31,FED_H41,Fed,https://www.federalreserve.gov/releases/h41/,America/New_York,16:30:00,SEED
2026-01-07,FED_H41,Fed,https://www.federalreserve.gov/releases/h41/,America/New_York,16:30:00,SEED
2026-01-14,FED_H41,Fed,https://www.federalreserve.gov/releases/h41/,America/New_York,16:30:00,SEED
2026-01-21,FED_H41,Fed,https://www.federalreserve.gov/releases/h41/,America/New_York,16:30:00,SEED
2026-01-28,FED_H41,Fed,https://www.federalreserve.gov/releases/h41/,America/New_York,16:30:00,SEED
2026-02-04,FED_H41,Fed,https://www.federalreserve.gov/releases/h41/,America/New_York,16:30:00,SEED
2026-02-11,FED_H41,Fed,https://www.federalreserve.gov/releases/h41/,America/New_York,16:30:00,SEED
2026-02-18,FED_H41,Fed,https://www.federalreserve.gov/releases/h41/,America/New_York,16:30:00,SEED
2026-02-25,FED_H41,Fed,https://www.federalreserve.gov/releases/h41/,America/New_York,16:30:00,SEED
2026-03-04,FED_H41,Fed,https://www.federalreserve.gov/releases/h41/,America/New_York,16:30:00,SEED
2026-03-11,FED_H41,Fed,https://www.federalreserve.gov/releases/h41/,America/New_York,16:30:00,SEED
2026-03-18,FED_H41,Fed,https://www.federalreserve.gov/releases/h41/,America/New_York,16:30:00,SEED
2026-03-25,FED_H41,Fed,https://www.federalreserve.gov/releases/h41/,America/New_York,16:30:00,SEED
2026-04-01,FED_H41,Fed,https://www.federalreserve.gov/releases/h41/,America/New_York,16:30:00,SEED
2026-04-08,FED_H41,Fed,https://www.federalreserve.gov/releases/h41/,America/New_York,16:30:00,SEED
2026-04-15,FED_H41,Fed,https://www.federalreserve.gov/releases/h41/,America/New_York,16:30:00,SEED
2026-04-22,FED_H41,Fed,https://www.federalreserve.gov/releases/h41/,America/New_York,16:30:00,SEED
2026-04-29,FED_H41,Fed,https://www.federalreserve.gov/releases/h41/,America/New_York,16:30:00,SEED
2026-05-06,FED_H41,Fed,https://www.federalreserve.gov/releases/h41/,America/New_York,16:30:00,SEED
2026-05-13,FED_H41,Fed,https://www.federalreserve.gov/releases/h41/,America/New_York,16:30:00,SEED
2026-05-20,FED_H41,Fed,https://www.federalreserve.gov/releases/h41/,America/New_York,16:30:00,SEED
2026-05-27,FED_H41,Fed,https://www.federalreserve.gov/releases/h41/,America/New_York,16:30:00,SEED
2026-06-03,FED_H41,Fed,https://www.federalreserve.gov/releases/h41/,America/New_York,16:30:00,SEED
2026-06-10,FED_H41,Fed,https://www.federalreserve.gov/releases/h41/,America/New_York,16:30:00,SEED
2026-06-17,FED_H41,Fed,https://www.federalreserve.gov/releases/h41/,America/New_York,16:30:00,SEED
2026-06-24,FED_H41,Fed,https://www.federalreserve.gov/releases/h41/,America/New_York,16:30:00,SEED
2026-07-01,FED_H41,Fed,https://www.federalreserve.gov/releases/h41/,America/New_York,16:30:00,SEED
2026-07-08,FED_H41,Fed,https://www.federalreserve.gov/releases/h41/,America/New_York,16:30:00,SEED
2026-07-15,FED_H41,Fed,https://www.federalreserve.gov/releases/h41/,America/New_York,16:30:00,SEED
2026-07-22,FED_H41,Fed,https://www.federalreserve.gov/releases/h41/,America/New_York,16:30:00,SEED
2026-07-29,FED_H41,Fed,https://www.federalreserve.gov/releases/h41/,America/New_York,16:30:00,SEED
2026-08-05,FED_H41,Fed,https://www.federalreserve.gov/releases/h41/,America/New_York,16:30:00,SEED
2026-08-12,FED_H41,Fed,https://www.federalreserve.gov/releases/h41/,America/New_York,16:30:00,SEED
2026-08-19,FED_H41,Fed,https://www.federalreserve.gov/releases/h41/,America/New_York,16:30:00,SEED
2026-08-26,FED_H41,Fed,https://www.federalreserve.gov/releases/h41/,America/New_York,16:30:00,SEED
2026-09-02,FED_H41,Fed,https://www.federalreserve.gov/releases/h41/,America/New_York,16:30:00,SEED
2026-09-09,FED_H41,Fed,https://www.federalreserve.gov/releases/h41/,America/New_York,16:30:00,SEED
2026-09-16,FED_H41,Fed,https://www.federalreserve.gov/releases/h41/,America/New_York,16:30:00,SEED
2026-09-23,FED_H41,Fed,https://www.federalreserve.gov/releases/h41/,America/New_York,16:30:00,SEED
2026-09-30,FED_H41,Fed,https://www.federalreserve.gov/releases/h41/,America/New_York,16:30:00,SEED
2026-10-07,FED_H41,Fed,https://www.federalreserve.gov/releases/h41/,America/New_York,16:30:00,SEED
2026-10-14,FED_H41,Fed,https://www.federalreserve.gov/releases/h41/,America/New_York,16:30:00,SEED
2026-10-21,FED_H41,Fed,https://www.federalreserve.gov/releases/h41/,America/New_York,16:30:00,SEED
2026-10-28,FED_H41,Fed,https://www.federalreserve.gov/releases/h41/,America/New_York,16:30:00,SEED
2026-11-04,FED_H41,Fed,https://www.federalreserve.gov/releases/h41/,America/New_York,16:30:00,SEED
2026-11-11,FED_H41,Fed,https://www.federalreserve.gov/releases/h41/,America/New_York,16:30:00,SEED
2026-11-18,FED_H41,Fed,https://www.federalreserve.gov/releases/h41/,America/New_York,16:30:00,SEED
2026-11-25,FED_H41,Fed,https://www.federalreserve.gov/releases/h41/,America/New_York,16:30:00,SEED
2026-12-02,FED_H41,Fed,https://www.federalreserve.gov/releases/h41/,America/New_York,16:30:00,SEED
2026-12-09,FED_H41,Fed,https://www.federalreserve.gov/releases/h41/,America/New_York,16:30:00,SEED
2026-12-16,FED_H41,Fed,https://www.federalreserve.gov/releases/h41/,America/New_York,16:30:00,SEED
2026-12-23,FED_H41,Fed,https://www.federalreserve.gov/releases/h41/,America/New_York,16:30:00,SEED
2026-12-30,FED_H41,Fed,https://www.federalreserve.gov/releases/h41/,America/New_York,16:30:00,SEED
2018-01-03,BAKER_HUGHES_RIG,BakerHughes,https://rigcount.bakerhughes.com/,America/New_York,13:00:00,SEED
2018-01-10,BAKER_HUGHES_RIG,BakerHughes,https://rigcount.bakerhughes.com/,America/New_York,13:00:00,SEED
2018-01-17,BAKER_HUGHES_RIG,BakerHughes,https://rigcount.bakerhughes.com/,America/New_York,13:00:00,SEED
2018-01-24,BAKER_HUGHES_RIG,BakerHughes,https://rigcount.bakerhughes.com/,America/New_York,13:00:00,SEED
2018-01-31,BAKER_HUGHES_RIG,BakerHughes,https://rigcount.bakerhughes.com/,America/New_York,13:00:00,SEED
2018-02-07,BAKER_HUGHES_RIG,BakerHughes,https://rigcount.bakerhughes.com/,America/New_York,13:00:00,SEED
2018-02-14,BAKER_HUGHES_RIG,BakerHughes,https://rigcount.bakerhughes.com/,America/New_York,13:00:00,SEED
2018-02-21,BAKER_HUGHES_RIG,BakerHughes,https://rigcount.bakerhughes.com/,America/New_York,13:00:00,SEED
2018-02-28,BAKER_HUGHES_RIG,BakerHughes,https://rigcount.bakerhughes.com/,America/New_York,13:00:00,SEED
2018-03-07,BAKER_HUGHES_RIG,BakerHughes,https://rigcount.bakerhughes.com/,America/New_York,13:00:00,SEED
2018-03-14,BAKER_HUGHES_RIG,BakerHughes,https://rigcount.bakerhughes.com/,America/New_York,13:00:00,SEED
2018-03-21,BAKER_HUGHES_RIG,BakerHughes,https://rigcount.bakerhughes.com/,America/New_York,13:00:00,SEED
2018-03-28,BAKER_HUGHES_RIG,BakerHughes,https://rigcount.bakerhughes.com/,America/New_York,13:00:00,SEED
2018-04-04,BAKER_HUGHES_RIG,BakerHughes,https://rigcount.bakerhughes.com/,America/New_York,13:00:00,SEED
2018-04-11,BAKER_HUGHES_RIG,BakerHughes,https://rigcount.bakerhughes.com/,America/New_York,13:00:00,SEED
2018-04-18,BAKER_HUGHES_RIG,BakerHughes,https://rigcount.bakerhughes.com/,America/New_York,13:00:00,SEED
2018-04-25,BAKER_HUGHES_RIG,BakerHughes,https://rigcount.bakerhughes.com/,America/New_York,13:00:00,SEED
2018-05-02,BAKER_HUGHES_RIG,BakerHughes,https://rigcount.bakerhughes.com/,America/New_York,13:00:00,SEED
2018-05-09,BAKER_HUGHES_RIG,BakerHughes,https://rigcount.bakerhughes.com/,America/New_York,13:00:00,SEED
2018-05-16,BAKER_HUGHES_RIG,BakerHughes,https://rigcount.bakerhughes.com/,America/New_York,13:00:00,SEED
2018-05-23,BAKER_HUGHES_RIG,BakerHughes,https://rigcount.bakerhughes.com/,America/New_York,13:00:00,SEED
2018-05-30,BAKER_HUGHES_RIG,BakerHughes,https://rigcount.bakerhughes.com/,America/New_York,13:00:00,SEED
2018-06-06,BAKER_HUGHES_RIG,BakerHughes,https://rigcount.bakerhughes.com/,America/New_York,13:00:00,SEED
2018-06-13,BAKER_HUGHES_RIG,BakerHughes,https://rigcount.bakerhughes.com/,America/New_York,13:00:00,SEED
2018-06-20,BAKER_HUGHES_RIG,BakerHughes,https://rigcount.bakerhughes.com/,America/New_York,13:00:00,SEED
2018-06-27,BAKER_HUGHES_RIG,BakerHughes,https://rigcount.bakerhughes.com/,America/New_York,13:00:00,SEED
2018-07-04,BAKER_HUGHES_RIG,BakerHughes,https://rigcount.bakerhughes.com/,America/New_York,13:00:00,SEED
2018-07-11,BAKER_HUGHES_RIG,BakerHughes,https://rigcount.bakerhughes.com/,America/New_York,13:00:00,SEED
2018-07-18,BAKER_HUGHES_RIG,BakerHughes,https://rigcount.bakerhughes.com/,America/New_York,13:00:00,SEED
2018-07-25,BAKER_HUGHES_RIG,BakerHughes,https://rigcount.bakerhughes.com/,America/New_York,13:00:00,SEED
2018-08-01,BAKER_HUGHES_RIG,BakerHughes,https://rigcount.bakerhughes.com/,America/New_York,13:00:00,SEED
2018-08-08,BAKER_HUGHES_RIG,BakerHughes,https://rigcount.bakerhughes.com/,America/New_York,13:00:00,SEED
2018-08-15,BAKER_HUGHES_RIG,BakerHughes,https://rigcount.bakerhughes.com/,America/New_York,13:00:00,SEED
2018-08-22,BAKER_HUGHES_RIG,BakerHughes,https://rigcount.bakerhughes.com/,America/New_York,13:00:00,SEED
2018-08-29,BAKER_HUGHES_RIG,BakerHughes,https://rigcount.bakerhughes.com/,America/New_York,13:00:00,SEED
2018-09-05,BAKER_HUGHES_RIG,BakerHughes,https://rigcount.bakerhughes.com/,America/New_York,13:00:00,SEED
2018-09-12,BAKER_HUGHES_RIG,BakerHughes,https://rigcount.bakerhughes.com/,America/New_York,13:00:00,SEED
2018-09-19,BAKER_HUGHES_RIG,BakerHughes,https://rigcount.bakerhughes.com/,America/New_York,13:00:00,SEED
2018-09-26,BAKER_HUGHES_RIG,BakerHughes,https://rigcount.bakerhughes.com/,America/New_York,13:00:00,SEED
2018-10-03,BAKER_HUGHES_RIG,BakerHughes,https://rigcount.bakerhughes.com/,America/New_York,13:00:00,SEED
2018-10-10,BAKER_HUGHES_RIG,BakerHughes,https://rigcount.bakerhughes.com/,America/New_York,13:00:00,SEED
2018-10-17,BAKER_HUGHES_RIG,BakerHughes,https://rigcount.bakerhughes.com/,America/New_York,13:00:00,SEED
2018-10-24,BAKER_HUGHES_RIG,BakerHughes,https://rigcount.bakerhughes.com/,America/New_York,13:00:00,SEED
2018-10-31,BAKER_HUGHES_RIG,BakerHughes,https://rigcount.bakerhughes.com/,America/New_York,13:00:00,SEED
2018-11-07,BAKER_HUGHES_RIG,BakerHughes,https://rigcount.bakerhughes.com/,America/New_York,13:00:00,SEED
2018-11-14,BAKER_HUGHES_RIG,BakerHughes,https://rigcount.bakerhughes.com/,America/New_York,13:00:00,SEED
2018-11-21,BAKER_HUGHES_RIG,BakerHughes,https://rigcount.bakerhughes.com/,America/New_York,13:00:00,SEED
2018-11-28,BAKER_HUGHES_RIG,BakerHughes,https://rigcount.bakerhughes.com/,America/New_York,13:00:00,SEED
2018-12-05,BAKER_HUGHES_RIG,BakerHughes,https://rigcount.bakerhughes.com/,America/New_York,13:00:00,SEED
2018-12-12,BAKER_HUGHES_RIG,BakerHughes,https://rigcount.bakerhughes.com/,America/New_York,13:00:00,SEED
2018-12-19,BAKER_HUGHES_RIG,BakerHughes,https://rigcount.bakerhughes.com/,America/New_York,13:00:00,SEED
2018-12-26,BAKER_HUGHES_RIG,BakerHughes,https://rigcount.bakerhughes.com/,America/New_York,13:00:00,SEED
2019-01-02,BAKER_HUGHES_RIG,BakerHughes,https://rigcount.bakerhughes.com/,America/New_York,13:00:00,SEED
2019-01-09,BAKER_HUGHES_RIG,BakerHughes,https://rigcount.bakerhughes.com/,America/New_York,13:00:00,SEED
2019-01-16,BAKER_HUGHES_RIG,BakerHughes,https://rigcount.bakerhughes.com/,America/New_York,13:00:00,SEED
2019-01-23,BAKER_HUGHES_RIG,BakerHughes,https://rigcount.bakerhughes.com/,America/New_York,13:00:00,SEED
2019-01-30,BAKER_HUGHES_RIG,BakerHughes,https://rigcount.bakerhughes.com/,America/New_York,13:00:00,SEED
2019-02-06,BAKER_HUGHES_RIG,BakerHughes,https://rigcount.bakerhughes.com/,America/New_York,13:00:00,SEED
2019-02-13,BAKER_HUGHES_RIG,BakerHughes,https://rigcount.bakerhughes.com/,America/New_York,13:00:00,SEED
2019-02-20,BAKER_HUGHES_RIG,BakerHughes,https://rigcount.bakerhughes.com/,America/New_York,13:00:00,SEED
2019-02-27,BAKER_HUGHES_RIG,BakerHughes,https://rigcount.bakerhughes.com/,America/New_York,13:00:00,SEED
2019-03-06,BAKER_HUGHES_RIG,BakerHughes,https://rigcount.bakerhughes.com/,America/New_York,13:00:00,SEED
2019-03-13,BAKER_HUGHES_RIG,BakerHughes,https://rigcount.bakerhughes.com/,America/New_York,13:00:00,SEED
2019-03-20,BAKER_HUGHES_RIG,BakerHughes,https://rigcount.bakerhughes.com/,America/New_York,13:00:00,SEED
2019-03-27,BAKER_HUGHES_RIG,BakerHughes,https://rigcount.bakerhughes.com/,America/New_York,13:00:00,SEED
2019-04-03,BAKER_HUGHES_RIG,BakerHughes,https://rigcount.bakerhughes.com/,America/New_York,13:00:00,SEED
2019-04-10,BAKER_HUGHES_RIG,BakerHughes,https://rigcount.bakerhughes.com/,America/New_York,13:00:00,SEED
2019-04-17,BAKER_HUGHES_RIG,BakerHughes,https://rigcount.bakerhughes.com/,America/New_York,13:00:00,SEED
2019-04-24,BAKER_HUGHES_RIG,BakerHughes,https://rigcount.bakerhughes.com/,America/New_York,13:00:00,SEED
2019-05-01,BAKER_HUGHES_RIG,BakerHughes,https://rigcount.bakerhughes.com/,America/New_York,13:00:00,SEED
2019-05-08,BAKER_HUGHES_RIG,BakerHughes,https://rigcount.bakerhughes.com/,America/New_York,13:00:00,SEED
2019-05-15,BAKER_HUGHES_RIG,BakerHughes,https://rigcount.bakerhughes.com/,America/New_York,13:00:00,SEED
2019-05-22,BAKER_HUGHES_RIG,BakerHughes,https://rigcount.bakerhughes.com/,America/New_York,13:00:00,SEED
2019-05-29,BAKER_HUGHES_RIG,BakerHughes,https://rigcount.bakerhughes.com/,America/New_York,13:00:00,SEED
2019-06-05,BAKER_HUGHES_RIG,BakerHughes,https://rigcount.bakerhughes.com/,America/New_York,13:00:00,SEED
2019-06-12,BAKER_HUGHES_RIG,BakerHughes,https://rigcount.bakerhughes.com/,America/New_York,13:00:00,SEED
2019-06-19,BAKER_HUGHES_RIG,BakerHughes,https://rigcount.bakerhughes.com/,America/New_York,13:00:00,SEED
2019-06-26,BAKER_HUGHES_RIG,BakerHughes,https://rigcount.bakerhughes.com/,America/New_York,13:00:00,SEED
2019-07-03,BAKER_HUGHES_RIG,BakerHughes,https://rigcount.bakerhughes.com/,America/New_York,13:00:00,SEED
2019-07-10,BAKER_HUGHES_RIG,BakerHughes,https://rigcount.bakerhughes.com/,America/New_York,13:00:00,SEED
2019-07-17,BAKER_HUGHES_RIG,BakerHughes,https://rigcount.bakerhughes.com/,America/New_York,13:00:00,SEED
2019-07-24,BAKER_HUGHES_RIG,BakerHughes,https://rigcount.bakerhughes.com/,America/New_York,13:00:00,SEED
2019-07-31,BAKER_HUGHES_RIG,BakerHughes,https://rigcount.bakerhughes.com/,America/New_York,13:00:00,SEED
2019-08-07,BAKER_HUGHES_RIG,BakerHughes,https://rigcount.bakerhughes.com/,America/New_York,13:00:00,SEED
2019-08-14,BAKER_HUGHES_RIG,BakerHughes,https://rigcount.bakerhughes.com/,America/New_York,13:00:00,SEED
2019-08-21,BAKER_HUGHES_RIG,BakerHughes,https://rigcount.bakerhughes.com/,America/New_York,13:00:00,SEED
2019-08-28,BAKER_HUGHES_RIG,BakerHughes,https://rigcount.bakerhughes.com/,America/New_York,13:00:00,SEED
2019-09-04,BAKER_HUGHES_RIG,BakerHughes,https://rigcount.bakerhughes.com/,America/New_York,13:00:00,SEED
2019-09-11,BAKER_HUGHES_RIG,BakerHughes,https://rigcount.bakerhughes.com/,America/New_York,13:00:00,SEED
2019-09-18,BAKER_HUGHES_RIG,BakerHughes,https://rigcount.bakerhughes.com/,America/New_York,13:00:00,SEED
2019-09-25,BAKER_HUGHES_RIG,BakerHughes,https://rigcount.bakerhughes.com/,America/New_York,13:00:00,SEED
2019-10-02,BAKER_HUGHES_RIG,BakerHughes,https://rigcount.bakerhughes.com/,America/New_York,13:00:00,SEED
2019-10-09,BAKER_HUGHES_RIG,BakerHughes,https://rigcount.bakerhughes.com/,America/New_York,13:00:00,SEED
2019-10-16,BAKER_HUGHES_RIG,BakerHughes,https://rigcount.bakerhughes.com/,America/New_York,13:00:00,SEED
2019-10-23,BAKER_HUGHES_RIG,BakerHughes,https://rigcount.bakerhughes.com/,America/New_York,13:00:00,SEED
2019-10-30,BAKER_HUGHES_RIG,BakerHughes,https://rigcount.bakerhughes.com/,America/New_York,13:00:00,SEED
2019-11-06,BAKER_HUGHES_RIG,BakerHughes,https://rigcount.bakerhughes.com/,America/New_York,13:00:00,SEED
2019-11-13,BAKER_HUGHES_RIG,BakerHughes,https://rigcount.bakerhughes.com/,America/New_York,13:00:00,SEED
2019-11-20,BAKER_HUGHES_RIG,BakerHughes,https://rigcount.bakerhughes.com/,America/New_York,13:00:00,SEED
2019-11-27,BAKER_HUGHES_RIG,BakerHughes,https://rigcount.bakerhughes.com/,America/New_York,13:00:00,SEED
2019-12-04,BAKER_HUGHES_RIG,BakerHughes,https://rigcount.bakerhughes.com/,America/New_York,13:00:00,SEED
2019-12-11,BAKER_HUGHES_RIG,BakerHughes,https://rigcount.bakerhughes.com/,America/New_York,13:00:00,SEED
2019-12-18,BAKER_HUGHES_RIG,BakerHughes,https://rigcount.bakerhughes.com/,America/New_York,13:00:00,SEED
2019-12-25,BAKER_HUGHES_RIG,BakerHughes,https://rigcount.bakerhughes.com/,America/New_York,13:00:00,SEED
2020-01-01,BAKER_HUGHES_RIG,BakerHughes,https://rigcount.bakerhughes.com/,America/New_York,13:00:00,SEED
2020-01-08,BAKER_HUGHES_RIG,BakerHughes,https://rigcount.bakerhughes.com/,America/New_York,13:00:00,SEED
2020-01-15,BAKER_HUGHES_RIG,BakerHughes,https://rigcount.bakerhughes.com/,America/New_York,13:00:00,SEED
2020-01-22,BAKER_HUGHES_RIG,BakerHughes,https://rigcount.bakerhughes.com/,America/New_York,13:00:00,SEED
2020-01-29,BAKER_HUGHES_RIG,BakerHughes,https://rigcount.bakerhughes.com/,America/New_York,13:00:00,SEED
2020-02-05,BAKER_HUGHES_RIG,BakerHughes,https://rigcount.bakerhughes.com/,America/New_York,13:00:00,SEED
2020-02-12,BAKER_HUGHES_RIG,BakerHughes,https://rigcount.bakerhughes.com/,America/New_York,13:00:00,SEED
2020-02-19,BAKER_HUGHES_RIG,BakerHughes,https://rigcount.bakerhughes.com/,America/New_York,13:00:00,SEED
2020-02-26,BAKER_HUGHES_RIG,BakerHughes,https://rigcount.bakerhughes.com/,America/New_York,13:00:00,SEED
2020-03-04,BAKER_HUGHES_RIG,BakerHughes,https://rigcount.bakerhughes.com/,America/New_York,13:00:00,SEED
2020-03-11,BAKER_HUGHES_RIG,BakerHughes,https://rigcount.bakerhughes.com/,America/New_York,13:00:00,SEED
2020-03-18,BAKER_HUGHES_RIG,BakerHughes,https://rigcount.bakerhughes.com/,America/New_York,13:00:00,SEED
2020-03-25,BAKER_HUGHES_RIG,BakerHughes,https://rigcount.bakerhughes.com/,America/New_York,13:00:00,SEED
2020-04-01,BAKER_HUGHES_RIG,BakerHughes,https://rigcount.bakerhughes.com/,America/New_York,13:00:00,SEED
2020-04-08,BAKER_HUGHES_RIG,BakerHughes,https://rigcount.bakerhughes.com/,America/New_York,13:00:00,SEED
2020-04-15,BAKER_HUGHES_RIG,BakerHughes,https://rigcount.bakerhughes.com/,America/New_York,13:00:00,SEED
2020-04-22,BAKER_HUGHES_RIG,BakerHughes,https://rigcount.bakerhughes.com/,America/New_York,13:00:00,SEED
2020-04-29,BAKER_HUGHES_RIG,BakerHughes,https://rigcount.bakerhughes.com/,America/New_York,13:00:00,SEED
2020-05-06,BAKER_HUGHES_RIG,BakerHughes,https://rigcount.bakerhughes.com/,America/New_York,13:00:00,SEED
2020-05-13,BAKER_HUGHES_RIG,BakerHughes,https://rigcount.bakerhughes.com/,America/New_York,13:00:00,SEED
2020-05-20,BAKER_HUGHES_RIG,BakerHughes,https://rigcount.bakerhughes.com/,America/New_York,13:00:00,SEED
2020-05-27,BAKER_HUGHES_RIG,BakerHughes,https://rigcount.bakerhughes.com/,America/New_York,13:00:00,SEED
2020-06-03,BAKER_HUGHES_RIG,BakerHughes,https://rigcount.bakerhughes.com/,America/New_York,13:00:00,SEED
2020-06-10,BAKER_HUGHES_RIG,BakerHughes,https://rigcount.bakerhughes.com/,America/New_York,13:00:00,SEED
2020-06-17,BAKER_HUGHES_RIG,BakerHughes,https://rigcount.bakerhughes.com/,America/New_York,13:00:00,SEED
2020-06-24,BAKER_HUGHES_RIG,BakerHughes,https://rigcount.bakerhughes.com/,America/New_York,13:00:00,SEED
2020-07-01,BAKER_HUGHES_RIG,BakerHughes,https://rigcount.bakerhughes.com/,America/New_York,13:00:00,SEED
2020-07-08,BAKER_HUGHES_RIG,BakerHughes,https://rigcount.bakerhughes.com/,America/New_York,13:00:00,SEED
2020-07-15,BAKER_HUGHES_RIG,BakerHughes,https://rigcount.bakerhughes.com/,America/New_York,13:00:00,SEED
2020-07-22,BAKER_HUGHES_RIG,BakerHughes,https://rigcount.bakerhughes.com/,America/New_York,13:00:00,SEED
2020-07-29,BAKER_HUGHES_RIG,BakerHughes,https://rigcount.bakerhughes.com/,America/New_York,13:00:00,SEED
2020-08-05,BAKER_HUGHES_RIG,BakerHughes,https://rigcount.bakerhughes.com/,America/New_York,13:00:00,SEED
2020-08-12,BAKER_HUGHES_RIG,BakerHughes,https://rigcount.bakerhughes.com/,America/New_York,13:00:00,SEED
2020-08-19,BAKER_HUGHES_RIG,BakerHughes,https://rigcount.bakerhughes.com/,America/New_York,13:00:00,SEED
2020-08-26,BAKER_HUGHES_RIG,BakerHughes,https://rigcount.bakerhughes.com/,America/New_York,13:00:00,SEED
2020-09-02,BAKER_HUGHES_RIG,BakerHughes,https://rigcount.bakerhughes.com/,America/New_York,13:00:00,SEED
2020-09-09,BAKER_HUGHES_RIG,BakerHughes,https://rigcount.bakerhughes.com/,America/New_York,13:00:00,SEED
2020-09-16,BAKER_HUGHES_RIG,BakerHughes,https://rigcount.bakerhughes.com/,America/New_York,13:00:00,SEED
2020-09-23,BAKER_HUGHES_RIG,BakerHughes,https://rigcount.bakerhughes.com/,America/New_York,13:00:00,SEED
2020-09-30,BAKER_HUGHES_RIG,BakerHughes,https://rigcount.bakerhughes.com/,America/New_York,13:00:00,SEED
2020-10-07,BAKER_HUGHES_RIG,BakerHughes,https://rigcount.bakerhughes.com/,America/New_York,13:00:00,SEED
2020-10-14,BAKER_HUGHES_RIG,BakerHughes,https://rigcount.bakerhughes.com/,America/New_York,13:00:00,SEED
2020-10-21,BAKER_HUGHES_RIG,BakerHughes,https://rigcount.bakerhughes.com/,America/New_York,13:00:00,SEED
2020-10-28,BAKER_HUGHES_RIG,BakerHughes,https://rigcount.bakerhughes.com/,America/New_York,13:00:00,SEED
2020-11-04,BAKER_HUGHES_RIG,BakerHughes,https://rigcount.bakerhughes.com/,America/New_York,13:00:00,SEED
2020-11-11,BAKER_HUGHES_RIG,BakerHughes,https://rigcount.bakerhughes.com/,America/New_York,13:00:00,SEED
2020-11-18,BAKER_HUGHES_RIG,BakerHughes,https://rigcount.bakerhughes.com/,America/New_York,13:00:00,SEED
2020-11-25,BAKER_HUGHES_RIG,BakerHughes,https://rigcount.bakerhughes.com/,America/New_York,13:00:00,SEED
2020-12-02,BAKER_HUGHES_RIG,BakerHughes,https://rigcount.bakerhughes.com/,America/New_York,13:00:00,SEED
2020-12-09,BAKER_HUGHES_RIG,BakerHughes,https://rigcount.bakerhughes.com/,America/New_York,13:00:00,SEED
2020-12-16,BAKER_HUGHES_RIG,BakerHughes,https://rigcount.bakerhughes.com/,America/New_York,13:00:00,SEED
2020-12-23,BAKER_HUGHES_RIG,BakerHughes,https://rigcount.bakerhughes.com/,America/New_York,13:00:00,SEED
2020-12-30,BAKER_HUGHES_RIG,BakerHughes,https://rigcount.bakerhughes.com/,America/New_York,13:00:00,SEED
2021-01-06,BAKER_HUGHES_RIG,BakerHughes,https://rigcount.bakerhughes.com/,America/New_York,13:00:00,SEED
2021-01-13,BAKER_HUGHES_RIG,BakerHughes,https://rigcount.bakerhughes.com/,America/New_York,13:00:00,SEED
2021-01-20,BAKER_HUGHES_RIG,BakerHughes,https://rigcount.bakerhughes.com/,America/New_York,13:00:00,SEED
2021-01-27,BAKER_HUGHES_RIG,BakerHughes,https://rigcount.bakerhughes.com/,America/New_York,13:00:00,SEED
2021-02-03,BAKER_HUGHES_RIG,BakerHughes,https://rigcount.bakerhughes.com/,America/New_York,13:00:00,SEED
2021-02-10,BAKER_HUGHES_RIG,BakerHughes,https://rigcount.bakerhughes.com/,America/New_York,13:00:00,SEED
2021-02-17,BAKER_HUGHES_RIG,BakerHughes,https://rigcount.bakerhughes.com/,America/New_York,13:00:00,SEED
2021-02-24,BAKER_HUGHES_RIG,BakerHughes,https://rigcount.bakerhughes.com/,America/New_York,13:00:00,SEED
2021-03-03,BAKER_HUGHES_RIG,BakerHughes,https://rigcount.bakerhughes.com/,America/New_York,13:00:00,SEED
2021-03-10,BAKER_HUGHES_RIG,BakerHughes,https://rigcount.bakerhughes.com/,America/New_York,13:00:00,SEED
2021-03-17,BAKER_HUGHES_RIG,BakerHughes,https://rigcount.bakerhughes.com/,America/New_York,13:00:00,SEED
2021-03-24,BAKER_HUGHES_RIG,BakerHughes,https://rigcount.bakerhughes.com/,America/New_York,13:00:00,SEED
2021-03-31,BAKER_HUGHES_RIG,BakerHughes,https://rigcount.bakerhughes.com/,America/New_York,13:00:00,SEED
2021-04-07,BAKER_HUGHES_RIG,BakerHughes,https://rigcount.bakerhughes.com/,America/New_York,13:00:00,SEED
2021-04-14,BAKER_HUGHES_RIG,BakerHughes,https://rigcount.bakerhughes.com/,America/New_York,13:00:00,SEED
2021-04-21,BAKER_HUGHES_RIG,BakerHughes,https://rigcount.bakerhughes.com/,America/New_York,13:00:00,SEED
2021-04-28,BAKER_HUGHES_RIG,BakerHughes,https://rigcount.bakerhughes.com/,America/New_York,13:00:00,SEED
2021-05-05,BAKER_HUGHES_RIG,BakerHughes,https://rigcount.bakerhughes.com/,America/New_York,13:00:00,SEED
2021-05-12,BAKER_HUGHES_RIG,BakerHughes,https://rigcount.bakerhughes.com/,America/New_York,13:00:00,SEED
2021-05-19,BAKER_HUGHES_RIG,BakerHughes,https://rigcount.bakerhughes.com/,America/New_York,13:00:00,SEED
2021-05-26,BAKER_HUGHES_RIG,BakerHughes,https://rigcount.bakerhughes.com/,America/New_York,13:00:00,SEED
2021-06-02,BAKER_HUGHES_RIG,BakerHughes,https://rigcount.bakerhughes.com/,America/New_York,13:00:00,SEED
2021-06-09,BAKER_HUGHES_RIG,BakerHughes,https://rigcount.bakerhughes.com/,America/New_York,13:00:00,SEED
2021-06-16,BAKER_HUGHES_RIG,BakerHughes,https://rigcount.bakerhughes.com/,America/New_York,13:00:00,SEED
2021-06-23,BAKER_HUGHES_RIG,BakerHughes,https://rigcount.bakerhughes.com/,America/New_York,13:00:00,SEED
2021-06-30,BAKER_HUGHES_RIG,BakerHughes,https://rigcount.bakerhughes.com/,America/New_York,13:00:00,SEED
2021-07-07,BAKER_HUGHES_RIG,BakerHughes,https://rigcount.bakerhughes.com/,America/New_York,13:00:00,SEED
2021-07-14,BAKER_HUGHES_RIG,BakerHughes,https://rigcount.bakerhughes.com/,America/New_York,13:00:00,SEED
2021-07-21,BAKER_HUGHES_RIG,BakerHughes,https://rigcount.bakerhughes.com/,America/New_York,13:00:00,SEED
2021-07-28,BAKER_HUGHES_RIG,BakerHughes,https://rigcount.bakerhughes.com/,America/New_York,13:00:00,SEED
2021-08-04,BAKER_HUGHES_RIG,BakerHughes,https://rigcount.bakerhughes.com/,America/New_York,13:00:00,SEED
2021-08-11,BAKER_HUGHES_RIG,BakerHughes,https://rigcount.bakerhughes.com/,America/New_York,13:00:00,SEED
2021-08-18,BAKER_HUGHES_RIG,BakerHughes,https://rigcount.bakerhughes.com/,America/New_York,13:00:00,SEED
2021-08-25,BAKER_HUGHES_RIG,BakerHughes,https://rigcount.bakerhughes.com/,America/New_York,13:00:00,SEED
2021-09-01,BAKER_HUGHES_RIG,BakerHughes,https://rigcount.bakerhughes.com/,America/New_York,13:00:00,SEED
2021-09-08,BAKER_HUGHES_RIG,BakerHughes,https://rigcount.bakerhughes.com/,America/New_York,13:00:00,SEED
2021-09-15,BAKER_HUGHES_RIG,BakerHughes,https://rigcount.bakerhughes.com/,America/New_York,13:00:00,SEED
2021-09-22,BAKER_HUGHES_RIG,BakerHughes,https://rigcount.bakerhughes.com/,America/New_York,13:00:00,SEED
2021-09-29,BAKER_HUGHES_RIG,BakerHughes,https://rigcount.bakerhughes.com/,America/New_York,13:00:00,SEED
2021-10-06,BAKER_HUGHES_RIG,BakerHughes,https://rigcount.bakerhughes.com/,America/New_York,13:00:00,SEED
2021-10-13,BAKER_HUGHES_RIG,BakerHughes,https://rigcount.bakerhughes.com/,America/New_York,13:00:00,SEED
2021-10-20,BAKER_HUGHES_RIG,BakerHughes,https://rigcount.bakerhughes.com/,America/New_York,13:00:00,SEED
2021-10-27,BAKER_HUGHES_RIG,BakerHughes,https://rigcount.bakerhughes.com/,America/New_York,13:00:00,SEED
2021-11-03,BAKER_HUGHES_RIG,BakerHughes,https://rigcount.bakerhughes.com/,America/New_York,13:00:00,SEED
2021-11-10,BAKER_HUGHES_RIG,BakerHughes,https://rigcount.bakerhughes.com/,America/New_York,13:00:00,SEED
2021-11-17,BAKER_HUGHES_RIG,BakerHughes,https://rigcount.bakerhughes.com/,America/New_York,13:00:00,SEED
2021-11-24,BAKER_HUGHES_RIG,BakerHughes,https://rigcount.bakerhughes.com/,America/New_York,13:00:00,SEED
2021-12-01,BAKER_HUGHES_RIG,BakerHughes,https://rigcount.bakerhughes.com/,America/New_York,13:00:00,SEED
2021-12-08,BAKER_HUGHES_RIG,BakerHughes,https://rigcount.bakerhughes.com/,America/New_York,13:00:00,SEED
2021-12-15,BAKER_HUGHES_RIG,BakerHughes,https://rigcount.bakerhughes.com/,America/New_York,13:00:00,SEED
2021-12-22,BAKER_HUGHES_RIG,BakerHughes,https://rigcount.bakerhughes.com/,America/New_York,13:00:00,SEED
2021-12-29,BAKER_HUGHES_RIG,BakerHughes,https://rigcount.bakerhughes.com/,America/New_York,13:00:00,SEED
2022-01-05,BAKER_HUGHES_RIG,BakerHughes,https://rigcount.bakerhughes.com/,America/New_York,13:00:00,SEED
2022-01-12,BAKER_HUGHES_RIG,BakerHughes,https://rigcount.bakerhughes.com/,America/New_York,13:00:00,SEED
2022-01-19,BAKER_HUGHES_RIG,BakerHughes,https://rigcount.bakerhughes.com/,America/New_York,13:00:00,SEED
2022-01-26,BAKER_HUGHES_RIG,BakerHughes,https://rigcount.bakerhughes.com/,America/New_York,13:00:00,SEED
2022-02-02,BAKER_HUGHES_RIG,BakerHughes,https://rigcount.bakerhughes.com/,America/New_York,13:00:00,SEED
2022-02-09,BAKER_HUGHES_RIG,BakerHughes,https://rigcount.bakerhughes.com/,America/New_York,13:00:00,SEED
2022-02-16,BAKER_HUGHES_RIG,BakerHughes,https://rigcount.bakerhughes.com/,America/New_York,13:00:00,SEED
2022-02-23,BAKER_HUGHES_RIG,BakerHughes,https://rigcount.bakerhughes.com/,America/New_York,13:00:00,SEED
2022-03-02,BAKER_HUGHES_RIG,BakerHughes,https://rigcount.bakerhughes.com/,America/New_York,13:00:00,SEED
2022-03-09,BAKER_HUGHES_RIG,BakerHughes,https://rigcount.bakerhughes.com/,America/New_York,13:00:00,SEED
2022-03-16,BAKER_HUGHES_RIG,BakerHughes,https://rigcount.bakerhughes.com/,America/New_York,13:00:00,SEED
2022-03-23,BAKER_HUGHES_RIG,BakerHughes,https://rigcount.bakerhughes.com/,America/New_York,13:00:00,SEED
2022-03-30,BAKER_HUGHES_RIG,BakerHughes,https://rigcount.bakerhughes.com/,America/New_York,13:00:00,SEED
2022-04-06,BAKER_HUGHES_RIG,BakerHughes,https://rigcount.bakerhughes.com/,America/New_York,13:00:00,SEED
2022-04-13,BAKER_HUGHES_RIG,BakerHughes,https://rigcount.bakerhughes.com/,America/New_York,13:00:00,SEED
2022-04-20,BAKER_HUGHES_RIG,BakerHughes,https://rigcount.bakerhughes.com/,America/New_York,13:00:00,SEED
2022-04-27,BAKER_HUGHES_RIG,BakerHughes,https://rigcount.bakerhughes.com/,America/New_York,13:00:00,SEED
2022-05-04,BAKER_HUGHES_RIG,BakerHughes,https://rigcount.bakerhughes.com/,America/New_York,13:00:00,SEED
2022-05-11,BAKER_HUGHES_RIG,BakerHughes,https://rigcount.bakerhughes.com/,America/New_York,13:00:00,SEED
2022-05-18,BAKER_HUGHES_RIG,BakerHughes,https://rigcount.bakerhughes.com/,America/New_York,13:00:00,SEED
2022-05-25,BAKER_HUGHES_RIG,BakerHughes,https://rigcount.bakerhughes.com/,America/New_York,13:00:00,SEED
2022-06-01,BAKER_HUGHES_RIG,BakerHughes,https://rigcount.bakerhughes.com/,America/New_York,13:00:00,SEED
2022-06-08,BAKER_HUGHES_RIG,BakerHughes,https://rigcount.bakerhughes.com/,America/New_York,13:00:00,SEED
2022-06-15,BAKER_HUGHES_RIG,BakerHughes,https://rigcount.bakerhughes.com/,America/New_York,13:00:00,SEED
2022-06-22,BAKER_HUGHES_RIG,BakerHughes,https://rigcount.bakerhughes.com/,America/New_York,13:00:00,SEED
2022-06-29,BAKER_HUGHES_RIG,BakerHughes,https://rigcount.bakerhughes.com/,America/New_York,13:00:00,SEED
2022-07-06,BAKER_HUGHES_RIG,BakerHughes,https://rigcount.bakerhughes.com/,America/New_York,13:00:00,SEED
2022-07-13,BAKER_HUGHES_RIG,BakerHughes,https://rigcount.bakerhughes.com/,America/New_York,13:00:00,SEED
2022-07-20,BAKER_HUGHES_RIG,BakerHughes,https://rigcount.bakerhughes.com/,America/New_York,13:00:00,SEED
2022-07-27,BAKER_HUGHES_RIG,BakerHughes,https://rigcount.bakerhughes.com/,America/New_York,13:00:00,SEED
2022-08-03,BAKER_HUGHES_RIG,BakerHughes,https://rigcount.bakerhughes.com/,America/New_York,13:00:00,SEED
2022-08-10,BAKER_HUGHES_RIG,BakerHughes,https://rigcount.bakerhughes.com/,America/New_York,13:00:00,SEED
2022-08-17,BAKER_HUGHES_RIG,BakerHughes,https://rigcount.bakerhughes.com/,America/New_York,13:00:00,SEED
2022-08-24,BAKER_HUGHES_RIG,BakerHughes,https://rigcount.bakerhughes.com/,America/New_York,13:00:00,SEED
2022-08-31,BAKER_HUGHES_RIG,BakerHughes,https://rigcount.bakerhughes.com/,America/New_York,13:00:00,SEED
2022-09-07,BAKER_HUGHES_RIG,BakerHughes,https://rigcount.bakerhughes.com/,America/New_York,13:00:00,SEED
2022-09-14,BAKER_HUGHES_RIG,BakerHughes,https://rigcount.bakerhughes.com/,America/New_York,13:00:00,SEED
2022-09-21,BAKER_HUGHES_RIG,BakerHughes,https://rigcount.bakerhughes.com/,America/New_York,13:00:00,SEED
2022-09-28,BAKER_HUGHES_RIG,BakerHughes,https://rigcount.bakerhughes.com/,America/New_York,13:00:00,SEED
2022-10-05,BAKER_HUGHES_RIG,BakerHughes,https://rigcount.bakerhughes.com/,America/New_York,13:00:00,SEED
2022-10-12,BAKER_HUGHES_RIG,BakerHughes,https://rigcount.bakerhughes.com/,America/New_York,13:00:00,SEED
2022-10-19,BAKER_HUGHES_RIG,BakerHughes,https://rigcount.bakerhughes.com/,America/New_York,13:00:00,SEED
2022-10-26,BAKER_HUGHES_RIG,BakerHughes,https://rigcount.bakerhughes.com/,America/New_York,13:00:00,SEED
2022-11-02,BAKER_HUGHES_RIG,BakerHughes,https://rigcount.bakerhughes.com/,America/New_York,13:00:00,SEED
2022-11-09,BAKER_HUGHES_RIG,BakerHughes,https://rigcount.bakerhughes.com/,America/New_York,13:00:00,SEED
2022-11-16,BAKER_HUGHES_RIG,BakerHughes,https://rigcount.bakerhughes.com/,America/New_York,13:00:00,SEED
2022-11-23,BAKER_HUGHES_RIG,BakerHughes,https://rigcount.bakerhughes.com/,America/New_York,13:00:00,SEED
2022-11-30,BAKER_HUGHES_RIG,BakerHughes,https://rigcount.bakerhughes.com/,America/New_York,13:00:00,SEED
2022-12-07,BAKER_HUGHES_RIG,BakerHughes,https://rigcount.bakerhughes.com/,America/New_York,13:00:00,SEED
2022-12-14,BAKER_HUGHES_RIG,BakerHughes,https://rigcount.bakerhughes.com/,America/New_York,13:00:00,SEED
2022-12-21,BAKER_HUGHES_RIG,BakerHughes,https://rigcount.bakerhughes.com/,America/New_York,13:00:00,SEED
2022-12-28,BAKER_HUGHES_RIG,BakerHughes,https://rigcount.bakerhughes.com/,America/New_York,13:00:00,SEED
2023-01-04,BAKER_HUGHES_RIG,BakerHughes,https://rigcount.bakerhughes.com/,America/New_York,13:00:00,SEED
2023-01-11,BAKER_HUGHES_RIG,BakerHughes,https://rigcount.bakerhughes.com/,America/New_York,13:00:00,SEED
2023-01-18,BAKER_HUGHES_RIG,BakerHughes,https://rigcount.bakerhughes.com/,America/New_York,13:00:00,SEED
2023-01-25,BAKER_HUGHES_RIG,BakerHughes,https://rigcount.bakerhughes.com/,America/New_York,13:00:00,SEED
2023-02-01,BAKER_HUGHES_RIG,BakerHughes,https://rigcount.bakerhughes.com/,America/New_York,13:00:00,SEED
2023-02-08,BAKER_HUGHES_RIG,BakerHughes,https://rigcount.bakerhughes.com/,America/New_York,13:00:00,SEED
2023-02-15,BAKER_HUGHES_RIG,BakerHughes,https://rigcount.bakerhughes.com/,America/New_York,13:00:00,SEED
2023-02-22,BAKER_HUGHES_RIG,BakerHughes,https://rigcount.bakerhughes.com/,America/New_York,13:00:00,SEED
2023-03-01,BAKER_HUGHES_RIG,BakerHughes,https://rigcount.bakerhughes.com/,America/New_York,13:00:00,SEED
2023-03-08,BAKER_HUGHES_RIG,BakerHughes,https://rigcount.bakerhughes.com/,America/New_York,13:00:00,SEED
2023-03-15,BAKER_HUGHES_RIG,BakerHughes,https://rigcount.bakerhughes.com/,America/New_York,13:00:00,SEED
2023-03-22,BAKER_HUGHES_RIG,BakerHughes,https://rigcount.bakerhughes.com/,America/New_York,13:00:00,SEED
2023-03-29,BAKER_HUGHES_RIG,BakerHughes,https://rigcount.bakerhughes.com/,America/New_York,13:00:00,SEED
2023-04-05,BAKER_HUGHES_RIG,BakerHughes,https://rigcount.bakerhughes.com/,America/New_York,13:00:00,SEED
2023-04-12,BAKER_HUGHES_RIG,BakerHughes,https://rigcount.bakerhughes.com/,America/New_York,13:00:00,SEED
2023-04-19,BAKER_HUGHES_RIG,BakerHughes,https://rigcount.bakerhughes.com/,America/New_York,13:00:00,SEED
2023-04-26,BAKER_HUGHES_RIG,BakerHughes,https://rigcount.bakerhughes.com/,America/New_York,13:00:00,SEED
2023-05-03,BAKER_HUGHES_RIG,BakerHughes,https://rigcount.bakerhughes.com/,America/New_York,13:00:00,SEED
2023-05-10,BAKER_HUGHES_RIG,BakerHughes,https://rigcount.bakerhughes.com/,America/New_York,13:00:00,SEED
2023-05-17,BAKER_HUGHES_RIG,BakerHughes,https://rigcount.bakerhughes.com/,America/New_York,13:00:00,SEED
2023-05-24,BAKER_HUGHES_RIG,BakerHughes,https://rigcount.bakerhughes.com/,America/New_York,13:00:00,SEED
2023-05-31,BAKER_HUGHES_RIG,BakerHughes,https://rigcount.bakerhughes.com/,America/New_York,13:00:00,SEED
2023-06-07,BAKER_HUGHES_RIG,BakerHughes,https://rigcount.bakerhughes.com/,America/New_York,13:00:00,SEED
2023-06-14,BAKER_HUGHES_RIG,BakerHughes,https://rigcount.bakerhughes.com/,America/New_York,13:00:00,SEED
2023-06-21,BAKER_HUGHES_RIG,BakerHughes,https://rigcount.bakerhughes.com/,America/New_York,13:00:00,SEED
2023-06-28,BAKER_HUGHES_RIG,BakerHughes,https://rigcount.bakerhughes.com/,America/New_York,13:00:00,SEED
2023-07-05,BAKER_HUGHES_RIG,BakerHughes,https://rigcount.bakerhughes.com/,America/New_York,13:00:00,SEED
2023-07-12,BAKER_HUGHES_RIG,BakerHughes,https://rigcount.bakerhughes.com/,America/New_York,13:00:00,SEED
2023-07-19,BAKER_HUGHES_RIG,BakerHughes,https://rigcount.bakerhughes.com/,America/New_York,13:00:00,SEED
2023-07-26,BAKER_HUGHES_RIG,BakerHughes,https://rigcount.bakerhughes.com/,America/New_York,13:00:00,SEED
2023-08-02,BAKER_HUGHES_RIG,BakerHughes,https://rigcount.bakerhughes.com/,America/New_York,13:00:00,SEED
2023-08-09,BAKER_HUGHES_RIG,BakerHughes,https://rigcount.bakerhughes.com/,America/New_York,13:00:00,SEED
2023-08-16,BAKER_HUGHES_RIG,BakerHughes,https://rigcount.bakerhughes.com/,America/New_York,13:00:00,SEED
2023-08-23,BAKER_HUGHES_RIG,BakerHughes,https://rigcount.bakerhughes.com/,America/New_York,13:00:00,SEED
2023-08-30,BAKER_HUGHES_RIG,BakerHughes,https://rigcount.bakerhughes.com/,America/New_York,13:00:00,SEED
2023-09-06,BAKER_HUGHES_RIG,BakerHughes,https://rigcount.bakerhughes.com/,America/New_York,13:00:00,SEED
2023-09-13,BAKER_HUGHES_RIG,BakerHughes,https://rigcount.bakerhughes.com/,America/New_York,13:00:00,SEED
2023-09-20,BAKER_HUGHES_RIG,BakerHughes,https://rigcount.bakerhughes.com/,America/New_York,13:00:00,SEED
2023-09-27,BAKER_HUGHES_RIG,BakerHughes,https://rigcount.bakerhughes.com/,America/New_York,13:00:00,SEED
2023-10-04,BAKER_HUGHES_RIG,BakerHughes,https://rigcount.bakerhughes.com/,America/New_York,13:00:00,SEED
2023-10-11,BAKER_HUGHES_RIG,BakerHughes,https://rigcount.bakerhughes.com/,America/New_York,13:00:00,SEED
2023-10-18,BAKER_HUGHES_RIG,BakerHughes,https://rigcount.bakerhughes.com/,America/New_York,13:00:00,SEED
2023-10-25,BAKER_HUGHES_RIG,BakerHughes,https://rigcount.bakerhughes.com/,America/New_York,13:00:00,SEED
2023-11-01,BAKER_HUGHES_RIG,BakerHughes,https://rigcount.bakerhughes.com/,America/New_York,13:00:00,SEED
2023-11-08,BAKER_HUGHES_RIG,BakerHughes,https://rigcount.bakerhughes.com/,America/New_York,13:00:00,SEED
2023-11-15,BAKER_HUGHES_RIG,BakerHughes,https://rigcount.bakerhughes.com/,America/New_York,13:00:00,SEED
2023-11-22,BAKER_HUGHES_RIG,BakerHughes,https://rigcount.bakerhughes.com/,America/New_York,13:00:00,SEED
2023-11-29,BAKER_HUGHES_RIG,BakerHughes,https://rigcount.bakerhughes.com/,America/New_York,13:00:00,SEED
2023-12-06,BAKER_HUGHES_RIG,BakerHughes,https://rigcount.bakerhughes.com/,America/New_York,13:00:00,SEED
2023-12-13,BAKER_HUGHES_RIG,BakerHughes,https://rigcount.bakerhughes.com/,America/New_York,13:00:00,SEED
2023-12-20,BAKER_HUGHES_RIG,BakerHughes,https://rigcount.bakerhughes.com/,America/New_York,13:00:00,SEED
2023-12-27,BAKER_HUGHES_RIG,BakerHughes,https://rigcount.bakerhughes.com/,America/New_York,13:00:00,SEED
2024-01-03,BAKER_HUGHES_RIG,BakerHughes,https://rigcount.bakerhughes.com/,America/New_York,13:00:00,SEED
2024-01-10,BAKER_HUGHES_RIG,BakerHughes,https://rigcount.bakerhughes.com/,America/New_York,13:00:00,SEED
2024-01-17,BAKER_HUGHES_RIG,BakerHughes,https://rigcount.bakerhughes.com/,America/New_York,13:00:00,SEED
2024-01-24,BAKER_HUGHES_RIG,BakerHughes,https://rigcount.bakerhughes.com/,America/New_York,13:00:00,SEED
2024-01-31,BAKER_HUGHES_RIG,BakerHughes,https://rigcount.bakerhughes.com/,America/New_York,13:00:00,SEED
2024-02-07,BAKER_HUGHES_RIG,BakerHughes,https://rigcount.bakerhughes.com/,America/New_York,13:00:00,SEED
2024-02-14,BAKER_HUGHES_RIG,BakerHughes,https://rigcount.bakerhughes.com/,America/New_York,13:00:00,SEED
2024-02-21,BAKER_HUGHES_RIG,BakerHughes,https://rigcount.bakerhughes.com/,America/New_York,13:00:00,SEED
2024-02-28,BAKER_HUGHES_RIG,BakerHughes,https://rigcount.bakerhughes.com/,America/New_York,13:00:00,SEED
2024-03-06,BAKER_HUGHES_RIG,BakerHughes,https://rigcount.bakerhughes.com/,America/New_York,13:00:00,SEED
2024-03-13,BAKER_HUGHES_RIG,BakerHughes,https://rigcount.bakerhughes.com/,America/New_York,13:00:00,SEED
2024-03-20,BAKER_HUGHES_RIG,BakerHughes,https://rigcount.bakerhughes.com/,America/New_York,13:00:00,SEED
2024-03-27,BAKER_HUGHES_RIG,BakerHughes,https://rigcount.bakerhughes.com/,America/New_York,13:00:00,SEED
2024-04-03,BAKER_HUGHES_RIG,BakerHughes,https://rigcount.bakerhughes.com/,America/New_York,13:00:00,SEED
2024-04-10,BAKER_HUGHES_RIG,BakerHughes,https://rigcount.bakerhughes.com/,America/New_York,13:00:00,SEED
2024-04-17,BAKER_HUGHES_RIG,BakerHughes,https://rigcount.bakerhughes.com/,America/New_York,13:00:00,SEED
2024-04-24,BAKER_HUGHES_RIG,BakerHughes,https://rigcount.bakerhughes.com/,America/New_York,13:00:00,SEED
2024-05-01,BAKER_HUGHES_RIG,BakerHughes,https://rigcount.bakerhughes.com/,America/New_York,13:00:00,SEED
2024-05-08,BAKER_HUGHES_RIG,BakerHughes,https://rigcount.bakerhughes.com/,America/New_York,13:00:00,SEED
2024-05-15,BAKER_HUGHES_RIG,BakerHughes,https://rigcount.bakerhughes.com/,America/New_York,13:00:00,SEED
2024-05-22,BAKER_HUGHES_RIG,BakerHughes,https://rigcount.bakerhughes.com/,America/New_York,13:00:00,SEED
2024-05-29,BAKER_HUGHES_RIG,BakerHughes,https://rigcount.bakerhughes.com/,America/New_York,13:00:00,SEED
2024-06-05,BAKER_HUGHES_RIG,BakerHughes,https://rigcount.bakerhughes.com/,America/New_York,13:00:00,SEED
2024-06-12,BAKER_HUGHES_RIG,BakerHughes,https://rigcount.bakerhughes.com/,America/New_York,13:00:00,SEED
2024-06-19,BAKER_HUGHES_RIG,BakerHughes,https://rigcount.bakerhughes.com/,America/New_York,13:00:00,SEED
2024-06-26,BAKER_HUGHES_RIG,BakerHughes,https://rigcount.bakerhughes.com/,America/New_York,13:00:00,SEED
2024-07-03,BAKER_HUGHES_RIG,BakerHughes,https://rigcount.bakerhughes.com/,America/New_York,13:00:00,SEED
2024-07-10,BAKER_HUGHES_RIG,BakerHughes,https://rigcount.bakerhughes.com/,America/New_York,13:00:00,SEED
2024-07-17,BAKER_HUGHES_RIG,BakerHughes,https://rigcount.bakerhughes.com/,America/New_York,13:00:00,SEED
2024-07-24,BAKER_HUGHES_RIG,BakerHughes,https://rigcount.bakerhughes.com/,America/New_York,13:00:00,SEED
2024-07-31,BAKER_HUGHES_RIG,BakerHughes,https://rigcount.bakerhughes.com/,America/New_York,13:00:00,SEED
2024-08-07,BAKER_HUGHES_RIG,BakerHughes,https://rigcount.bakerhughes.com/,America/New_York,13:00:00,SEED
2024-08-14,BAKER_HUGHES_RIG,BakerHughes,https://rigcount.bakerhughes.com/,America/New_York,13:00:00,SEED
2024-08-21,BAKER_HUGHES_RIG,BakerHughes,https://rigcount.bakerhughes.com/,America/New_York,13:00:00,SEED
2024-08-28,BAKER_HUGHES_RIG,BakerHughes,https://rigcount.bakerhughes.com/,America/New_York,13:00:00,SEED
2024-09-04,BAKER_HUGHES_RIG,BakerHughes,https://rigcount.bakerhughes.com/,America/New_York,13:00:00,SEED
2024-09-11,BAKER_HUGHES_RIG,BakerHughes,https://rigcount.bakerhughes.com/,America/New_York,13:00:00,SEED
2024-09-18,BAKER_HUGHES_RIG,BakerHughes,https://rigcount.bakerhughes.com/,America/New_York,13:00:00,SEED
2024-09-25,BAKER_HUGHES_RIG,BakerHughes,https://rigcount.bakerhughes.com/,America/New_York,13:00:00,SEED
2024-10-02,BAKER_HUGHES_RIG,BakerHughes,https://rigcount.bakerhughes.com/,America/New_York,13:00:00,SEED
2024-10-09,BAKER_HUGHES_RIG,BakerHughes,https://rigcount.bakerhughes.com/,America/New_York,13:00:00,SEED
2024-10-16,BAKER_HUGHES_RIG,BakerHughes,https://rigcount.bakerhughes.com/,America/New_York,13:00:00,SEED
2024-10-23,BAKER_HUGHES_RIG,BakerHughes,https://rigcount.bakerhughes.com/,America/New_York,13:00:00,SEED
2024-10-30,BAKER_HUGHES_RIG,BakerHughes,https://rigcount.bakerhughes.com/,America/New_York,13:00:00,SEED
2024-11-06,BAKER_HUGHES_RIG,BakerHughes,https://rigcount.bakerhughes.com/,America/New_York,13:00:00,SEED
2024-11-13,BAKER_HUGHES_RIG,BakerHughes,https://rigcount.bakerhughes.com/,America/New_York,13:00:00,SEED
2024-11-20,BAKER_HUGHES_RIG,BakerHughes,https://rigcount.bakerhughes.com/,America/New_York,13:00:00,SEED
2024-11-27,BAKER_HUGHES_RIG,BakerHughes,https://rigcount.bakerhughes.com/,America/New_York,13:00:00,SEED
2024-12-04,BAKER_HUGHES_RIG,BakerHughes,https://rigcount.bakerhughes.com/,America/New_York,13:00:00,SEED
2024-12-11,BAKER_HUGHES_RIG,BakerHughes,https://rigcount.bakerhughes.com/,America/New_York,13:00:00,SEED
2024-12-18,BAKER_HUGHES_RIG,BakerHughes,https://rigcount.bakerhughes.com/,America/New_York,13:00:00,SEED
2024-12-25,BAKER_HUGHES_RIG,BakerHughes,https://rigcount.bakerhughes.com/,America/New_York,13:00:00,SEED
2025-01-01,BAKER_HUGHES_RIG,BakerHughes,https://rigcount.bakerhughes.com/,America/New_York,13:00:00,SEED
2025-01-08,BAKER_HUGHES_RIG,BakerHughes,https://rigcount.bakerhughes.com/,America/New_York,13:00:00,SEED
2025-01-15,BAKER_HUGHES_RIG,BakerHughes,https://rigcount.bakerhughes.com/,America/New_York,13:00:00,SEED
2025-01-22,BAKER_HUGHES_RIG,BakerHughes,https://rigcount.bakerhughes.com/,America/New_York,13:00:00,SEED
2025-01-29,BAKER_HUGHES_RIG,BakerHughes,https://rigcount.bakerhughes.com/,America/New_York,13:00:00,SEED
2025-02-05,BAKER_HUGHES_RIG,BakerHughes,https://rigcount.bakerhughes.com/,America/New_York,13:00:00,SEED
2025-02-12,BAKER_HUGHES_RIG,BakerHughes,https://rigcount.bakerhughes.com/,America/New_York,13:00:00,SEED
2025-02-19,BAKER_HUGHES_RIG,BakerHughes,https://rigcount.bakerhughes.com/,America/New_York,13:00:00,SEED
2025-02-26,BAKER_HUGHES_RIG,BakerHughes,https://rigcount.bakerhughes.com/,America/New_York,13:00:00,SEED
2025-03-05,BAKER_HUGHES_RIG,BakerHughes,https://rigcount.bakerhughes.com/,America/New_York,13:00:00,SEED
2025-03-12,BAKER_HUGHES_RIG,BakerHughes,https://rigcount.bakerhughes.com/,America/New_York,13:00:00,SEED
2025-03-19,BAKER_HUGHES_RIG,BakerHughes,https://rigcount.bakerhughes.com/,America/New_York,13:00:00,SEED
2025-03-26,BAKER_HUGHES_RIG,BakerHughes,https://rigcount.bakerhughes.com/,America/New_York,13:00:00,SEED
2025-04-02,BAKER_HUGHES_RIG,BakerHughes,https://rigcount.bakerhughes.com/,America/New_York,13:00:00,SEED
2025-04-09,BAKER_HUGHES_RIG,BakerHughes,https://rigcount.bakerhughes.com/,America/New_York,13:00:00,SEED
2025-04-16,BAKER_HUGHES_RIG,BakerHughes,https://rigcount.bakerhughes.com/,America/New_York,13:00:00,SEED
2025-04-23,BAKER_HUGHES_RIG,BakerHughes,https://rigcount.bakerhughes.com/,America/New_York,13:00:00,SEED
2025-04-30,BAKER_HUGHES_RIG,BakerHughes,https://rigcount.bakerhughes.com/,America/New_York,13:00:00,SEED
2025-05-07,BAKER_HUGHES_RIG,BakerHughes,https://rigcount.bakerhughes.com/,America/New_York,13:00:00,SEED
2025-05-14,BAKER_HUGHES_RIG,BakerHughes,https://rigcount.bakerhughes.com/,America/New_York,13:00:00,SEED
2025-05-21,BAKER_HUGHES_RIG,BakerHughes,https://rigcount.bakerhughes.com/,America/New_York,13:00:00,SEED
2025-05-28,BAKER_HUGHES_RIG,BakerHughes,https://rigcount.bakerhughes.com/,America/New_York,13:00:00,SEED
2025-06-04,BAKER_HUGHES_RIG,BakerHughes,https://rigcount.bakerhughes.com/,America/New_York,13:00:00,SEED
2025-06-11,BAKER_HUGHES_RIG,BakerHughes,https://rigcount.bakerhughes.com/,America/New_York,13:00:00,SEED
2025-06-18,BAKER_HUGHES_RIG,BakerHughes,https://rigcount.bakerhughes.com/,America/New_York,13:00:00,SEED
2025-06-25,BAKER_HUGHES_RIG,BakerHughes,https://rigcount.bakerhughes.com/,America/New_York,13:00:00,SEED
2025-07-02,BAKER_HUGHES_RIG,BakerHughes,https://rigcount.bakerhughes.com/,America/New_York,13:00:00,SEED
2025-07-09,BAKER_HUGHES_RIG,BakerHughes,https://rigcount.bakerhughes.com/,America/New_York,13:00:00,SEED
2025-07-16,BAKER_HUGHES_RIG,BakerHughes,https://rigcount.bakerhughes.com/,America/New_York,13:00:00,SEED
2025-07-23,BAKER_HUGHES_RIG,BakerHughes,https://rigcount.bakerhughes.com/,America/New_York,13:00:00,SEED
2025-07-30,BAKER_HUGHES_RIG,BakerHughes,https://rigcount.bakerhughes.com/,America/New_York,13:00:00,SEED
2025-08-06,BAKER_HUGHES_RIG,BakerHughes,https://rigcount.bakerhughes.com/,America/New_York,13:00:00,SEED
2025-08-13,BAKER_HUGHES_RIG,BakerHughes,https://rigcount.bakerhughes.com/,America/New_York,13:00:00,SEED
2025-08-20,BAKER_HUGHES_RIG,BakerHughes,https://rigcount.bakerhughes.com/,America/New_York,13:00:00,SEED
2025-08-27,BAKER_HUGHES_RIG,BakerHughes,https://rigcount.bakerhughes.com/,America/New_York,13:00:00,SEED
2025-09-03,BAKER_HUGHES_RIG,BakerHughes,https://rigcount.bakerhughes.com/,America/New_York,13:00:00,SEED
2025-09-10,BAKER_HUGHES_RIG,BakerHughes,https://rigcount.bakerhughes.com/,America/New_York,13:00:00,SEED
2025-09-17,BAKER_HUGHES_RIG,BakerHughes,https://rigcount.bakerhughes.com/,America/New_York,13:00:00,SEED
2025-09-24,BAKER_HUGHES_RIG,BakerHughes,https://rigcount.bakerhughes.com/,America/New_York,13:00:00,SEED
2025-10-01,BAKER_HUGHES_RIG,BakerHughes,https://rigcount.bakerhughes.com/,America/New_York,13:00:00,SEED
2025-10-08,BAKER_HUGHES_RIG,BakerHughes,https://rigcount.bakerhughes.com/,America/New_York,13:00:00,SEED
2025-10-15,BAKER_HUGHES_RIG,BakerHughes,https://rigcount.bakerhughes.com/,America/New_York,13:00:00,SEED
2025-10-22,BAKER_HUGHES_RIG,BakerHughes,https://rigcount.bakerhughes.com/,America/New_York,13:00:00,SEED
2025-10-29,BAKER_HUGHES_RIG,BakerHughes,https://rigcount.bakerhughes.com/,America/New_York,13:00:00,SEED
2025-11-05,BAKER_HUGHES_RIG,BakerHughes,https://rigcount.bakerhughes.com/,America/New_York,13:00:00,SEED
2025-11-12,BAKER_HUGHES_RIG,BakerHughes,https://rigcount.bakerhughes.com/,America/New_York,13:00:00,SEED
2025-11-19,BAKER_HUGHES_RIG,BakerHughes,https://rigcount.bakerhughes.com/,America/New_York,13:00:00,SEED
2025-11-26,BAKER_HUGHES_RIG,BakerHughes,https://rigcount.bakerhughes.com/,America/New_York,13:00:00,SEED
2025-12-03,BAKER_HUGHES_RIG,BakerHughes,https://rigcount.bakerhughes.com/,America/New_York,13:00:00,SEED
2025-12-10,BAKER_HUGHES_RIG,BakerHughes,https://rigcount.bakerhughes.com/,America/New_York,13:00:00,SEED
2025-12-17,BAKER_HUGHES_RIG,BakerHughes,https://rigcount.bakerhughes.com/,America/New_York,13:00:00,SEED
2025-12-24,BAKER_HUGHES_RIG,BakerHughes,https://rigcount.bakerhughes.com/,America/New_York,13:00:00,SEED
2025-12-31,BAKER_HUGHES_RIG,BakerHughes,https://rigcount.bakerhughes.com/,America/New_York,13:00:00,SEED
2026-01-07,BAKER_HUGHES_RIG,BakerHughes,https://rigcount.bakerhughes.com/,America/New_York,13:00:00,SEED
2026-01-14,BAKER_HUGHES_RIG,BakerHughes,https://rigcount.bakerhughes.com/,America/New_York,13:00:00,SEED
2026-01-21,BAKER_HUGHES_RIG,BakerHughes,https://rigcount.bakerhughes.com/,America/New_York,13:00:00,SEED
2026-01-28,BAKER_HUGHES_RIG,BakerHughes,https://rigcount.bakerhughes.com/,America/New_York,13:00:00,SEED
2026-02-04,BAKER_HUGHES_RIG,BakerHughes,https://rigcount.bakerhughes.com/,America/New_York,13:00:00,SEED
2026-02-11,BAKER_HUGHES_RIG,BakerHughes,https://rigcount.bakerhughes.com/,America/New_York,13:00:00,SEED
2026-02-18,BAKER_HUGHES_RIG,BakerHughes,https://rigcount.bakerhughes.com/,America/New_York,13:00:00,SEED
2026-02-25,BAKER_HUGHES_RIG,BakerHughes,https://rigcount.bakerhughes.com/,America/New_York,13:00:00,SEED
2026-03-04,BAKER_HUGHES_RIG,BakerHughes,https://rigcount.bakerhughes.com/,America/New_York,13:00:00,SEED
2026-03-11,BAKER_HUGHES_RIG,BakerHughes,https://rigcount.bakerhughes.com/,America/New_York,13:00:00,SEED
2026-03-18,BAKER_HUGHES_RIG,BakerHughes,https://rigcount.bakerhughes.com/,America/New_York,13:00:00,SEED
2026-03-25,BAKER_HUGHES_RIG,BakerHughes,https://rigcount.bakerhughes.com/,America/New_York,13:00:00,SEED
2026-04-01,BAKER_HUGHES_RIG,BakerHughes,https://rigcount.bakerhughes.com/,America/New_York,13:00:00,SEED
2026-04-08,BAKER_HUGHES_RIG,BakerHughes,https://rigcount.bakerhughes.com/,America/New_York,13:00:00,SEED
2026-04-15,BAKER_HUGHES_RIG,BakerHughes,https://rigcount.bakerhughes.com/,America/New_York,13:00:00,SEED
2026-04-22,BAKER_HUGHES_RIG,BakerHughes,https://rigcount.bakerhughes.com/,America/New_York,13:00:00,SEED
2026-04-29,BAKER_HUGHES_RIG,BakerHughes,https://rigcount.bakerhughes.com/,America/New_York,13:00:00,SEED
2026-05-06,BAKER_HUGHES_RIG,BakerHughes,https://rigcount.bakerhughes.com/,America/New_York,13:00:00,SEED
2026-05-13,BAKER_HUGHES_RIG,BakerHughes,https://rigcount.bakerhughes.com/,America/New_York,13:00:00,SEED
2026-05-20,BAKER_HUGHES_RIG,BakerHughes,https://rigcount.bakerhughes.com/,America/New_York,13:00:00,SEED
2026-05-27,BAKER_HUGHES_RIG,BakerHughes,https://rigcount.bakerhughes.com/,America/New_York,13:00:00,SEED
2026-06-03,BAKER_HUGHES_RIG,BakerHughes,https://rigcount.bakerhughes.com/,America/New_York,13:00:00,SEED
2026-06-10,BAKER_HUGHES_RIG,BakerHughes,https://rigcount.bakerhughes.com/,America/New_York,13:00:00,SEED
2026-06-17,BAKER_HUGHES_RIG,BakerHughes,https://rigcount.bakerhughes.com/,America/New_York,13:00:00,SEED
2026-06-24,BAKER_HUGHES_RIG,BakerHughes,https://rigcount.bakerhughes.com/,America/New_York,13:00:00,SEED
2026-07-01,BAKER_HUGHES_RIG,BakerHughes,https://rigcount.bakerhughes.com/,America/New_York,13:00:00,SEED
2026-07-08,BAKER_HUGHES_RIG,BakerHughes,https://rigcount.bakerhughes.com/,America/New_York,13:00:00,SEED
2026-07-15,BAKER_HUGHES_RIG,BakerHughes,https://rigcount.bakerhughes.com/,America/New_York,13:00:00,SEED
2026-07-22,BAKER_HUGHES_RIG,BakerHughes,https://rigcount.bakerhughes.com/,America/New_York,13:00:00,SEED
2026-07-29,BAKER_HUGHES_RIG,BakerHughes,https://rigcount.bakerhughes.com/,America/New_York,13:00:00,SEED
2026-08-05,BAKER_HUGHES_RIG,BakerHughes,https://rigcount.bakerhughes.com/,America/New_York,13:00:00,SEED
2026-08-12,BAKER_HUGHES_RIG,BakerHughes,https://rigcount.bakerhughes.com/,America/New_York,13:00:00,SEED
2026-08-19,BAKER_HUGHES_RIG,BakerHughes,https://rigcount.bakerhughes.com/,America/New_York,13:00:00,SEED
2026-08-26,BAKER_HUGHES_RIG,BakerHughes,https://rigcount.bakerhughes.com/,America/New_York,13:00:00,SEED
2026-09-02,BAKER_HUGHES_RIG,BakerHughes,https://rigcount.bakerhughes.com/,America/New_York,13:00:00,SEED
2026-09-09,BAKER_HUGHES_RIG,BakerHughes,https://rigcount.bakerhughes.com/,America/New_York,13:00:00,SEED
2026-09-16,BAKER_HUGHES_RIG,BakerHughes,https://rigcount.bakerhughes.com/,America/New_York,13:00:00,SEED
2026-09-23,BAKER_HUGHES_RIG,BakerHughes,https://rigcount.bakerhughes.com/,America/New_York,13:00:00,SEED
2026-09-30,BAKER_HUGHES_RIG,BakerHughes,https://rigcount.bakerhughes.com/,America/New_York,13:00:00,SEED
2026-10-07,BAKER_HUGHES_RIG,BakerHughes,https://rigcount.bakerhughes.com/,America/New_York,13:00:00,SEED
2026-10-14,BAKER_HUGHES_RIG,BakerHughes,https://rigcount.bakerhughes.com/,America/New_York,13:00:00,SEED
2026-10-21,BAKER_HUGHES_RIG,BakerHughes,https://rigcount.bakerhughes.com/,America/New_York,13:00:00,SEED
2026-10-28,BAKER_HUGHES_RIG,BakerHughes,https://rigcount.bakerhughes.com/,America/New_York,13:00:00,SEED
2026-11-04,BAKER_HUGHES_RIG,BakerHughes,https://rigcount.bakerhughes.com/,America/New_York,13:00:00,SEED
2026-11-11,BAKER_HUGHES_RIG,BakerHughes,https://rigcount.bakerhughes.com/,America/New_York,13:00:00,SEED
2026-11-18,BAKER_HUGHES_RIG,BakerHughes,https://rigcount.bakerhughes.com/,America/New_York,13:00:00,SEED
2026-11-25,BAKER_HUGHES_RIG,BakerHughes,https://rigcount.bakerhughes.com/,America/New_York,13:00:00,SEED
2026-12-02,BAKER_HUGHES_RIG,BakerHughes,https://rigcount.bakerhughes.com/,America/New_York,13:00:00,SEED
2026-12-09,BAKER_HUGHES_RIG,BakerHughes,https://rigcount.bakerhughes.com/,America/New_York,13:00:00,SEED
2026-12-16,BAKER_HUGHES_RIG,BakerHughes,https://rigcount.bakerhughes.com/,America/New_York,13:00:00,SEED
2026-12-23,BAKER_HUGHES_RIG,BakerHughes,https://rigcount.bakerhughes.com/,America/New_York,13:00:00,SEED
2026-12-30,BAKER_HUGHES_RIG,BakerHughes,https://rigcount.bakerhughes.com/,America/New_York,13:00:00,SEED
